WP_100526537.1#43|Paenibacillus_sp__GM1FR	393	+	+	0	-2808	-2416	35080	35472	WP_133120406.1#43	NZ_MKZL01000004.1	GCF_002803315.1
WP_100526537.1#43|Paenibacillus_sp__GM1FR	735	+	+	0	-2391	-1657	35497	36231	WP_076329400.1#43	NZ_MKZL01000004.1	GCF_002803315.1
WP_100526537.1#43|Paenibacillus_sp__GM1FR	342	+	-	3	-1576	-1235	36312	36653	WP_076253421.1#43	NZ_MKZL01000004.1	GCF_002803315.1
WP_100526537.1#43|Paenibacillus_sp__GM1FR	516	+	+	0	-1093	-578	36795	37310	WP_100526536.1#43	NZ_MKZL01000004.1	GCF_002803315.1
WP_100526537.1#43|Paenibacillus_sp__GM1FR	1116	+	+	44	1	1116	37889	39004	WP_100526537.1#43	NZ_MKZL01000004.1	GCF_002803315.1
WP_100526537.1#43|Paenibacillus_sp__GM1FR	312	+	+	1	1129	1440	39017	39328	WP_047841781.1#43	NZ_MKZL01000004.1	GCF_002803315.1
WP_100526537.1#43|Paenibacillus_sp__GM1FR	639	+	+	0	1641	2279	39529	40167	WP_133120407.1#43	NZ_MKZL01000004.1	GCF_002803315.1
WP_100526537.1#43|Paenibacillus_sp__GM1FR	243	+	+	0	2292	2534	40180	40422	WP_165789810.1#43	NZ_MKZL01000004.1	GCF_002803315.1
WP_100526537.1#43|Paenibacillus_sp__GM1FR	450	+	+	0	2531	2980	40419	40868	WP_100526540.1#43	NZ_MKZL01000004.1	GCF_002803315.1



WP_291750403.1#16|uncultured_Clostridium_sp_	375	+	+	1	-1182	-808	81	455	WP_294196095.1#16	NZ_CAPIWS010000035.1	GCF_948635495.1
WP_291750403.1#16|uncultured_Clostridium_sp_	213	+	+	0	-724	-512	539	751	WP_294196092.1#16	NZ_CAPIWS010000035.1	GCF_948635495.1
WP_291750403.1#16|uncultured_Clostridium_sp_	216	+	+	0	-260	-45	1003	1218	WP_304857918.1#16	NZ_CAPIWS010000035.1	GCF_948635495.1
WP_291750403.1#16|uncultured_Clostridium_sp_	855	+	+	44	1	855	1264	2118	WP_291750403.1#16	NZ_CAPIWS010000035.1	GCF_948635495.1
WP_291750403.1#16|uncultured_Clostridium_sp_	366	+	+	1	855	1220	2118	2483	WP_291750404.1#16	NZ_CAPIWS010000035.1	GCF_948635495.1
WP_291750403.1#16|uncultured_Clostridium_sp_	315	+	+	0	1720	2034	2983	3297	WP_291750405.1#16	NZ_CAPIWS010000035.1	GCF_948635495.1



WP_123063861.1#7|Paenibacillus_amylolyticus	1701	+	+	0	-3287	-1587	71094	72794	WP_123063859.1#7	NZ_RIAS01000004.1	GCF_003719335.1
WP_123063861.1#7|Paenibacillus_amylolyticus	354	+	-	3	-1510	-1157	72871	73224	WP_123063860.1#7	NZ_RIAS01000004.1	GCF_003719335.1
WP_123063861.1#7|Paenibacillus_amylolyticus	429	+	+	0	-993	-565	73388	73816	WP_240036734.1#7	NZ_RIAS01000004.1	GCF_003719335.1
WP_123063861.1#7|Paenibacillus_amylolyticus	486	+	+	0	-676	-191	73705	74190	WP_240036736.1#7	NZ_RIAS01000004.1	GCF_003719335.1
WP_123063861.1#7|Paenibacillus_amylolyticus	1224	+	+	44	1	1224	74382	75605	WP_123063861.1#7	NZ_RIAS01000004.1	GCF_003719335.1
WP_123063861.1#7|Paenibacillus_amylolyticus	300	+	+	1	1244	1543	75625	75924	WP_123063862.1#7	NZ_RIAS01000004.1	GCF_003719335.1
WP_123063861.1#7|Paenibacillus_amylolyticus	603	+	+	27	1558	2160	75939	76541	WP_123063863.1#7	NZ_RIAS01000004.1	GCF_003719335.1
WP_123063861.1#7|Paenibacillus_amylolyticus	492	+	+	0	2213	2704	76594	77085	WP_123063864.1#7	NZ_RIAS01000004.1	GCF_003719335.1
WP_123063861.1#7|Paenibacillus_amylolyticus	438	+	+	31	2713	3150	77094	77531	WP_123063865.1#7	NZ_RIAS01000004.1	GCF_003719335.1



WP_274714053.1#49|Xenorhabdus_bovienii	668	+	+	44	1	668	1	668	WP_274714053.1#49	NZ_JAILSS010000224.1	GCF_028863225.1
WP_274714053.1#49|Xenorhabdus_bovienii	618	+	+	0	684	1301	684	1301	WP_274714054.1#49	NZ_JAILSS010000224.1	GCF_028863225.1
WP_274714053.1#49|Xenorhabdus_bovienii	186	+	-	0	1400	1585	1400	1585	WP_274714055.1#49	NZ_JAILSS010000224.1	GCF_028863225.1
WP_274714053.1#49|Xenorhabdus_bovienii	147	+	+	0	1524	1670	1524	1670	WP_421692494.1#49	NZ_JAILSS010000224.1	GCF_028863225.1



WP_252371108.1#15|Paenilisteria_newyorkensis	1341	+	-	0	-2711	-1371	76716	78056	WP_137657446.1#15	NZ_BJEY01000008.1	GCF_005405625.1
WP_252371108.1#15|Paenilisteria_newyorkensis	294	+	+	0	-1163	-870	78264	78557	WP_137657447.1#15	NZ_BJEY01000008.1	GCF_005405625.1
WP_252371108.1#15|Paenilisteria_newyorkensis	315	+	+	0	-848	-534	78579	78893	WP_137657448.1#15	NZ_BJEY01000008.1	GCF_005405625.1
WP_252371108.1#15|Paenilisteria_newyorkensis	468	+	+	30	-547	-80	78880	79347	WP_137657449.1#15	NZ_BJEY01000008.1	GCF_005405625.1
WP_252371108.1#15|Paenilisteria_newyorkensis	873	+	+	44	1	873	79428	80300	WP_252371108.1#15	NZ_BJEY01000008.1	GCF_005405625.1
WP_252371108.1#15|Paenilisteria_newyorkensis	312	+	+	1	895	1206	80322	80633	WP_137657450.1#15	NZ_BJEY01000008.1	GCF_005405625.1
WP_252371108.1#15|Paenilisteria_newyorkensis	972	+	-	0	1320	2291	80747	81718	WP_137657451.1#15	NZ_BJEY01000008.1	GCF_005405625.1
WP_252371108.1#15|Paenilisteria_newyorkensis	1608	+	-	0	2602	4209	82029	83636	WP_137657452.1#15	NZ_BJEY01000008.1	GCF_005405625.1
WP_252371108.1#15|Paenilisteria_newyorkensis	192	+	+	0	4537	4728	83964	84155	WP_373862725.1#15	NZ_BJEY01000008.1	GCF_005405625.1



WP_311773481.1#23|Listeria_cossartiae_subsp__cossartiae	600	-	+	0	-4767	-4168	1119126	1119725	WP_185588298.1#23	NZ_JAASWP010000001.1	GCF_014227775.1
WP_311773481.1#23|Listeria_cossartiae_subsp__cossartiae	1167	-	-	0	-4145	-2979	1117937	1119103	WP_185605770.1#23	NZ_JAASWP010000001.1	GCF_014227775.1
WP_311773481.1#23|Listeria_cossartiae_subsp__cossartiae	1170	-	+	0	-2829	-1660	1116618	1117787	WP_185391347.1#23	NZ_JAASWP010000001.1	GCF_014227775.1
WP_311773481.1#23|Listeria_cossartiae_subsp__cossartiae	1287	-	+	0	-1473	-187	1115145	1116431	WP_185605769.1#23	NZ_JAASWP010000001.1	GCF_014227775.1
WP_311773481.1#23|Listeria_cossartiae_subsp__cossartiae	1386	-	+	44	1	1386	1113572	1114957	WP_311773481.1#23	NZ_JAASWP010000001.1	GCF_014227775.1
WP_311773481.1#23|Listeria_cossartiae_subsp__cossartiae	309	-	+	1	1403	1711	1113247	1113555	WP_185605768.1#23	NZ_JAASWP010000001.1	GCF_014227775.1
WP_311773481.1#23|Listeria_cossartiae_subsp__cossartiae	534	-	-	0	1920	2453	1112505	1113038	WP_185605767.1#23	NZ_JAASWP010000001.1	GCF_014227775.1
WP_311773481.1#23|Listeria_cossartiae_subsp__cossartiae	216	-	-	3	2509	2724	1112234	1112449	WP_185577590.1#23	NZ_JAASWP010000001.1	GCF_014227775.1
WP_311773481.1#23|Listeria_cossartiae_subsp__cossartiae	549	-	-	0	2740	3288	1111670	1112218	WP_185605766.1#23	NZ_JAASWP010000001.1	GCF_014227775.1



WP_306475044.1#21|Bacillus_pseudomycoides	204	-	-	46	-2621	-2418	10372	10575	pseudogene_21.0*#21	NZ_NVOO01000123.1	GCF_002552575.1
WP_306475044.1#21|Bacillus_pseudomycoides	132	-	-	0	-2391	-2260	10214	10345	WP_016115508.1#21	NZ_NVOO01000123.1	GCF_002552575.1
WP_306475044.1#21|Bacillus_pseudomycoides	1380	-	+	25	-2039	-660	8614	9993	WP_097848950.1#21	NZ_NVOO01000123.1	GCF_002552575.1
WP_306475044.1#21|Bacillus_pseudomycoides	468	-	-	0	-577	-110	8064	8531	WP_257129052.1#21	NZ_NVOO01000123.1	GCF_002552575.1
WP_306475044.1#21|Bacillus_pseudomycoides	438	-	+	44	1	438	7516	7953	WP_306475044.1#21	NZ_NVOO01000123.1	GCF_002552575.1
WP_306475044.1#21|Bacillus_pseudomycoides	138	-	+	0	1006	1143	6811	6948	WP_257129113.1#21	NZ_NVOO01000123.1	GCF_002552575.1
WP_306475044.1#21|Bacillus_pseudomycoides	162	-	+	0	1213	1374	6580	6741	WP_257129114.1#21	NZ_NVOO01000123.1	GCF_002552575.1
WP_306475044.1#21|Bacillus_pseudomycoides	342	-	+	0	1737	2078	5876	6217	WP_097850169.1#21	NZ_NVOO01000123.1	GCF_002552575.1
WP_306475044.1#21|Bacillus_pseudomycoides	672	-	+	0	2579	3250	4704	5375	WP_257131386.1#21	NZ_NVOO01000123.1	GCF_002552575.1



WP_240422394.1#24|Listeria_costaricensis	429	+	+	31	-2532	-2104	6780	7208	WP_240422392.1#24	NZ_FXUT01000038.1	GCF_900183385.1
WP_240422394.1#24|Listeria_costaricensis	573	+	+	0	-1785	-1213	7527	8099	WP_162921804.1#24	NZ_FXUT01000038.1	GCF_900183385.1
WP_240422394.1#24|Listeria_costaricensis	576	+	+	0	-1211	-636	8101	8676	WP_099225423.1#24	NZ_FXUT01000038.1	GCF_900183385.1
WP_240422394.1#24|Listeria_costaricensis	426	+	+	32	-667	-242	8645	9070	WP_240422393.1#24	NZ_FXUT01000038.1	GCF_900183385.1
WP_240422394.1#24|Listeria_costaricensis	807	+	+	44	1	807	9313	10119	WP_240422394.1#24	NZ_FXUT01000038.1	GCF_900183385.1
WP_240422394.1#24|Listeria_costaricensis	312	+	+	1	828	1139	10140	10451	WP_099225427.1#24	NZ_FXUT01000038.1	GCF_900183385.1
WP_240422394.1#24|Listeria_costaricensis	522	+	+	0	1462	1983	10774	11295	WP_162921805.1#24	NZ_FXUT01000038.1	GCF_900183385.1
WP_240422394.1#24|Listeria_costaricensis	189	+	+	0	1952	2140	11264	11452	WP_099225431.1#24	NZ_FXUT01000038.1	GCF_900183385.1
WP_240422394.1#24|Listeria_costaricensis	480	+	+	0	2525	3004	11837	12316	WP_099225433.1#24	NZ_FXUT01000038.1	GCF_900183385.1



WP_051933854.1#2|Carnobacterium_gallinarum_DSM_4847	858	-	+	0	-3498	-2641	413080	413937	WP_034560506.1#2	NZ_JQLU01000005.1	GCF_000744375.1
WP_051933854.1#2|Carnobacterium_gallinarum_DSM_4847	1407	-	+	0	-2514	-1108	411547	412953	WP_034560503.1#2	NZ_JQLU01000005.1	GCF_000744375.1
WP_051933854.1#2|Carnobacterium_gallinarum_DSM_4847	285	-	+	0	-637	-353	410792	411076	WP_034560502.1#2	NZ_JQLU01000005.1	GCF_000744375.1
WP_051933854.1#2|Carnobacterium_gallinarum_DSM_4847	360	-	+	0	-348	11	410428	410787	WP_034560500.1#2	NZ_JQLU01000005.1	GCF_000744375.1
WP_051933854.1#2|Carnobacterium_gallinarum_DSM_4847	1500	-	+	44	1	1500	408939	410438	WP_051933854.1#2	NZ_JQLU01000005.1	GCF_000744375.1
WP_051933854.1#2|Carnobacterium_gallinarum_DSM_4847	285	-	+	1	1544	1828	408611	408895	WP_169741030.1#2	NZ_JQLU01000005.1	GCF_000744375.1
WP_051933854.1#2|Carnobacterium_gallinarum_DSM_4847	201	-	+	32	2012	2212	408227	408427	WP_034564883.1#2	NZ_JQLU01000005.1	GCF_000744375.1
WP_051933854.1#2|Carnobacterium_gallinarum_DSM_4847	318	-	+	0	2579	2896	407543	407860	WP_034560496.1#2	NZ_JQLU01000005.1	GCF_000744375.1
WP_051933854.1#2|Carnobacterium_gallinarum_DSM_4847	339	-	+	0	2896	3234	407205	407543	WP_084679800.1#2	NZ_JQLU01000005.1	GCF_000744375.1



WP_165000287.1#9|Anaerophilus_nitritigenes	384	+	+	0	-4449	-4066	3561	3944	WP_129596017.1#9	NZ_RYYS01000016.1	GCF_004138215.1
WP_165000287.1#9|Anaerophilus_nitritigenes	642	+	+	4	-3688	-3047	4322	4963	WP_129596018.1#9	NZ_RYYS01000016.1	GCF_004138215.1
WP_165000287.1#9|Anaerophilus_nitritigenes	1293	+	+	7	-3050	-1758	4960	6252	WP_129596019.1#9	NZ_RYYS01000016.1	GCF_004138215.1
WP_165000287.1#9|Anaerophilus_nitritigenes	1563	+	+	6	-1554	8	6456	8018	WP_129596020.1#9	NZ_RYYS01000016.1	GCF_004138215.1
WP_165000287.1#9|Anaerophilus_nitritigenes	1695	+	+	44	1	1695	8011	9705	WP_165000287.1#9	NZ_RYYS01000016.1	GCF_004138215.1
WP_165000287.1#9|Anaerophilus_nitritigenes	333	+	+	1	1688	2020	9698	10030	WP_129596022.1#9	NZ_RYYS01000016.1	GCF_004138215.1
WP_165000287.1#9|Anaerophilus_nitritigenes	1251	+	+	5	2261	3511	10271	11521	WP_129596023.1#9	NZ_RYYS01000016.1	GCF_004138215.1
WP_165000287.1#9|Anaerophilus_nitritigenes	954	+	+	18	3530	4483	11540	12493	WP_129596024.1#9	NZ_RYYS01000016.1	GCF_004138215.1
WP_165000287.1#9|Anaerophilus_nitritigenes	237	+	+	0	4497	4733	12507	12743	WP_129596025.1#9	NZ_RYYS01000016.1	GCF_004138215.1



WP_147644177.1#8|Porcipelethomonas_ammoniilytica	438	-	+	0	-4236	-3799	11719	12156	WP_147644181.1#8	NZ_JAOQKH010000024.1	GCF_025567485.1
WP_147644177.1#8|Porcipelethomonas_ammoniilytica	429	-	+	0	-3363	-2935	10855	11283	WP_147644180.1#8	NZ_JAOQKH010000024.1	GCF_025567485.1
WP_147644177.1#8|Porcipelethomonas_ammoniilytica	1428	-	+	10	-2945	-1518	9438	10865	WP_147644179.1#8	NZ_JAOQKH010000024.1	GCF_025567485.1
WP_147644177.1#8|Porcipelethomonas_ammoniilytica	1518	-	+	6	-1521	-4	7924	9441	WP_147644178.1#8	NZ_JAOQKH010000024.1	GCF_025567485.1
WP_147644177.1#8|Porcipelethomonas_ammoniilytica	1596	-	+	44	1	1596	6324	7919	WP_147644177.1#8	NZ_JAOQKH010000024.1	GCF_025567485.1
WP_147644177.1#8|Porcipelethomonas_ammoniilytica	255	-	+	1	1610	1864	6056	6310	WP_147644176.1#8	NZ_JAOQKH010000024.1	GCF_025567485.1
WP_147644177.1#8|Porcipelethomonas_ammoniilytica	147	-	+	0	1921	2067	5853	5999	WP_178085124.1#8	NZ_JAOQKH010000024.1	GCF_025567485.1
WP_147644177.1#8|Porcipelethomonas_ammoniilytica	1188	-	+	5	2271	3458	4462	5649	WP_147644175.1#8	NZ_JAOQKH010000024.1	GCF_025567485.1
WP_147644177.1#8|Porcipelethomonas_ammoniilytica	972	-	+	18	3474	4445	3475	4446	WP_147644174.1#8	NZ_JAOQKH010000024.1	GCF_025567485.1



WP_206458693.1#65|Anaerovorax_sp__IOR16	552	+	+	20	-4276	-3725	310565	311116	WP_206458690.1#65	NZ_JADQTL010000009.1	GCF_017168145.1
WP_206458693.1#65|Anaerovorax_sp__IOR16	717	+	+	4	-3668	-2952	311173	311889	WP_206458691.1#65	NZ_JADQTL010000009.1	GCF_017168145.1
WP_206458693.1#65|Anaerovorax_sp__IOR16	1431	+	+	10	-2968	-1538	311873	313303	WP_330634578.1#65	NZ_JADQTL010000009.1	GCF_017168145.1
WP_206458693.1#65|Anaerovorax_sp__IOR16	1536	+	+	6	-1538	-3	313303	314838	WP_206458692.1#65	NZ_JADQTL010000009.1	GCF_017168145.1
WP_206458693.1#65|Anaerovorax_sp__IOR16	1614	+	+	44	1	1614	314842	316455	WP_206458693.1#65	NZ_JADQTL010000009.1	GCF_017168145.1
WP_206458693.1#65|Anaerovorax_sp__IOR16	252	+	+	1	1611	1862	316452	316703	WP_206458694.1#65	NZ_JADQTL010000009.1	GCF_017168145.1
WP_206458693.1#65|Anaerovorax_sp__IOR16	243	+	+	0	2065	2307	316906	317148	WP_206458695.1#65	NZ_JADQTL010000009.1	GCF_017168145.1
WP_206458693.1#65|Anaerovorax_sp__IOR16	171	+	+	0	2310	2480	317151	317321	WP_206458696.1#65	NZ_JADQTL010000009.1	GCF_017168145.1
WP_206458693.1#65|Anaerovorax_sp__IOR16	1323	+	+	5	2544	3866	317385	318707	WP_206458697.1#65	NZ_JADQTL010000009.1	GCF_017168145.1



WP_283682691.1#70|Parablautia_sp__Marseille_Q6255	522	-	+	20	-4462	-3941	24790	25311	WP_283682696.1#70	NZ_CATNVD010000010.1	GCF_951230155.1
WP_283682691.1#70|Parablautia_sp__Marseille_Q6255	795	-	+	4	-3849	-3055	23904	24698	WP_283682694.1#70	NZ_CATNVD010000010.1	GCF_951230155.1
WP_283682691.1#70|Parablautia_sp__Marseille_Q6255	1473	-	+	10	-3062	-1590	22439	23911	WP_283682693.1#70	NZ_CATNVD010000010.1	GCF_951230155.1
WP_283682691.1#70|Parablautia_sp__Marseille_Q6255	1581	-	+	6	-1584	-4	20853	22433	WP_283682692.1#70	NZ_CATNVD010000010.1	GCF_951230155.1
WP_283682691.1#70|Parablautia_sp__Marseille_Q6255	1581	-	+	44	1	1581	19268	20848	WP_283682691.1#70	NZ_CATNVD010000010.1	GCF_951230155.1
WP_283682691.1#70|Parablautia_sp__Marseille_Q6255	246	-	+	1	1584	1829	19020	19265	WP_283682690.1#70	NZ_CATNVD010000010.1	GCF_951230155.1
WP_283682691.1#70|Parablautia_sp__Marseille_Q6255	1263	-	+	5	1928	3190	17659	18921	WP_283682688.1#70	NZ_CATNVD010000010.1	GCF_951230155.1
WP_283682691.1#70|Parablautia_sp__Marseille_Q6255	930	-	+	18	3211	4140	16709	17638	WP_283682687.1#70	NZ_CATNVD010000010.1	GCF_951230155.1
WP_283682691.1#70|Parablautia_sp__Marseille_Q6255	381	-	+	0	4153	4533	16316	16696	WP_283682686.1#70	NZ_CATNVD010000010.1	GCF_951230155.1



WP_300782047.1#17|uncultured_Acetatifactor_sp_	522	+	+	20	-4577	-4056	17463	17984	WP_300781958.1#17	NZ_CATAZA010000055.1	GCF_949501175.1
WP_300782047.1#17|uncultured_Acetatifactor_sp_	795	+	+	4	-3957	-3163	18083	18877	WP_300781955.1#17	NZ_CATAZA010000055.1	GCF_949501175.1
WP_300782047.1#17|uncultured_Acetatifactor_sp_	1479	+	+	10	-3173	-1695	18867	20345	WP_300781953.1#17	NZ_CATAZA010000055.1	GCF_949501175.1
WP_300782047.1#17|uncultured_Acetatifactor_sp_	1695	+	+	6	-1695	-1	20345	22039	WP_300781951.1#17	NZ_CATAZA010000055.1	GCF_949501175.1
WP_300782047.1#17|uncultured_Acetatifactor_sp_	1653	+	+	44	1	1653	22041	23693	WP_300782047.1#17	NZ_CATAZA010000055.1	GCF_949501175.1
WP_300782047.1#17|uncultured_Acetatifactor_sp_	333	+	+	1	1647	1979	23687	24019	WP_300781947.1#17	NZ_CATAZA010000055.1	GCF_949501175.1
WP_300782047.1#17|uncultured_Acetatifactor_sp_	1305	+	+	5	2072	3376	24112	25416	WP_300781944.1#17	NZ_CATAZA010000055.1	GCF_949501175.1
WP_300782047.1#17|uncultured_Acetatifactor_sp_	1065	+	+	36	3397	4461	25437	26501	WP_300781941.1#17	NZ_CATAZA010000055.1	GCF_949501175.1
WP_300782047.1#17|uncultured_Acetatifactor_sp_	369	+	+	35	4475	4843	26515	26883	WP_300781938.1#17	NZ_CATAZA010000055.1	GCF_949501175.1



WP_251205876.1#35|Acetatifactor_aquisgranensis	348	+	+	4	-3920	-3573	225667	226014	WP_251205872.1#35	NZ_CALPDH010000003.1	GCF_943193215.1
WP_251205876.1#35|Acetatifactor_aquisgranensis	444	+	+	4	-3576	-3133	226011	226454	WP_251205873.1#35	NZ_CALPDH010000003.1	GCF_943193215.1
WP_251205876.1#35|Acetatifactor_aquisgranensis	1479	+	+	10	-3143	-1665	226444	227922	WP_251205874.1#35	NZ_CALPDH010000003.1	GCF_943193215.1
WP_251205876.1#35|Acetatifactor_aquisgranensis	1695	+	+	6	-1665	29	227922	229616	WP_251205875.1#35	NZ_CALPDH010000003.1	GCF_943193215.1
WP_251205876.1#35|Acetatifactor_aquisgranensis	1698	+	+	44	1	1698	229588	231285	WP_251205876.1#35	NZ_CALPDH010000003.1	GCF_943193215.1
WP_251205876.1#35|Acetatifactor_aquisgranensis	336	+	+	1	1685	2020	231272	231607	WP_251205877.1#35	NZ_CALPDH010000003.1	GCF_943193215.1
WP_251205876.1#35|Acetatifactor_aquisgranensis	1308	+	+	5	2111	3418	231698	233005	WP_251205878.1#35	NZ_CALPDH010000003.1	GCF_943193215.1
WP_251205876.1#35|Acetatifactor_aquisgranensis	1065	+	+	36	3442	4506	233029	234093	WP_251205879.1#35	NZ_CALPDH010000003.1	GCF_943193215.1
WP_251205876.1#35|Acetatifactor_aquisgranensis	336	+	+	35	4520	4855	234107	234442	WP_251205880.1#35	NZ_CALPDH010000003.1	GCF_943193215.1



WP_115674375.1#6|Lysinibacillus_capsici	156	+	-	0	-4663	-4508	30413	30568	WP_158539204.1#6	NZ_PXXX01000022.1	GCF_003367505.1
WP_115674375.1#6|Lysinibacillus_capsici	372	+	+	0	-4386	-4015	30690	31061	WP_115674372.1#6	NZ_PXXX01000022.1	GCF_003367505.1
WP_115674375.1#6|Lysinibacillus_capsici	1404	+	+	13	-3022	-1619	32054	33457	WP_244205724.1#6	NZ_PXXX01000022.1	GCF_003367505.1
WP_115674375.1#6|Lysinibacillus_capsici	1557	+	+	0	-1555	1	33521	35077	WP_115674374.1#6	NZ_PXXX01000022.1	GCF_003367505.1
WP_115674375.1#6|Lysinibacillus_capsici	1281	+	+	44	1	1281	35077	36357	WP_115674375.1#6	NZ_PXXX01000022.1	GCF_003367505.1
WP_115674375.1#6|Lysinibacillus_capsici	303	+	+	1	1284	1586	36360	36662	WP_115674376.1#6	NZ_PXXX01000022.1	GCF_003367505.1
WP_115674375.1#6|Lysinibacillus_capsici	555	+	+	9	1870	2424	36946	37500	WP_158539205.1#6	NZ_PXXX01000022.1	GCF_003367505.1
WP_115674375.1#6|Lysinibacillus_capsici	1086	+	+	0	2507	3592	37583	38668	WP_115674378.1#6	NZ_PXXX01000022.1	GCF_003367505.1
WP_115674375.1#6|Lysinibacillus_capsici	213	+	+	0	3655	3867	38731	38943	WP_115674379.1#6	NZ_PXXX01000022.1	GCF_003367505.1



WP_068883292.1#31|Dehalobacter_sp__TeCB1	549	-	+	0	-4435	-3887	128412	128960	WP_068883299.1#31	NZ_MCHF01000012.1	GCF_001707455.1
WP_068883292.1#31|Dehalobacter_sp__TeCB1	513	-	+	0	-3885	-3373	127898	128410	WP_068883298.1#31	NZ_MCHF01000012.1	GCF_001707455.1
WP_068883292.1#31|Dehalobacter_sp__TeCB1	1722	-	+	13	-3235	-1514	126039	127760	WP_348980996.1#31	NZ_MCHF01000012.1	GCF_001707455.1
WP_068883292.1#31|Dehalobacter_sp__TeCB1	1383	-	+	8	-1381	1	124524	125906	WP_068883294.1#31	NZ_MCHF01000012.1	GCF_001707455.1
WP_068883292.1#31|Dehalobacter_sp__TeCB1	1572	-	+	44	1	1572	122953	124524	WP_068883292.1#31	NZ_MCHF01000012.1	GCF_001707455.1
WP_068883292.1#31|Dehalobacter_sp__TeCB1	306	-	+	1	1583	1888	122637	122942	WP_068883290.1#31	NZ_MCHF01000012.1	GCF_001707455.1
WP_068883292.1#31|Dehalobacter_sp__TeCB1	621	-	+	33	2021	2641	121884	122504	WP_068883288.1#31	NZ_MCHF01000012.1	GCF_001707455.1
WP_068883292.1#31|Dehalobacter_sp__TeCB1	1137	-	+	0	2690	3826	120699	121835	WP_068883287.1#31	NZ_MCHF01000012.1	GCF_001707455.1
WP_068883292.1#31|Dehalobacter_sp__TeCB1	276	-	+	0	3891	4166	120359	120634	WP_068883285.1#31	NZ_MCHF01000012.1	GCF_001707455.1



WP_293753760.1#50|Vallitalea_sp_	519	+	+	0	-3952	-3434	11112	11630	WP_293753753.1#50	NZ_JAOARO010000016.1	GCF_025211055.1
WP_293753760.1#50|Vallitalea_sp_	444	+	+	23	-3303	-2860	11761	12204	WP_293753754.1#50	NZ_JAOARO010000016.1	GCF_025211055.1
WP_293753760.1#50|Vallitalea_sp_	1257	+	+	7	-2867	-1611	12197	13453	WP_293753756.1#50	NZ_JAOARO010000016.1	GCF_025211055.1
WP_293753760.1#50|Vallitalea_sp_	1449	+	+	8	-1437	11	13627	15075	WP_293753758.1#50	NZ_JAOARO010000016.1	GCF_025211055.1
WP_293753760.1#50|Vallitalea_sp_	1518	+	+	44	1	1518	15065	16582	WP_293753760.1#50	NZ_JAOARO010000016.1	GCF_025211055.1
WP_293753760.1#50|Vallitalea_sp_	315	+	+	1	1520	1834	16584	16898	WP_293753762.1#50	NZ_JAOARO010000016.1	GCF_025211055.1
WP_293753760.1#50|Vallitalea_sp_	627	+	+	9	1989	2615	17053	17679	WP_293753763.1#50	NZ_JAOARO010000016.1	GCF_025211055.1
WP_293753760.1#50|Vallitalea_sp_	948	+	+	0	2638	3585	17702	18649	WP_293753764.1#50	NZ_JAOARO010000016.1	GCF_025211055.1
WP_293753760.1#50|Vallitalea_sp_	216	+	+	0	3628	3843	18692	18907	WP_293753765.1#50	NZ_JAOARO010000016.1	GCF_025211055.1



WP_195962472.1#10|Clostridium_perfringens	441	+	+	23	-5889	-5449	1092406	1092846	WP_195961825.1#10	NZ_CP075934.1	GCF_020138495.1
WP_195962472.1#10|Clostridium_perfringens	1260	+	+	7	-5465	-4206	1092830	1094089	WP_195961824.1#10	NZ_CP075934.1	GCF_020138495.1
WP_195962472.1#10|Clostridium_perfringens	1452	+	+	8	-4191	-2740	1094104	1095555	WP_195961823.1#10	NZ_CP075934.1	GCF_020138495.1
WP_195962472.1#10|Clostridium_perfringens	1845	+	+	0	-2033	-189	1096262	1098106	WP_195962453.1#10	NZ_CP075934.1	GCF_020138495.1
WP_195962472.1#10|Clostridium_perfringens	1251	+	+	44	1	1251	1098296	1099546	WP_195962472.1#10	NZ_CP075934.1	GCF_020138495.1
WP_195962472.1#10|Clostridium_perfringens	318	+	+	1	1256	1573	1099551	1099868	WP_195962471.1#10	NZ_CP075934.1	GCF_020138495.1
WP_195962472.1#10|Clostridium_perfringens	372	+	+	0	1646	2017	1099941	1100312	WP_195962470.1#10	NZ_CP075934.1	GCF_020138495.1
WP_195962472.1#10|Clostridium_perfringens	309	+	+	0	2094	2402	1100389	1100697	WP_004458411.1#10	NZ_CP075934.1	GCF_020138495.1
WP_195962472.1#10|Clostridium_perfringens	876	+	+	0	2399	3274	1100694	1101569	WP_185954599.1#10	NZ_CP075934.1	GCF_020138495.1



WP_265233029.1#69|Clostridium_sporogenes	495	+	+	44	1	495	1	495	WP_265233029.1#69	NZ_JAIQVA010000038.1	GCF_026130495.1
WP_265233029.1#69|Clostridium_sporogenes	315	+	+	1	498	812	498	812	WP_265233030.1#69	NZ_JAIQVA010000038.1	GCF_026130495.1
WP_265233029.1#69|Clostridium_sporogenes	252	+	+	0	877	1128	877	1128	WP_265233031.1#69	NZ_JAIQVA010000038.1	GCF_026130495.1



WP_252238992.1#36|Clostridium_sp__VAP51	159	-	-	0	-4162	-4004	20614	20772	WP_252238996.1#36	NZ_JAMQIH010000018.1	GCF_023845895.1
WP_252238992.1#36|Clostridium_sp__VAP51	792	-	+	0	-3913	-3122	19732	20523	WP_252238995.1#36	NZ_JAMQIH010000018.1	GCF_023845895.1
WP_252238992.1#36|Clostridium_sp__VAP51	1761	-	+	13	-3110	-1350	17960	19720	WP_252238994.1#36	NZ_JAMQIH010000018.1	GCF_023845895.1
WP_252238992.1#36|Clostridium_sp__VAP51	1356	-	+	8	-1338	17	16593	17948	WP_252238993.1#36	NZ_JAMQIH010000018.1	GCF_023845895.1
WP_252238992.1#36|Clostridium_sp__VAP51	1407	-	+	44	1	1407	15203	16609	WP_252238992.1#36	NZ_JAMQIH010000018.1	GCF_023845895.1
WP_252238992.1#36|Clostridium_sp__VAP51	318	-	+	1	1400	1717	14893	15210	WP_252238991.1#36	NZ_JAMQIH010000018.1	GCF_023845895.1
WP_252238992.1#36|Clostridium_sp__VAP51	273	-	+	0	1785	2057	14553	14825	WP_252238990.1#36	NZ_JAMQIH010000018.1	GCF_023845895.1
WP_252238992.1#36|Clostridium_sp__VAP51	189	-	+	0	2070	2258	14352	14540	WP_252238989.1#36	NZ_JAMQIH010000018.1	GCF_023845895.1
WP_252238992.1#36|Clostridium_sp__VAP51	639	-	+	33	2386	3024	13586	14224	WP_252238988.1#36	NZ_JAMQIH010000018.1	GCF_023845895.1



WP_219778045.1#54|Clostridium_weizhouense	207	-	-	0	-3880	-3674	26345	26551	WP_219778049.1#54	NZ_JAHXPT010000002.1	GCF_019431045.1
WP_219778045.1#54|Clostridium_weizhouense	432	-	+	0	-3551	-3120	25791	26222	WP_219778048.1#54	NZ_JAHXPT010000002.1	GCF_019431045.1
WP_219778045.1#54|Clostridium_weizhouense	1758	-	+	13	-3093	-1336	24007	25764	WP_219778047.1#54	NZ_JAHXPT010000002.1	GCF_019431045.1
WP_219778045.1#54|Clostridium_weizhouense	1329	-	+	8	-1320	8	22663	23991	WP_219778046.1#54	NZ_JAHXPT010000002.1	GCF_019431045.1
WP_219778045.1#54|Clostridium_weizhouense	1401	-	+	44	1	1401	21270	22670	WP_219778045.1#54	NZ_JAHXPT010000002.1	GCF_019431045.1
WP_219778045.1#54|Clostridium_weizhouense	315	-	+	1	1405	1719	20952	21266	WP_219778044.1#54	NZ_JAHXPT010000002.1	GCF_019431045.1
WP_219778045.1#54|Clostridium_weizhouense	270	-	+	0	1785	2054	20617	20886	WP_219778043.1#54	NZ_JAHXPT010000002.1	GCF_019431045.1
WP_219778045.1#54|Clostridium_weizhouense	312	-	+	0	2115	2426	20245	20556	WP_219778042.1#54	NZ_JAHXPT010000002.1	GCF_019431045.1
WP_219778045.1#54|Clostridium_weizhouense	366	-	+	0	2478	2843	19828	20193	WP_219778041.1#54	NZ_JAHXPT010000002.1	GCF_019431045.1



WP_142414401.1#75|Hathewaya_massiliensis	726	-	+	0	-4077	-3352	42462	43187	WP_142414405.1#75	NZ_CABFVD010000004.1	GCF_902143515.1
WP_142414401.1#75|Hathewaya_massiliensis	471	-	+	0	-3324	-2854	41964	42434	WP_142414404.1#75	NZ_CABFVD010000004.1	GCF_902143515.1
WP_142414401.1#75|Hathewaya_massiliensis	1353	-	+	7	-2864	-1512	40622	41974	WP_142414403.1#75	NZ_CABFVD010000004.1	GCF_902143515.1
WP_142414401.1#75|Hathewaya_massiliensis	1524	-	+	22	-1506	17	39093	40616	WP_142414402.1#75	NZ_CABFVD010000004.1	GCF_902143515.1
WP_142414401.1#75|Hathewaya_massiliensis	1851	-	+	44	1	1851	37259	39109	WP_142414401.1#75	NZ_CABFVD010000004.1	GCF_902143515.1
WP_142414401.1#75|Hathewaya_massiliensis	318	-	+	1	1844	2161	36949	37266	WP_142414400.1#75	NZ_CABFVD010000004.1	GCF_902143515.1
WP_142414401.1#75|Hathewaya_massiliensis	573	-	-	0	2350	2922	36188	36760	WP_142414399.1#75	NZ_CABFVD010000004.1	GCF_902143515.1
WP_142414401.1#75|Hathewaya_massiliensis	585	-	+	9	3075	3659	35451	36035	WP_142414398.1#75	NZ_CABFVD010000004.1	GCF_902143515.1
WP_142414401.1#75|Hathewaya_massiliensis	906	-	+	0	3678	4583	34527	35432	WP_142414397.1#75	NZ_CABFVD010000004.1	GCF_902143515.1



WP_246096175.1#34|Paenibacillus_sinopodophylli	723	-	+	4	-3803	-3081	1347173	1347895	WP_138751867.1#34	NZ_VDBO01000001.1	GCF_005930355.1
WP_246096175.1#34|Paenibacillus_sinopodophylli	1317	-	+	7	-3088	-1772	1345864	1347180	WP_138751866.1#34	NZ_VDBO01000001.1	GCF_005930355.1
WP_246096175.1#34|Paenibacillus_sinopodophylli	234	-	+	0	-1768	-1535	1345627	1345860	WP_138751865.1#34	NZ_VDBO01000001.1	GCF_005930355.1
WP_246096175.1#34|Paenibacillus_sinopodophylli	1518	-	+	22	-1528	-11	1344103	1345620	WP_138751864.1#34	NZ_VDBO01000001.1	GCF_005930355.1
WP_246096175.1#34|Paenibacillus_sinopodophylli	1635	-	+	44	1	1635	1342457	1344091	WP_246096175.1#34	NZ_VDBO01000001.1	GCF_005930355.1
WP_246096175.1#34|Paenibacillus_sinopodophylli	315	-	+	1	1632	1946	1342146	1342460	WP_138751862.1#34	NZ_VDBO01000001.1	GCF_005930355.1
WP_246096175.1#34|Paenibacillus_sinopodophylli	153	-	+	0	1987	2139	1341953	1342105	WP_171056096.1#34	NZ_VDBO01000001.1	GCF_005930355.1
WP_246096175.1#34|Paenibacillus_sinopodophylli	579	-	+	9	2264	2842	1341250	1341828	WP_138751861.1#34	NZ_VDBO01000001.1	GCF_005930355.1
WP_246096175.1#34|Paenibacillus_sinopodophylli	963	-	+	39	2861	3823	1340269	1341231	WP_138751860.1#34	NZ_VDBO01000001.1	GCF_005930355.1



WP_316096694.1#28|Clostridium_sp_	408	-	+	0	-3847	-3440	45172	45579	WP_242872500.1#28	NZ_JAWEHA010000002.1	GCF_032472175.1
WP_316096694.1#28|Clostridium_sp_	459	-	+	23	-3316	-2858	44590	45048	WP_316096715.1#28	NZ_JAWEHA010000002.1	GCF_032472175.1
WP_316096694.1#28|Clostridium_sp_	1365	-	+	7	-2865	-1501	43233	44597	WP_316096696.1#28	NZ_JAWEHA010000002.1	GCF_032472175.1
WP_316096694.1#28|Clostridium_sp_	1509	-	+	22	-1494	14	41718	43226	WP_316096695.1#28	NZ_JAWEHA010000002.1	GCF_032472175.1
WP_316096694.1#28|Clostridium_sp_	1719	-	+	44	1	1719	40013	41731	WP_316096694.1#28	NZ_JAWEHA010000002.1	GCF_032472175.1
WP_316096694.1#28|Clostridium_sp_	312	-	+	1	1712	2023	39709	40020	WP_316096693.1#28	NZ_JAWEHA010000002.1	GCF_032472175.1
WP_316096694.1#28|Clostridium_sp_	603	-	+	9	2171	2773	38959	39561	WP_316096692.1#28	NZ_JAWEHA010000002.1	GCF_032472175.1
WP_316096694.1#28|Clostridium_sp_	966	-	+	39	2792	3757	37975	38940	WP_316096691.1#28	NZ_JAWEHA010000002.1	GCF_032472175.1
WP_316096694.1#28|Clostridium_sp_	204	-	+	0	3773	3976	37756	37959	WP_316096690.1#28	NZ_JAWEHA010000002.1	GCF_032472175.1



WP_207667643.1#13|Lacrimispora_algidixylanolytica	528	-	+	0	-3855	-3328	299639	300166	WP_120197967.1#13	NZ_MCIA01000031.1	GCF_003609635.1
WP_207667643.1#13|Lacrimispora_algidixylanolytica	1356	-	+	0	-3347	-1992	298303	299658	WP_120197962.1#13	NZ_MCIA01000031.1	GCF_003609635.1
WP_207667643.1#13|Lacrimispora_algidixylanolytica	603	-	+	0	-1971	-1369	297680	298282	WP_120197960.1#13	NZ_MCIA01000031.1	GCF_003609635.1
WP_207667643.1#13|Lacrimispora_algidixylanolytica	1119	-	+	27	-1138	-20	296331	297449	WP_120197958.1#13	NZ_MCIA01000031.1	GCF_003609635.1
WP_207667643.1#13|Lacrimispora_algidixylanolytica	1701	-	+	44	1	1701	294610	296310	WP_207667643.1#13	NZ_MCIA01000031.1	GCF_003609635.1
WP_207667643.1#13|Lacrimispora_algidixylanolytica	303	-	+	1	1716	2018	294293	294595	WP_120197956.1#13	NZ_MCIA01000031.1	GCF_003609635.1
WP_207667643.1#13|Lacrimispora_algidixylanolytica	219	-	+	0	2032	2250	294061	294279	WP_120197954.1#13	NZ_MCIA01000031.1	GCF_003609635.1
WP_207667643.1#13|Lacrimispora_algidixylanolytica	210	-	+	0	2394	2603	293708	293917	WP_207667642.1#13	NZ_MCIA01000031.1	GCF_003609635.1
WP_207667643.1#13|Lacrimispora_algidixylanolytica	345	-	+	0	2712	3056	293255	293599	WP_207667641.1#13	NZ_MCIA01000031.1	GCF_003609635.1



WP_318697764.1#29|Treponema_sp_	555	-	+	0	-1552	-998	1869	2423	WP_318697767.1#29	NZ_JAKSTO010000179.1	GCF_024402555.1
WP_318697764.1#29|Treponema_sp_	249	-	+	0	-901	-653	1524	1772	WP_318697766.1#29	NZ_JAKSTO010000179.1	GCF_024402555.1
WP_318697764.1#29|Treponema_sp_	687	-	+	2	-672	14	857	1543	WP_318697765.1#29	NZ_JAKSTO010000179.1	GCF_024402555.1
WP_318697764.1#29|Treponema_sp_	483	-	+	44	1	483	388	870	WP_318697764.1#29	NZ_JAKSTO010000179.1	GCF_024402555.1
WP_318697764.1#29|Treponema_sp_	390	-	+	1	480	869	2	391	WP_318697763.1#29	NZ_JAKSTO010000179.1	GCF_024402555.1



WP_101622779.1#5|Bifidobacterium_parmae	291	-	-	0	-2287	-1997	150807	151097	WP_341476283.1#5	NZ_NMWT01000025.1	GCF_002860365.1
WP_101622779.1#5|Bifidobacterium_parmae	228	-	-	0	-2057	-1830	150640	150867	WP_101622782.1#5	NZ_NMWT01000025.1	GCF_002860365.1
WP_101622779.1#5|Bifidobacterium_parmae	987	-	-	0	-1827	-841	149651	150637	WP_101622781.1#5	NZ_NMWT01000025.1	GCF_002860365.1
WP_101622779.1#5|Bifidobacterium_parmae	663	-	+	2	-648	14	148796	149458	WP_101622780.1#5	NZ_NMWT01000025.1	GCF_002860365.1
WP_101622779.1#5|Bifidobacterium_parmae	495	-	+	44	1	495	148315	148809	WP_101622779.1#5	NZ_NMWT01000025.1	GCF_002860365.1
WP_101622779.1#5|Bifidobacterium_parmae	399	-	+	1	495	893	147917	148315	WP_101622778.1#5	NZ_NMWT01000025.1	GCF_002860365.1
WP_101622779.1#5|Bifidobacterium_parmae	852	-	-	11	881	1732	147078	147929	WP_101622777.1#5	NZ_NMWT01000025.1	GCF_002860365.1
WP_101622779.1#5|Bifidobacterium_parmae	1251	-	-	0	1872	3122	145688	146938	WP_101622776.1#5	NZ_NMWT01000025.1	GCF_002860365.1
WP_101622779.1#5|Bifidobacterium_parmae	477	-	-	0	3268	3744	145066	145542	WP_101622775.1#5	NZ_NMWT01000025.1	GCF_002860365.1



WP_081895646.1#32|Bifidobacterium_cuniculi_DSM_20435	249	+	+	3	-2495	-2247	54614	54862	WP_033515257.1#32	NZ_JDUL01000004.1	GCF_000771465.1
WP_081895646.1#32|Bifidobacterium_cuniculi_DSM_20435	624	+	+	0	-1971	-1348	55138	55761	WP_152598030.1#32	NZ_JDUL01000004.1	GCF_000771465.1
WP_081895646.1#32|Bifidobacterium_cuniculi_DSM_20435	390	+	+	0	-1186	-797	55923	56312	WP_051920980.1#32	NZ_JDUL01000004.1	GCF_000771465.1
WP_081895646.1#32|Bifidobacterium_cuniculi_DSM_20435	315	+	-	0	-632	-318	56477	56791	WP_033515259.1#32	NZ_JDUL01000004.1	GCF_000771465.1
WP_081895646.1#32|Bifidobacterium_cuniculi_DSM_20435	537	+	+	44	1	537	57110	57646	WP_081895646.1#32	NZ_JDUL01000004.1	GCF_000771465.1
WP_081895646.1#32|Bifidobacterium_cuniculi_DSM_20435	381	+	+	1	485	865	57594	57974	WP_033515260.1#32	NZ_JDUL01000004.1	GCF_000771465.1
WP_081895646.1#32|Bifidobacterium_cuniculi_DSM_20435	234	+	+	2	862	1095	57971	58204	WP_033515261.1#32	NZ_JDUL01000004.1	GCF_000771465.1
WP_081895646.1#32|Bifidobacterium_cuniculi_DSM_20435	231	+	+	46	1108	1338	58217	58447	pseudogene_32.3*#32	NZ_JDUL01000004.1	GCF_000771465.1
WP_081895646.1#32|Bifidobacterium_cuniculi_DSM_20435	255	+	+	2	1348	1602	58457	58711	WP_033515262.1#32	NZ_JDUL01000004.1	GCF_000771465.1



WP_100513693.1#63|Bifidobacterium_simiarum	987	+	-	0	-6085	-5099	59812	60798	WP_165776824.1#63	NZ_PEBK01000011.1	GCF_002802905.1
WP_100513693.1#63|Bifidobacterium_simiarum	837	+	-	0	-4849	-4013	61048	61884	WP_100513690.1#63	NZ_PEBK01000011.1	GCF_002802905.1
WP_100513693.1#63|Bifidobacterium_simiarum	2532	+	-	11	-3809	-1278	62088	64619	WP_100513691.1#63	NZ_PEBK01000011.1	GCF_002802905.1
WP_100513693.1#63|Bifidobacterium_simiarum	744	+	+	2	-729	14	65168	65911	WP_165776825.1#63	NZ_PEBK01000011.1	GCF_002802905.1
WP_100513693.1#63|Bifidobacterium_simiarum	483	+	+	44	1	483	65898	66380	WP_100513693.1#63	NZ_PEBK01000011.1	GCF_002802905.1
WP_100513693.1#63|Bifidobacterium_simiarum	360	+	+	1	480	839	66377	66736	WP_100513694.1#63	NZ_PEBK01000011.1	GCF_002802905.1
WP_100513693.1#63|Bifidobacterium_simiarum	1050	+	+	26	846	1895	66743	67792	WP_100513695.1#63	NZ_PEBK01000011.1	GCF_002802905.1
WP_100513693.1#63|Bifidobacterium_simiarum	2316	+	+	17	1902	4217	67799	70114	WP_100513696.1#63	NZ_PEBK01000011.1	GCF_002802905.1



WP_202574717.1#11|Bifidobacterium_longum_subsp__suis	3033	+	+	34	-6926	-3894	105168	108200	WP_202574715.1#11	NZ_JAERWB010000009.1	GCF_016759645.1
WP_202574717.1#11|Bifidobacterium_longum_subsp__suis	1626	+	+	21	-3897	-2272	108197	109822	WP_061870200.1#11	NZ_JAERWB010000009.1	GCF_016759645.1
WP_202574717.1#11|Bifidobacterium_longum_subsp__suis	1287	+	+	0	-2279	-993	109815	111101	WP_196756123.1#11	NZ_JAERWB010000009.1	GCF_016759645.1
WP_202574717.1#11|Bifidobacterium_longum_subsp__suis	765	+	+	2	-750	14	111344	112108	WP_061870202.1#11	NZ_JAERWB010000009.1	GCF_016759645.1
WP_202574717.1#11|Bifidobacterium_longum_subsp__suis	393	+	+	44	1	393	112095	112487	WP_202574717.1#11	NZ_JAERWB010000009.1	GCF_016759645.1
WP_202574717.1#11|Bifidobacterium_longum_subsp__suis	369	+	+	1	488	856	112582	112950	WP_061870204.1#11	NZ_JAERWB010000009.1	GCF_016759645.1
WP_202574717.1#11|Bifidobacterium_longum_subsp__suis	1047	+	+	26	853	1899	112947	113993	WP_061870205.1#11	NZ_JAERWB010000009.1	GCF_016759645.1
WP_202574717.1#11|Bifidobacterium_longum_subsp__suis	2304	+	+	17	1906	4209	114000	116303	WP_202574719.1#11	NZ_JAERWB010000009.1	GCF_016759645.1
WP_202574717.1#11|Bifidobacterium_longum_subsp__suis	2538	+	-	11	4236	6773	116330	118867	WP_202574720.1#11	NZ_JAERWB010000009.1	GCF_016759645.1



WP_288515954.1#71|uncultured_Treponema_sp_	225	+	-	0	-2802	-2578	234452	234676	WP_288515947.1#71	NZ_CAKUVO010000001.1	GCF_934699085.1
WP_288515954.1#71|uncultured_Treponema_sp_	828	+	-	0	-2581	-1754	234673	235500	WP_288515949.1#71	NZ_CAKUVO010000001.1	GCF_934699085.1
WP_288515954.1#71|uncultured_Treponema_sp_	777	+	+	0	-1548	-772	235706	236482	WP_288515951.1#71	NZ_CAKUVO010000001.1	GCF_934699085.1
WP_288515954.1#71|uncultured_Treponema_sp_	705	+	+	2	-690	14	236564	237268	WP_288515953.1#71	NZ_CAKUVO010000001.1	GCF_934699085.1
WP_288515954.1#71|uncultured_Treponema_sp_	483	+	+	44	1	483	237255	237737	WP_288515954.1#71	NZ_CAKUVO010000001.1	GCF_934699085.1
WP_288515954.1#71|uncultured_Treponema_sp_	441	+	+	1	486	926	237740	238180	WP_288515955.1#71	NZ_CAKUVO010000001.1	GCF_934699085.1
WP_288515954.1#71|uncultured_Treponema_sp_	249	+	+	0	974	1222	238228	238476	WP_288515957.1#71	NZ_CAKUVO010000001.1	GCF_934699085.1
WP_288515954.1#71|uncultured_Treponema_sp_	102	+	-	46	1365	1466	238619	238720	pseudogene_71.9*#71	NZ_CAKUVO010000001.1	GCF_934699085.1
WP_288515954.1#71|uncultured_Treponema_sp_	82	+	+	45	1565	1646	238819	238900	tRNA_71.0*#71	NZ_CAKUVO010000001.1	GCF_934699085.1



WP_278780876.1#60|Catenibacterium_sp_	606	-	+	42	-878	-273	3310	3915	WP_337524265.1#60	NZ_JAYAEH010000209.1	GCF_037346375.1
WP_278780876.1#60|Catenibacterium_sp_	489	-	+	44	1	489	2548	3036	WP_278780876.1#60	NZ_JAYAEH010000209.1	GCF_037346375.1
WP_278780876.1#60|Catenibacterium_sp_	342	-	+	1	486	827	2210	2551	WP_278780877.1#60	NZ_JAYAEH010000209.1	GCF_037346375.1
WP_278780876.1#60|Catenibacterium_sp_	684	-	+	2	831	1514	1523	2206	WP_337524264.1#60	NZ_JAYAEH010000209.1	GCF_037346375.1
WP_278780876.1#60|Catenibacterium_sp_	204	-	-	0	1668	1871	1166	1369	WP_278780879.1#60	NZ_JAYAEH010000209.1	GCF_037346375.1
WP_278780876.1#60|Catenibacterium_sp_	528	-	+	0	2351	2878	159	686	WP_329998396.1#60	NZ_JAYAEH010000209.1	GCF_037346375.1



WP_281085812.1#37|Eubacterium_ruminantium	1530	+	+	0	-6537	-5008	24459	25988	WP_281085810.1#37	NZ_CAJOJK010000005.1	GCF_905234945.1
WP_281085812.1#37|Eubacterium_ruminantium	1278	+	+	0	-4981	-3704	26015	27292	WP_078786392.1#37	NZ_CAJOJK010000005.1	GCF_905234945.1
WP_281085812.1#37|Eubacterium_ruminantium	1596	+	+	0	-3605	-2010	27391	28986	WP_078786394.1#37	NZ_CAJOJK010000005.1	GCF_905234945.1
WP_281085812.1#37|Eubacterium_ruminantium	1092	+	+	43	-1381	-290	29615	30706	WP_281085811.1#37	NZ_CAJOJK010000005.1	GCF_905234945.1
WP_281085812.1#37|Eubacterium_ruminantium	492	+	+	44	1	492	30997	31488	WP_281085812.1#37	NZ_CAJOJK010000005.1	GCF_905234945.1
WP_281085812.1#37|Eubacterium_ruminantium	348	+	+	1	492	839	31488	31835	WP_281085813.1#37	NZ_CAJOJK010000005.1	GCF_905234945.1
WP_281085812.1#37|Eubacterium_ruminantium	678	+	+	2	823	1500	31819	32496	WP_281085814.1#37	NZ_CAJOJK010000005.1	GCF_905234945.1
WP_281085812.1#37|Eubacterium_ruminantium	972	+	+	43	2239	3210	33235	34206	WP_342636752.1#37	NZ_CAJOJK010000005.1	GCF_905234945.1
WP_281085812.1#37|Eubacterium_ruminantium	132	+	+	0	3315	3446	34311	34442	WP_276709314.1#37	NZ_CAJOJK010000005.1	GCF_905234945.1



WP_026652489.1#42|Butyrivibrio_proteoclasticus_P6B7	1371	-	+	0	-3562	-2192	54340	55710	WP_026652494.1#42	NZ_JHWL01000011.1	GCF_000622085.1
WP_026652489.1#42|Butyrivibrio_proteoclasticus_P6B7	504	-	+	0	-2164	-1661	53809	54312	WP_026652493.1#42	NZ_JHWL01000011.1	GCF_000622085.1
WP_026652489.1#42|Butyrivibrio_proteoclasticus_P6B7	372	-	+	3	-1235	-864	53012	53383	WP_029232844.1#42	NZ_JHWL01000011.1	GCF_000622085.1
WP_026652489.1#42|Butyrivibrio_proteoclasticus_P6B7	549	-	+	14	-863	-315	52463	53011	WP_026652490.1#42	NZ_JHWL01000011.1	GCF_000622085.1
WP_026652489.1#42|Butyrivibrio_proteoclasticus_P6B7	486	-	+	44	1	486	51662	52147	WP_026652489.1#42	NZ_JHWL01000011.1	GCF_000622085.1
WP_026652489.1#42|Butyrivibrio_proteoclasticus_P6B7	351	-	+	1	486	836	51312	51662	WP_026652487.1#42	NZ_JHWL01000011.1	GCF_000622085.1
WP_026652489.1#42|Butyrivibrio_proteoclasticus_P6B7	675	-	+	2	817	1491	50657	51331	WP_026652486.1#42	NZ_JHWL01000011.1	GCF_000622085.1
WP_026652489.1#42|Butyrivibrio_proteoclasticus_P6B7	414	-	+	0	1960	2373	49775	50188	WP_034466650.1#42	NZ_JHWL01000011.1	GCF_000622085.1
WP_026652489.1#42|Butyrivibrio_proteoclasticus_P6B7	180	-	+	0	2546	2725	49423	49602	WP_026652483.1#42	NZ_JHWL01000011.1	GCF_000622085.1



WP_186865808.1#44|Roseburia_zhanii	222	-	-	0	-2365	-2144	135110	135331	WP_186865812.1#44	NZ_JACOPH010000001.1	GCF_014287635.1
WP_186865808.1#44|Roseburia_zhanii	312	-	+	3	-1746	-1435	134401	134712	WP_186865811.1#44	NZ_JACOPH010000001.1	GCF_014287635.1
WP_186865808.1#44|Roseburia_zhanii	552	-	+	0	-1431	-880	133846	134397	WP_186865810.1#44	NZ_JACOPH010000001.1	GCF_014287635.1
WP_186865808.1#44|Roseburia_zhanii	603	-	+	2	-672	-70	133036	133638	WP_186865809.1#44	NZ_JACOPH010000001.1	GCF_014287635.1
WP_186865808.1#44|Roseburia_zhanii	483	-	+	44	1	483	132483	132965	WP_186865808.1#44	NZ_JACOPH010000001.1	GCF_014287635.1
WP_186865808.1#44|Roseburia_zhanii	393	-	+	1	483	875	132091	132483	WP_186865807.1#44	NZ_JACOPH010000001.1	GCF_014287635.1
WP_186865808.1#44|Roseburia_zhanii	288	-	-	3	951	1238	131728	132015	WP_186865806.1#44	NZ_JACOPH010000001.1	GCF_014287635.1
WP_186865808.1#44|Roseburia_zhanii	471	-	+	0	1788	2258	130708	131178	WP_330595581.1#44	NZ_JACOPH010000001.1	GCF_014287635.1
WP_186865808.1#44|Roseburia_zhanii	507	-	+	0	2281	2787	130179	130685	WP_243237922.1#44	NZ_JACOPH010000001.1	GCF_014287635.1



WP_109587267.1#64|Hallerella_porci	981	+	-	0	-2841	-1861	143271	144251	WP_199191857.1#64	NZ_QGHD01000004.1	GCF_003148885.1
WP_109587267.1#64|Hallerella_porci	279	+	-	46	-1546	-1268	144566	144844	pseudogene_64.4*#64	NZ_QGHD01000004.1	GCF_003148885.1
WP_109587267.1#64|Hallerella_porci	321	+	+	3	-1058	-738	145054	145374	WP_233244493.1#64	NZ_QGHD01000004.1	GCF_003148885.1
WP_109587267.1#64|Hallerella_porci	528	+	+	14	-738	-211	145374	145901	WP_109587266.1#64	NZ_QGHD01000004.1	GCF_003148885.1
WP_109587267.1#64|Hallerella_porci	468	+	+	44	1	468	146113	146580	WP_109587267.1#64	NZ_QGHD01000004.1	GCF_003148885.1
WP_109587267.1#64|Hallerella_porci	333	+	+	1	477	809	146589	146921	WP_109587268.1#64	NZ_QGHD01000004.1	GCF_003148885.1
WP_109587267.1#64|Hallerella_porci	273	+	+	0	1062	1334	147174	147446	WP_199219606.1#64	NZ_QGHD01000004.1	GCF_003148885.1
WP_109587267.1#64|Hallerella_porci	104	+	-	46	1570	1673	147682	147785	pseudogene_64.1*#64	NZ_QGHD01000004.1	GCF_003148885.1



WP_015732321.1#40|Fibrobacter_succinogenes_subsp__succinogenes_S85	2613	-	-	0	-5859	-3247	3092681	3095293	WP_014547109.1#40	NC_013410.1	GCF_000024665.1
WP_015732321.1#40|Fibrobacter_succinogenes_subsp__succinogenes_S85	1563	-	-	0	-3247	-1685	3091119	3092681	WP_014547108.1#40	NC_013410.1	GCF_000024665.1
WP_015732321.1#40|Fibrobacter_succinogenes_subsp__succinogenes_S85	360	-	+	3	-1092	-733	3090167	3090526	WP_014547107.1#40	NC_013410.1	GCF_000024665.1
WP_015732321.1#40|Fibrobacter_succinogenes_subsp__succinogenes_S85	531	-	+	14	-733	-203	3089637	3090167	WP_014547106.1#40	NC_013410.1	GCF_000024665.1
WP_015732321.1#40|Fibrobacter_succinogenes_subsp__succinogenes_S85	468	-	+	44	1	468	3088966	3089433	WP_015732321.1#40	NC_013410.1	GCF_000024665.1
WP_015732321.1#40|Fibrobacter_succinogenes_subsp__succinogenes_S85	333	-	+	1	479	811	3088623	3088955	WP_015732320.1#40	NC_013410.1	GCF_000024665.1
WP_015732321.1#40|Fibrobacter_succinogenes_subsp__succinogenes_S85	657	-	+	2	964	1620	3087814	3088470	WP_014547105.1#40	NC_013410.1	GCF_000024665.1
WP_015732321.1#40|Fibrobacter_succinogenes_subsp__succinogenes_S85	777	-	-	0	1820	2596	3086838	3087614	WP_014547104.1#40	NC_013410.1	GCF_000024665.1
WP_015732321.1#40|Fibrobacter_succinogenes_subsp__succinogenes_S85	1914	-	-	0	2596	4509	3084925	3086838	WP_014547103.1#40	NC_013410.1	GCF_000024665.1



WP_304683768.1#18|Ileibacterium_valens	672	-	+	2	-670	1	48396	49067	WP_304683770.1#18	NZ_CAPYSY010000013.1	GCF_948742595.1
WP_304683768.1#18|Ileibacterium_valens	531	-	+	44	1	531	47866	48396	WP_304683768.1#18	NZ_CAPYSY010000013.1	GCF_948742595.1
WP_304683768.1#18|Ileibacterium_valens	336	-	+	1	528	863	47534	47869	WP_304683767.1#18	NZ_CAPYSY010000013.1	GCF_948742595.1
WP_304683768.1#18|Ileibacterium_valens	84	-	-	45	914	997	47400	47483	tRNA_18.1*#18	NZ_CAPYSY010000013.1	GCF_948742595.1
WP_304683768.1#18|Ileibacterium_valens	1194	-	+	0	1258	2451	45946	47139	WP_273235345.1#18	NZ_CAPYSY010000013.1	GCF_948742595.1
WP_304683768.1#18|Ileibacterium_valens	1677	-	+	0	2762	4438	43959	45635	WP_304683765.1#18	NZ_CAPYSY010000013.1	GCF_948742595.1



WP_016829297.1#1|Ureaplasma_urealyticum_4318	2268	-	+	17	-4595	-2328	50866	53133	WP_004026595.1#1	NZ_AJGA01000015.1	GCF_000255435.1
WP_016829297.1#1|Ureaplasma_urealyticum_4318	600	-	+	2	-2101	-1502	50040	50639	WP_255296246.1#1	NZ_AJGA01000015.1	GCF_000255435.1
WP_016829297.1#1|Ureaplasma_urealyticum_4318	666	-	+	2	-1357	-692	49230	49895	WP_016829298.1#1	NZ_AJGA01000015.1	GCF_000255435.1
WP_016829297.1#1|Ureaplasma_urealyticum_4318	744	-	+	1	-729	14	48524	49267	WP_004027251.1#1	NZ_AJGA01000015.1	GCF_000255435.1
WP_016829297.1#1|Ureaplasma_urealyticum_4318	534	-	+	44	1	534	48004	48537	WP_016829297.1#1	NZ_AJGA01000015.1	GCF_000255435.1
WP_016829297.1#1|Ureaplasma_urealyticum_4318	720	-	+	1	539	1258	47280	47999	WP_026057062.1#1	NZ_AJGA01000015.1	GCF_000255435.1
WP_016829297.1#1|Ureaplasma_urealyticum_4318	660	-	-	0	1526	2185	46353	47012	WP_004027256.1#1	NZ_AJGA01000015.1	GCF_000255435.1
WP_016829297.1#1|Ureaplasma_urealyticum_4318	3387	-	-	0	2185	5571	42967	46353	WP_016829295.1#1	NZ_AJGA01000015.1	GCF_000255435.1
WP_016829297.1#1|Ureaplasma_urealyticum_4318	1209	-	+	0	5784	6992	41546	42754	WP_004027228.1#1	NZ_AJGA01000015.1	GCF_000255435.1



WP_094690317.1#62|Aeriscardovia_aeriphila	825	+	-	0	-3903	-3079	75311	76135	WP_275542017.1#62	NZ_JACBYZ010000001.1	GCF_013408435.1
WP_094690317.1#62|Aeriscardovia_aeriphila	1428	+	+	0	-2925	-1498	76289	77716	WP_094690320.1#62	NZ_JACBYZ010000001.1	GCF_013408435.1
WP_094690317.1#62|Aeriscardovia_aeriphila	564	+	-	3	-1440	-877	77774	78337	WP_094690319.1#62	NZ_JACBYZ010000001.1	GCF_013408435.1
WP_094690317.1#62|Aeriscardovia_aeriphila	651	+	+	2	-649	1	78565	79215	WP_094690318.1#62	NZ_JACBYZ010000001.1	GCF_013408435.1
WP_094690317.1#62|Aeriscardovia_aeriphila	561	+	+	44	1	561	79215	79775	WP_094690317.1#62	NZ_JACBYZ010000001.1	GCF_013408435.1
WP_094690317.1#62|Aeriscardovia_aeriphila	351	+	+	1	564	914	79778	80128	WP_094690316.1#62	NZ_JACBYZ010000001.1	GCF_013408435.1
WP_094690317.1#62|Aeriscardovia_aeriphila	654	+	-	0	901	1554	80115	80768	WP_094690315.1#62	NZ_JACBYZ010000001.1	GCF_013408435.1
WP_094690317.1#62|Aeriscardovia_aeriphila	1599	+	+	0	1688	3286	80902	82500	WP_094690314.1#62	NZ_JACBYZ010000001.1	GCF_013408435.1
WP_094690317.1#62|Aeriscardovia_aeriphila	1041	+	+	0	3411	4451	82625	83665	WP_094690313.1#62	NZ_JACBYZ010000001.1	GCF_013408435.1



WP_201591452.1#45|Psychrobacter_fozii	846	+	+	0	-7250	-6405	235938	236783	WP_201591440.1#45	NZ_CAJGZD010000005.1	GCF_904846015.1
WP_201591452.1#45|Psychrobacter_fozii	2475	+	+	0	-6412	-3938	236776	239250	WP_201591443.1#45	NZ_CAJGZD010000005.1	GCF_904846015.1
WP_201591452.1#45|Psychrobacter_fozii	1062	+	+	0	-3399	-2338	239789	240850	WP_201591446.1#45	NZ_CAJGZD010000005.1	GCF_904846015.1
WP_201591452.1#45|Psychrobacter_fozii	1794	+	+	0	-1894	-101	241294	243087	WP_201591449.1#45	NZ_CAJGZD010000005.1	GCF_904846015.1
WP_201591452.1#45|Psychrobacter_fozii	14544	+	+	44	1	14544	243189	257732	WP_201591452.1#45	NZ_CAJGZD010000005.1	GCF_904846015.1
WP_201591452.1#45|Psychrobacter_fozii	444	+	+	0	14557	15000	257745	258188	WP_201591454.1#45	NZ_CAJGZD010000005.1	GCF_904846015.1
WP_201591452.1#45|Psychrobacter_fozii	147	+	+	0	15102	15248	258290	258436	WP_201591456.1#45	NZ_CAJGZD010000005.1	GCF_904846015.1
WP_201591452.1#45|Psychrobacter_fozii	189	+	+	0	15290	15478	258478	258666	WP_201591458.1#45	NZ_CAJGZD010000005.1	GCF_904846015.1
WP_201591452.1#45|Psychrobacter_fozii	465	+	+	0	15673	16137	258861	259325	WP_201591460.1#45	NZ_CAJGZD010000005.1	GCF_904846015.1



WP_300078340.1#38|uncultured_Thomasclavelia_sp_	2052	-	+	21	-7182	-5131	97356	99407	WP_300078353.1#38	NZ_CAMMEH010000004.1	GCF_946495845.1
WP_300078340.1#38|uncultured_Thomasclavelia_sp_	1266	-	+	0	-5134	-3869	96094	97359	WP_300078350.1#38	NZ_CAMMEH010000004.1	GCF_946495845.1
WP_300078340.1#38|uncultured_Thomasclavelia_sp_	2979	-	+	34	-3869	-891	93116	96094	WP_300078347.1#38	NZ_CAMMEH010000004.1	GCF_946495845.1
WP_300078340.1#38|uncultured_Thomasclavelia_sp_	657	-	+	2	-655	1	92224	92880	WP_300078344.1#38	NZ_CAMMEH010000004.1	GCF_946495845.1
WP_300078340.1#38|uncultured_Thomasclavelia_sp_	498	-	+	44	1	498	91727	92224	WP_300078340.1#38	NZ_CAMMEH010000004.1	GCF_946495845.1
WP_300078340.1#38|uncultured_Thomasclavelia_sp_	366	-	+	1	501	866	91359	91724	WP_300078337.1#38	NZ_CAMMEH010000004.1	GCF_946495845.1
WP_300078340.1#38|uncultured_Thomasclavelia_sp_	456	-	+	46	1022	1477	90748	91203	pseudogene_38.8*#38	NZ_CAMMEH010000004.1	GCF_946495845.1
WP_300078340.1#38|uncultured_Thomasclavelia_sp_	876	-	+	0	1620	2495	89730	90605	WP_296884420.1#38	NZ_CAMMEH010000004.1	GCF_946495845.1
WP_300078340.1#38|uncultured_Thomasclavelia_sp_	888	-	+	0	2703	3590	88635	89522	WP_087300439.1#38	NZ_CAMMEH010000004.1	GCF_946495845.1



WP_218564240.1#53|Anaerobiospirillum_thomasii	3363	-	-	0	-7690	-4328	532073	535435	WP_218564241.1#53	NZ_UAPU01000005.1	GCF_900445255.1
WP_218564240.1#53|Anaerobiospirillum_thomasii	855	-	-	0	-4327	-3473	531218	532072	WP_113745750.1#53	NZ_UAPU01000005.1	GCF_900445255.1
WP_218564240.1#53|Anaerobiospirillum_thomasii	1755	-	+	15	-2609	-855	528600	530354	WP_113745749.1#53	NZ_UAPU01000005.1	GCF_900445255.1
WP_218564240.1#53|Anaerobiospirillum_thomasii	669	-	+	2	-654	14	527731	528399	WP_113745748.1#53	NZ_UAPU01000005.1	GCF_900445255.1
WP_218564240.1#53|Anaerobiospirillum_thomasii	402	-	+	44	1	402	527343	527744	WP_218564240.1#53	NZ_UAPU01000005.1	GCF_900445255.1
WP_218564240.1#53|Anaerobiospirillum_thomasii	1788	-	+	15	582	2369	525376	527163	WP_113744158.1#53	NZ_UAPU01000005.1	GCF_900445255.1
WP_218564240.1#53|Anaerobiospirillum_thomasii	336	-	+	1	2514	2849	524896	525231	WP_113744568.1#53	NZ_UAPU01000005.1	GCF_900445255.1
WP_218564240.1#53|Anaerobiospirillum_thomasii	1683	-	-	15	2983	4665	523080	524762	WP_113745435.1#53	NZ_UAPU01000005.1	GCF_900445255.1
WP_218564240.1#53|Anaerobiospirillum_thomasii	717	-	-	0	5040	5756	521989	522705	WP_113745434.1#53	NZ_UAPU01000005.1	GCF_900445255.1



WP_304016412.1#61|Fenollaria_timonensis	534	-	+	0	-2925	-2392	49225	49758	WP_304016416.1#61	NZ_JASBXP010000003.1	GCF_029984375.1
WP_304016412.1#61|Fenollaria_timonensis	972	-	+	0	-2376	-1405	48238	49209	WP_304016415.1#61	NZ_JASBXP010000003.1	GCF_029984375.1
WP_304016412.1#61|Fenollaria_timonensis	483	-	+	0	-1405	-923	47756	48238	WP_304016414.1#61	NZ_JASBXP010000003.1	GCF_029984375.1
WP_304016412.1#61|Fenollaria_timonensis	669	-	+	2	-654	14	46819	47487	WP_304016413.1#61	NZ_JASBXP010000003.1	GCF_029984375.1
WP_304016412.1#61|Fenollaria_timonensis	486	-	+	44	1	486	46347	46832	WP_304016412.1#61	NZ_JASBXP010000003.1	GCF_029984375.1
WP_304016412.1#61|Fenollaria_timonensis	321	-	+	1	487	807	46026	46346	WP_304016411.1#61	NZ_JASBXP010000003.1	GCF_029984375.1
WP_304016412.1#61|Fenollaria_timonensis	1035	-	+	42	829	1863	44970	46004	WP_304016410.1#61	NZ_JASBXP010000003.1	GCF_029984375.1
WP_304016412.1#61|Fenollaria_timonensis	399	-	+	0	1896	2294	44539	44937	WP_304016409.1#61	NZ_JASBXP010000003.1	GCF_029984375.1
WP_304016412.1#61|Fenollaria_timonensis	1578	-	+	21	2390	3967	42866	44443	WP_304016408.1#61	NZ_JASBXP010000003.1	GCF_029984375.1



WP_081904919.1#73|Bacillus_sp__UNC322MFChir4_1	654	-	+	0	-3247	-2594	4663	5316	WP_035434805.1#73	NZ_JQKQ01000063.1	GCF_000746135.1
WP_081904919.1#73|Bacillus_sp__UNC322MFChir4_1	276	-	-	0	-2276	-2001	4070	4345	WP_035434804.1#73	NZ_JQKQ01000063.1	GCF_000746135.1
WP_081904919.1#73|Bacillus_sp__UNC322MFChir4_1	1089	-	+	0	-1510	-422	2491	3579	WP_035434802.1#73	NZ_JQKQ01000063.1	GCF_000746135.1
WP_081904919.1#73|Bacillus_sp__UNC322MFChir4_1	357	-	+	0	-425	-69	2138	2494	WP_051957352.1#73	NZ_JQKQ01000063.1	GCF_000746135.1
WP_081904919.1#73|Bacillus_sp__UNC322MFChir4_1	303	-	+	44	1	303	1766	2068	WP_081904919.1#73	NZ_JQKQ01000063.1	GCF_000746135.1
WP_081904919.1#73|Bacillus_sp__UNC322MFChir4_1	306	-	+	1	329	634	1435	1740	WP_035434801.1#73	NZ_JQKQ01000063.1	GCF_000746135.1
WP_081904919.1#73|Bacillus_sp__UNC322MFChir4_1	570	-	+	37	1046	1615	454	1023	WP_035434798.1#73	NZ_JQKQ01000063.1	GCF_000746135.1
WP_081904919.1#73|Bacillus_sp__UNC322MFChir4_1	363	-	+	0	1692	2054	15	377	WP_051957351.1#73	NZ_JQKQ01000063.1	GCF_000746135.1



WP_309145144.1#22|Brevibacillus_sp__HB2_2	708	+	-	0	-3766	-3059	60623	61330	WP_016738814.1#22	NZ_JABSUV010000027.1	GCF_013284275.1
WP_309145144.1#22|Brevibacillus_sp__HB2_2	1365	+	-	0	-3021	-1657	61368	62732	WP_173606211.1#22	NZ_JABSUV010000027.1	GCF_013284275.1
WP_309145144.1#22|Brevibacillus_sp__HB2_2	960	+	+	0	-1402	-443	62987	63946	WP_173606212.1#22	NZ_JABSUV010000027.1	GCF_013284275.1
WP_309145144.1#22|Brevibacillus_sp__HB2_2	222	+	+	0	-347	-126	64042	64263	WP_173606213.1#22	NZ_JABSUV010000027.1	GCF_013284275.1
WP_309145144.1#22|Brevibacillus_sp__HB2_2	4899	+	+	44	1	4899	64390	69288	WP_309145144.1#22	NZ_JABSUV010000027.1	GCF_013284275.1
WP_309145144.1#22|Brevibacillus_sp__HB2_2	306	+	+	1	4910	5215	69299	69604	WP_173606214.1#22	NZ_JABSUV010000027.1	GCF_013284275.1
WP_309145144.1#22|Brevibacillus_sp__HB2_2	1215	+	+	0	5387	6601	69776	70990	WP_173606215.1#22	NZ_JABSUV010000027.1	GCF_013284275.1
WP_309145144.1#22|Brevibacillus_sp__HB2_2	150	+	+	0	6626	6775	71015	71164	WP_012684162.1#22	NZ_JABSUV010000027.1	GCF_013284275.1
WP_309145144.1#22|Brevibacillus_sp__HB2_2	1158	+	-	0	6777	7934	71166	72323	WP_173606216.1#22	NZ_JABSUV010000027.1	GCF_013284275.1



WP_305089849.1#19|Clostridium_septicum	1017	-	-	0	-4353	-3337	3002889	3003905	WP_305089852.1#19	NZ_CP131445.1	GCF_030664715.1
WP_305089849.1#19|Clostridium_septicum	555	-	+	37	-3213	-2659	3002211	3002765	WP_305089851.1#19	NZ_CP131445.1	GCF_030664715.1
WP_305089849.1#19|Clostridium_septicum	438	-	+	0	-1794	-1357	3000909	3001346	WP_120140637.1#19	NZ_CP131445.1	GCF_030664715.1
WP_305089849.1#19|Clostridium_septicum	354	-	+	0	-1357	-1004	3000556	3000909	WP_305089850.1#19	NZ_CP131445.1	GCF_030664715.1
WP_305089849.1#19|Clostridium_septicum	519	-	+	44	1	519	2999033	2999551	WP_305089849.1#19	NZ_CP131445.1	GCF_030664715.1
WP_305089849.1#19|Clostridium_septicum	303	-	+	1	537	839	2998713	2999015	WP_066679065.1#19	NZ_CP131445.1	GCF_030664715.1
WP_305089849.1#19|Clostridium_septicum	426	-	+	0	1326	1751	2997801	2998226	WP_227909561.1#19	NZ_CP131445.1	GCF_030664715.1
WP_305089849.1#19|Clostridium_septicum	348	-	+	0	1738	2085	2997467	2997814	WP_066679067.1#19	NZ_CP131445.1	GCF_030664715.1
WP_305089849.1#19|Clostridium_septicum	876	-	+	0	3239	4114	2995438	2996313	WP_066679069.1#19	NZ_CP131445.1	GCF_030664715.1



WP_305905515.1#20|Hahella_aquimaris	423	-	+	0	-3117	-2695	2759605	2760027	WP_305905519.1#20	NZ_CP132203.1	GCF_030719035.1
WP_305905515.1#20|Hahella_aquimaris	606	-	+	0	-2584	-1979	2758889	2759494	WP_305905518.1#20	NZ_CP132203.1	GCF_030719035.1
WP_305905515.1#20|Hahella_aquimaris	531	-	+	38	-1813	-1283	2758193	2758723	WP_305905517.1#20	NZ_CP132203.1	GCF_030719035.1
WP_305905515.1#20|Hahella_aquimaris	417	-	+	0	-1286	-870	2757780	2758196	WP_305905516.1#20	NZ_CP132203.1	GCF_030719035.1
WP_305905515.1#20|Hahella_aquimaris	15330	-	+	44	1	15330	2741580	2756909	WP_305905515.1#20	NZ_CP132203.1	GCF_030719035.1
WP_305905515.1#20|Hahella_aquimaris	312	-	+	1	15340	15651	2741259	2741570	WP_305905514.1#20	NZ_CP132203.1	GCF_030719035.1
WP_305905515.1#20|Hahella_aquimaris	168	-	+	46	15798	15965	2740945	2741112	pseudogene_20.9*#20	NZ_CP132203.1	GCF_030719035.1
WP_305905515.1#20|Hahella_aquimaris	321	-	+	46	16059	16379	2740531	2740851	pseudogene_20.6*#20	NZ_CP132203.1	GCF_030719035.1
WP_305905515.1#20|Hahella_aquimaris	531	-	+	38	16544	17074	2739836	2740366	WP_305905513.1#20	NZ_CP132203.1	GCF_030719035.1



WP_022747758.1#41|Clostridium_saccharobutylicum	579	+	+	0	-4931	-4353	46372	46950	WP_022747765.1#41	NZ_JABAJJ010000040.1	GCF_014231195.1
WP_022747758.1#41|Clostridium_saccharobutylicum	2555	+	+	46	-4227	-1673	47076	49630	pseudogene_41.0*#41	NZ_JABAJJ010000040.1	GCF_014231195.1
WP_022747758.1#41|Clostridium_saccharobutylicum	423	+	+	0	-1135	-713	50168	50590	WP_022747762.1#41	NZ_JABAJJ010000040.1	GCF_014231195.1
WP_022747758.1#41|Clostridium_saccharobutylicum	114	+	+	46	-230	-117	51073	51186	pseudogene_41.2*#41	NZ_JABAJJ010000040.1	GCF_014231195.1
WP_022747758.1#41|Clostridium_saccharobutylicum	750	+	+	44	1	750	51304	52053	WP_022747758.1#41	NZ_JABAJJ010000040.1	GCF_014231195.1
WP_022747758.1#41|Clostridium_saccharobutylicum	306	+	+	1	767	1072	52070	52375	WP_022747754.1#41	NZ_JABAJJ010000040.1	GCF_014231195.1



WP_312505125.1#27|Bacillus_luti	262	+	+	44	1	262	1	262	WP_312505125.1#27	NZ_DALZKM010000586.1	GCF_032008825.1
WP_312505125.1#27|Bacillus_luti	315	+	+	1	283	597	283	597	WP_000350220.1#27	NZ_DALZKM010000586.1	GCF_032008825.1
WP_312505125.1#27|Bacillus_luti	762	+	+	46	1012	1773	1012	1773	pseudogene_27.7*#27	NZ_DALZKM010000586.1	GCF_032008825.1
WP_312505125.1#27|Bacillus_luti	1047	+	+	0	1801	2847	1801	2847	WP_312505127.1#27	NZ_DALZKM010000586.1	GCF_032008825.1



WP_238343655.1#46|Gracilibacillus_saliphilus	507	-	+	44	1	507	545	1051	WP_238343655.1#46	NZ_WJEB01000074.1	GCF_010994085.1
WP_238343655.1#46|Gracilibacillus_saliphilus	306	-	+	1	527	832	220	525	WP_163583496.1#46	NZ_WJEB01000074.1	GCF_010994085.1



WP_242978554.1#14|Ruminococcus_flavefaciens	1140	-	+	0	-6966	-5827	208042	209181	WP_181380223.1#14	NZ_QGDI01000002.1	GCF_003149325.1
WP_242978554.1#14|Ruminococcus_flavefaciens	555	-	+	0	-5834	-5280	207495	208049	WP_242978555.1#14	NZ_QGDI01000002.1	GCF_003149325.1
WP_242978554.1#14|Ruminococcus_flavefaciens	3732	-	+	28	-4295	-564	202779	206510	WP_109725551.1#14	NZ_QGDI01000002.1	GCF_003149325.1
WP_242978554.1#14|Ruminococcus_flavefaciens	411	-	+	0	-552	-142	202357	202767	WP_109725550.1#14	NZ_QGDI01000002.1	GCF_003149325.1
WP_242978554.1#14|Ruminococcus_flavefaciens	1074	-	+	44	1	1074	201141	202214	WP_242978554.1#14	NZ_QGDI01000002.1	GCF_003149325.1
WP_242978554.1#14|Ruminococcus_flavefaciens	318	-	+	1	1103	1420	200795	201112	WP_109725549.1#14	NZ_QGDI01000002.1	GCF_003149325.1
WP_242978554.1#14|Ruminococcus_flavefaciens	672	-	+	28	1486	2157	200058	200729	WP_146198151.1#14	NZ_QGDI01000002.1	GCF_003149325.1
WP_242978554.1#14|Ruminococcus_flavefaciens	1056	-	-	46	2867	3922	198293	199348	pseudogene_14.2*#14	NZ_QGDI01000002.1	GCF_003149325.1
WP_242978554.1#14|Ruminococcus_flavefaciens	207	-	-	0	4529	4735	197480	197686	WP_109725546.1#14	NZ_QGDI01000002.1	GCF_003149325.1



WP_243087734.1#56|Roseburia_inulinivorans	777	+	+	0	-4601	-3825	15385	16161	WP_118204007.1#56	NZ_QRHP01000028.1	GCF_003470885.1
WP_243087734.1#56|Roseburia_inulinivorans	1332	+	+	0	-3788	-2457	16198	17529	WP_118204008.1#56	NZ_QRHP01000028.1	GCF_003470885.1
WP_243087734.1#56|Roseburia_inulinivorans	549	+	+	0	-2437	-1889	17549	18097	WP_007882473.1#56	NZ_QRHP01000028.1	GCF_003470885.1
WP_243087734.1#56|Roseburia_inulinivorans	1215	+	+	0	-1632	-418	18354	19568	WP_118127096.1#56	NZ_QRHP01000028.1	GCF_003470885.1
WP_243087734.1#56|Roseburia_inulinivorans	699	+	+	44	1	699	19987	20685	WP_243087734.1#56	NZ_QRHP01000028.1	GCF_003470885.1
WP_243087734.1#56|Roseburia_inulinivorans	303	+	+	1	718	1020	20704	21006	WP_118204009.1#56	NZ_QRHP01000028.1	GCF_003470885.1
WP_243087734.1#56|Roseburia_inulinivorans	1032	+	+	0	1290	2321	21276	22307	WP_118204010.1#56	NZ_QRHP01000028.1	GCF_003470885.1
WP_243087734.1#56|Roseburia_inulinivorans	597	+	+	0	2387	2983	22373	22969	WP_118204011.1#56	NZ_QRHP01000028.1	GCF_003470885.1
WP_243087734.1#56|Roseburia_inulinivorans	228	+	+	0	3011	3238	22997	23224	WP_118204012.1#56	NZ_QRHP01000028.1	GCF_003470885.1



WP_322925063.1#39|Paenibacillus_campi	1800	+	+	44	1	1800	1	1800	WP_322925063.1#39	NZ_JAXSRA010000017.1	GCF_034659775.1
WP_322925063.1#39|Paenibacillus_campi	303	+	+	1	1823	2125	1823	2125	WP_322925065.1#39	NZ_JAXSRA010000017.1	GCF_034659775.1
WP_322925063.1#39|Paenibacillus_campi	1374	+	+	0	2191	3564	2191	3564	WP_322925066.1#39	NZ_JAXSRA010000017.1	GCF_034659775.1
WP_322925063.1#39|Paenibacillus_campi	402	+	+	0	3582	3983	3582	3983	WP_322925068.1#39	NZ_JAXSRA010000017.1	GCF_034659775.1
WP_322925063.1#39|Paenibacillus_campi	849	+	+	46	4081	4929	4081	4929	pseudogene_39.1*#39	NZ_JAXSRA010000017.1	GCF_034659775.1



WP_302880579.1#51|Paenibacillus_ehimensis	501	-	-	0	-3386	-2886	14714	15214	WP_302880584.1#51	NZ_JAUMKJ010000039.1	GCF_030519515.1
WP_302880579.1#51|Paenibacillus_ehimensis	717	-	-	0	-2578	-1862	13690	14406	WP_025847338.1#51	NZ_JAUMKJ010000039.1	GCF_030519515.1
WP_302880579.1#51|Paenibacillus_ehimensis	669	-	-	0	-1840	-1172	13000	13668	WP_302880581.1#51	NZ_JAUMKJ010000039.1	GCF_030519515.1
WP_302880579.1#51|Paenibacillus_ehimensis	504	-	-	0	-1071	-568	12396	12899	WP_127490427.1#51	NZ_JAUMKJ010000039.1	GCF_030519515.1
WP_302880579.1#51|Paenibacillus_ehimensis	1221	-	+	44	1	1221	10607	11827	WP_302880579.1#51	NZ_JAUMKJ010000039.1	GCF_030519515.1
WP_302880579.1#51|Paenibacillus_ehimensis	303	-	+	1	1243	1545	10283	10585	WP_127490408.1#51	NZ_JAUMKJ010000039.1	GCF_030519515.1
WP_302880579.1#51|Paenibacillus_ehimensis	309	-	+	0	2672	2980	8848	9156	WP_051570145.1#51	NZ_JAUMKJ010000039.1	GCF_030519515.1
WP_302880579.1#51|Paenibacillus_ehimensis	501	-	+	0	4608	5108	6720	7220	WP_127490410.1#51	NZ_JAUMKJ010000039.1	GCF_030519515.1
WP_302880579.1#51|Paenibacillus_ehimensis	711	-	-	0	5185	5895	5933	6643	WP_127490411.1#51	NZ_JAUMKJ010000039.1	GCF_030519515.1



WP_325956546.1#30|Shouchella_clausii	459	-	+	41	-812	-354	6371	6829	WP_325956548.1#30	NZ_JARRUH010000046.1	GCF_035776555.1
WP_325956546.1#30|Shouchella_clausii	270	-	+	44	1	270	5747	6016	WP_325956546.1#30	NZ_JARRUH010000046.1	GCF_035776555.1
WP_325956546.1#30|Shouchella_clausii	942	-	+	40	1028	1969	4048	4989	WP_325956545.1#30	NZ_JARRUH010000046.1	GCF_035776555.1
WP_325956546.1#30|Shouchella_clausii	465	-	+	41	1980	2444	3573	4037	WP_095305960.1#30	NZ_JARRUH010000046.1	GCF_035776555.1
WP_325956546.1#30|Shouchella_clausii	636	-	+	40	2799	3434	2583	3218	WP_312009532.1#30	NZ_JARRUH010000046.1	GCF_035776555.1
WP_325956546.1#30|Shouchella_clausii	300	-	+	0	3451	3750	2267	2566	WP_325956544.1#30	NZ_JARRUH010000046.1	GCF_035776555.1



WP_257822145.1#68|Salipaludibacillus_agaradhaerens	642	-	+	11	-3101	-2460	22005	22646	WP_257822142.1#68	NZ_JABXYQ010000001.1	GCF_024701475.1
WP_257822145.1#68|Salipaludibacillus_agaradhaerens	789	-	+	0	-2460	-1672	21217	22005	WP_257822143.1#68	NZ_JABXYQ010000001.1	GCF_024701475.1
WP_257822145.1#68|Salipaludibacillus_agaradhaerens	306	-	+	0	-1606	-1301	20846	21151	WP_257822903.1#68	NZ_JABXYQ010000001.1	GCF_024701475.1
WP_257822145.1#68|Salipaludibacillus_agaradhaerens	480	-	-	0	-1272	-793	20338	20817	WP_257822144.1#68	NZ_JABXYQ010000001.1	GCF_024701475.1
WP_257822145.1#68|Salipaludibacillus_agaradhaerens	1578	-	+	44	1	1578	17967	19544	WP_257822145.1#68	NZ_JABXYQ010000001.1	GCF_024701475.1
WP_257822145.1#68|Salipaludibacillus_agaradhaerens	303	-	+	1	1600	1902	17643	17945	WP_078577998.1#68	NZ_JABXYQ010000001.1	GCF_024701475.1
WP_257822145.1#68|Salipaludibacillus_agaradhaerens	2976	-	-	0	3375	6350	13195	16170	WP_257822146.1#68	NZ_JABXYQ010000001.1	GCF_024701475.1
WP_257822145.1#68|Salipaludibacillus_agaradhaerens	969	-	-	0	6343	7311	12234	13202	WP_257822148.1#68	NZ_JABXYQ010000001.1	GCF_024701475.1
WP_257822145.1#68|Salipaludibacillus_agaradhaerens	3339	-	-	0	7601	10939	8606	11944	WP_257822149.1#68	NZ_JABXYQ010000001.1	GCF_024701475.1



WP_241433655.1#67|Listeria_floridensis_FSL_S10_1187	750	-	+	44	1	750	13076	13825	WP_241433655.1#67	NZ_AODF01000035.1	GCF_000525875.1
WP_241433655.1#67|Listeria_floridensis_FSL_S10_1187	258	-	+	1	824	1081	12745	13002	WP_051993653.1#67	NZ_AODF01000035.1	GCF_000525875.1
WP_241433655.1#67|Listeria_floridensis_FSL_S10_1187	393	-	+	0	1418	1810	12016	12408	WP_036098293.1#67	NZ_AODF01000035.1	GCF_000525875.1
WP_241433655.1#67|Listeria_floridensis_FSL_S10_1187	759	-	-	0	1908	2666	11160	11918	WP_077913246.1#67	NZ_AODF01000035.1	GCF_000525875.1
WP_241433655.1#67|Listeria_floridensis_FSL_S10_1187	1449	-	+	25	2864	4312	9514	10962	WP_036098290.1#67	NZ_AODF01000035.1	GCF_000525875.1



WP_270996802.1#48|Listeria_seeligeri	369	+	+	0	-2399	-2031	35371	35739	WP_181249175.1#48	NZ_JAPJWI010000002.1	GCF_027863825.1
WP_270996802.1#48|Listeria_seeligeri	1287	+	+	30	-2034	-748	35736	37022	WP_228472255.1#48	NZ_JAPJWI010000002.1	GCF_027863825.1
WP_270996802.1#48|Listeria_seeligeri	420	+	+	0	-732	-313	37038	37457	WP_194339793.1#48	NZ_JAPJWI010000002.1	GCF_027863825.1
WP_270996802.1#48|Listeria_seeligeri	132	+	+	0	-208	-77	37562	37693	WP_270996801.1#48	NZ_JAPJWI010000002.1	GCF_027863825.1
WP_270996802.1#48|Listeria_seeligeri	927	+	+	44	1	927	37771	38697	WP_270996802.1#48	NZ_JAPJWI010000002.1	GCF_027863825.1
WP_270996802.1#48|Listeria_seeligeri	309	+	+	1	960	1268	38730	39038	WP_003748864.1#48	NZ_JAPJWI010000002.1	GCF_027863825.1
WP_270996802.1#48|Listeria_seeligeri	210	+	+	0	1448	1657	39218	39427	WP_003753208.1#48	NZ_JAPJWI010000002.1	GCF_027863825.1
WP_270996802.1#48|Listeria_seeligeri	390	+	+	0	1702	2091	39472	39861	WP_003748859.1#48	NZ_JAPJWI010000002.1	GCF_027863825.1
WP_270996802.1#48|Listeria_seeligeri	387	+	-	0	2130	2516	39900	40286	WP_003748857.1#48	NZ_JAPJWI010000002.1	GCF_027863825.1



WP_127821809.1#4|Flavobacterium_columnare	714	+	+	0	-3315	-2602	300854	301567	WP_127821740.1#4	NZ_RWGX02000014.1	GCF_004010225.2
WP_127821809.1#4|Flavobacterium_columnare	1044	+	+	24	-2414	-1371	301755	302798	WP_127821741.1#4	NZ_RWGX02000014.1	GCF_004010225.2
WP_127821809.1#4|Flavobacterium_columnare	663	+	+	0	-1368	-706	302801	303463	WP_127821742.1#4	NZ_RWGX02000014.1	GCF_004010225.2
WP_127821809.1#4|Flavobacterium_columnare	420	+	+	24	-487	-68	303682	304101	WP_318580845.1#4	NZ_RWGX02000014.1	GCF_004010225.2
WP_127821809.1#4|Flavobacterium_columnare	600	+	+	44	1	600	304170	304769	WP_127821809.1#4	NZ_RWGX02000014.1	GCF_004010225.2
WP_127821809.1#4|Flavobacterium_columnare	375	+	+	1	605	979	304774	305148	WP_127821743.1#4	NZ_RWGX02000014.1	GCF_004010225.2
WP_127821809.1#4|Flavobacterium_columnare	1284	+	+	0	1353	2636	305522	306805	WP_127821744.1#4	NZ_RWGX02000014.1	GCF_004010225.2
WP_127821809.1#4|Flavobacterium_columnare	777	+	+	24	2760	3536	306929	307705	WP_127821745.1#4	NZ_RWGX02000014.1	GCF_004010225.2
WP_127821809.1#4|Flavobacterium_columnare	585	+	+	0	3539	4123	307708	308292	WP_127821746.1#4	NZ_RWGX02000014.1	GCF_004010225.2



WP_202971689.1#12|Flavobacterium_covae	1092	-	+	44	1	1092	7281	8372	WP_202971689.1#12	NZ_MTDA01000080.1	GCF_002204845.1
WP_202971689.1#12|Flavobacterium_covae	345	-	+	1	1097	1441	6932	7276	WP_088467023.1#12	NZ_MTDA01000080.1	GCF_002204845.1
WP_202971689.1#12|Flavobacterium_covae	123	-	+	46	1554	1676	6697	6819	pseudogene_12.3*#12	NZ_MTDA01000080.1	GCF_002204845.1
WP_202971689.1#12|Flavobacterium_covae	207	-	+	0	2006	2212	6161	6367	WP_088467022.1#12	NZ_MTDA01000080.1	GCF_002204845.1
WP_202971689.1#12|Flavobacterium_covae	387	-	+	0	2217	2603	5770	6156	WP_088467021.1#12	NZ_MTDA01000080.1	GCF_002204845.1



WP_082396183.1#74|Olleya_sp__ITB9	351	+	+	16	-1916	-1566	48197	48547	WP_054852332.1#74	NZ_BCBW01000039.1	GCF_001315805.1
WP_082396183.1#74|Olleya_sp__ITB9	531	+	+	0	-1179	-649	48934	49464	WP_261975632.1#74	NZ_BCBW01000039.1	GCF_001315805.1
WP_082396183.1#74|Olleya_sp__ITB9	336	+	+	16	-637	-302	49476	49811	WP_148638445.1#74	NZ_BCBW01000039.1	GCF_001315805.1
WP_082396183.1#74|Olleya_sp__ITB9	153	+	+	29	-141	11	49972	50124	WP_162874881.1#74	NZ_BCBW01000039.1	GCF_001315805.1
WP_082396183.1#74|Olleya_sp__ITB9	546	+	+	44	1	546	50114	50659	WP_082396183.1#74	NZ_BCBW01000039.1	GCF_001315805.1
WP_082396183.1#74|Olleya_sp__ITB9	324	+	+	1	551	874	50664	50987	WP_054852335.1#74	NZ_BCBW01000039.1	GCF_001315805.1
WP_082396183.1#74|Olleya_sp__ITB9	345	+	+	16	1143	1487	51256	51600	WP_054852336.1#74	NZ_BCBW01000039.1	GCF_001315805.1
WP_082396183.1#74|Olleya_sp__ITB9	153	+	+	29	1733	1885	51846	51998	WP_187294269.1#74	NZ_BCBW01000039.1	GCF_001315805.1
WP_082396183.1#74|Olleya_sp__ITB9	195	+	+	0	1875	2069	51988	52182	WP_054852337.1#74	NZ_BCBW01000039.1	GCF_001315805.1



WP_125066380.1#3|Tenacibaculum_singaporense	690	+	-	0	-6215	-5526	145994	146683	WP_125066377.1#3	NZ_JBGFGJ010000132.1	GCF_041224515.1
WP_125066380.1#3|Tenacibaculum_singaporense	621	+	-	0	-5525	-4905	146684	147304	WP_125066378.1#3	NZ_JBGFGJ010000132.1	GCF_041224515.1
WP_125066380.1#3|Tenacibaculum_singaporense	801	+	-	0	-4899	-4099	147310	148110	WP_073182393.1#3	NZ_JBGFGJ010000132.1	GCF_041224515.1
WP_125066380.1#3|Tenacibaculum_singaporense	3552	+	+	12	-3786	-235	148423	151974	WP_125066379.1#3	NZ_JBGFGJ010000132.1	GCF_041224515.1
WP_125066380.1#3|Tenacibaculum_singaporense	2550	+	+	44	1	2550	152210	154759	WP_125066380.1#3	NZ_JBGFGJ010000132.1	GCF_041224515.1
WP_125066380.1#3|Tenacibaculum_singaporense	321	+	+	1	2561	2881	154770	155090	WP_073182395.1#3	NZ_JBGFGJ010000132.1	GCF_041224515.1
WP_125066380.1#3|Tenacibaculum_singaporense	432	+	+	0	3223	3654	155432	155863	WP_073182396.1#3	NZ_JBGFGJ010000132.1	GCF_041224515.1
WP_125066380.1#3|Tenacibaculum_singaporense	429	+	+	0	3647	4075	155856	156284	WP_125066381.1#3	NZ_JBGFGJ010000132.1	GCF_041224515.1
WP_125066380.1#3|Tenacibaculum_singaporense	618	+	+	0	4147	4764	156356	156973	WP_125066382.1#3	NZ_JBGFGJ010000132.1	GCF_041224515.1



WP_294231915.1#26|uncultured_Chryseobacterium_sp_	966	-	-	0	-9769	-8804	14343	15308	WP_294231922.1#26	NZ_CAJYGL010000097.1	GCF_913774375.1
WP_294231915.1#26|uncultured_Chryseobacterium_sp_	3513	-	+	0	-8298	-4786	10325	13837	WP_294231920.1#26	NZ_CAJYGL010000097.1	GCF_913774375.1
WP_294231915.1#26|uncultured_Chryseobacterium_sp_	4095	-	+	12	-4479	-385	5924	10018	WP_294231919.1#26	NZ_CAJYGL010000097.1	GCF_913774375.1
WP_294231915.1#26|uncultured_Chryseobacterium_sp_	351	-	+	19	-353	-3	5542	5892	WP_294231917.1#26	NZ_CAJYGL010000097.1	GCF_913774375.1
WP_294231915.1#26|uncultured_Chryseobacterium_sp_	2409	-	+	44	1	2409	3130	5538	WP_294231915.1#26	NZ_CAJYGL010000097.1	GCF_913774375.1
WP_294231915.1#26|uncultured_Chryseobacterium_sp_	309	-	+	1	2421	2729	2810	3118	WP_294231912.1#26	NZ_CAJYGL010000097.1	GCF_913774375.1
WP_294231915.1#26|uncultured_Chryseobacterium_sp_	651	-	+	0	3103	3753	1786	2436	WP_294231909.1#26	NZ_CAJYGL010000097.1	GCF_913774375.1
WP_294231915.1#26|uncultured_Chryseobacterium_sp_	384	-	+	0	3755	4138	1401	1784	WP_294231907.1#26	NZ_CAJYGL010000097.1	GCF_913774375.1
WP_294231915.1#26|uncultured_Chryseobacterium_sp_	480	-	+	0	4923	5402	137	616	WP_294231906.1#26	NZ_CAJYGL010000097.1	GCF_913774375.1



WP_220477651.1#66|Flavobacterium_gossypii	2202	+	-	0	-7608	-5407	439079	441280	WP_182493657.1#66	NZ_JBHSBZ010000002.1	GCF_042650925.1
WP_220477651.1#66|Flavobacterium_gossypii	129	+	+	0	-5087	-4959	441600	441728	WP_262888878.1#66	NZ_JBHSBZ010000002.1	GCF_042650925.1
WP_220477651.1#66|Flavobacterium_gossypii	4119	+	+	12	-4482	-364	442205	446323	WP_182493656.1#66	NZ_JBHSBZ010000002.1	GCF_042650925.1
WP_220477651.1#66|Flavobacterium_gossypii	342	+	+	19	-367	-26	446320	446661	WP_182493655.1#66	NZ_JBHSBZ010000002.1	GCF_042650925.1
WP_220477651.1#66|Flavobacterium_gossypii	2577	+	+	44	1	2577	446688	449264	WP_220477651.1#66	NZ_JBHSBZ010000002.1	GCF_042650925.1
WP_220477651.1#66|Flavobacterium_gossypii	309	+	+	1	2579	2887	449266	449574	WP_182493654.1#66	NZ_JBHSBZ010000002.1	GCF_042650925.1
WP_220477651.1#66|Flavobacterium_gossypii	2406	+	-	0	2938	5343	449625	452030	WP_182493653.1#66	NZ_JBHSBZ010000002.1	GCF_042650925.1
WP_220477651.1#66|Flavobacterium_gossypii	2787	+	-	0	5552	8338	452239	455025	WP_246336950.1#66	NZ_JBHSBZ010000002.1	GCF_042650925.1
WP_220477651.1#66|Flavobacterium_gossypii	726	+	-	0	8526	9251	455213	455938	WP_182493652.1#66	NZ_JBHSBZ010000002.1	GCF_042650925.1



WP_250225216.1#58|Chryseobacterium_gallinarum	1038	-	+	0	-6189	-5152	1277430	1278467	WP_053327774.1#58	NZ_JAMKMV010000001.1	GCF_023604885.1
WP_250225216.1#58|Chryseobacterium_gallinarum	171	-	+	0	-4922	-4752	1277030	1277200	WP_156173250.1#58	NZ_JAMKMV010000001.1	GCF_023604885.1
WP_250225216.1#58|Chryseobacterium_gallinarum	4074	-	+	12	-4446	-373	1272651	1276724	WP_174441952.1#58	NZ_JAMKMV010000001.1	GCF_023604885.1
WP_250225216.1#58|Chryseobacterium_gallinarum	369	-	+	19	-354	14	1272264	1272632	WP_050022449.1#58	NZ_JAMKMV010000001.1	GCF_023604885.1
WP_250225216.1#58|Chryseobacterium_gallinarum	2619	-	+	44	1	2619	1269659	1272277	WP_250225216.1#58	NZ_JAMKMV010000001.1	GCF_023604885.1
WP_250225216.1#58|Chryseobacterium_gallinarum	312	-	+	1	2630	2941	1269337	1269648	WP_050022446.1#58	NZ_JAMKMV010000001.1	GCF_023604885.1
WP_250225216.1#58|Chryseobacterium_gallinarum	921	-	+	0	3098	4018	1268260	1269180	WP_053327765.1#58	NZ_JAMKMV010000001.1	GCF_023604885.1
WP_250225216.1#58|Chryseobacterium_gallinarum	624	-	+	0	4062	4685	1267593	1268216	WP_228377714.1#58	NZ_JAMKMV010000001.1	GCF_023604885.1
WP_250225216.1#58|Chryseobacterium_gallinarum	432	-	+	0	4686	5117	1267161	1267592	WP_050022444.1#58	NZ_JAMKMV010000001.1	GCF_023604885.1



