XP_039505347.1#71|Pimephales_promelas	2773	+	+	34	-42925	-40153	69989	72761	lncRNA_71.4*#71	NW_024121544.1	GCF_016745375.1
XP_039505347.1#71|Pimephales_promelas	3698	+	-	0	-35296	-31599	77618	81315	XP_039505345.1#71	NW_024121544.1	GCF_016745375.1
XP_039505347.1#71|Pimephales_promelas	52382	+	-	30	-23706	28675	89208	141589	XP_039505332.1#71	NW_024121544.1	GCF_016745375.1
XP_039505347.1#71|Pimephales_promelas	7375	+	+	34	-10074	-2700	102840	110214	lncRNA_71.1*#71	NW_024121544.1	GCF_016745375.1
XP_039505347.1#71|Pimephales_promelas	3111	+	+	33	1	3111	112915	116025	XP_039505347.1#71	NW_024121544.1	GCF_016745375.1
XP_039505347.1#71|Pimephales_promelas	1166	+	-	34	43612	44777	156526	157691	lncRNA_71.9*#71	NW_024121544.1	GCF_016745375.1
XP_039505347.1#71|Pimephales_promelas	1166	+	-	34	43612	44777	156526	157691	lncRNA_71.9*#71	NW_024121544.1	GCF_016745375.1
XP_039505347.1#71|Pimephales_promelas	16701	+	-	29	45539	62239	158453	175153	XP_039505336.1#71	NW_024121544.1	GCF_016745375.1
XP_039505347.1#71|Pimephales_promelas	8823	+	-	31	63266	72088	176180	185002	XP_039505307.1#71	NW_024121544.1	GCF_016745375.1



XP_048039586.1#32|Megalobrama_amblycephala	15526	+	+	2	-87433	-71908	5592950	5608475	XP_048039570.1#32	NC_063046.1	GCF_018812025.1
XP_048039586.1#32|Megalobrama_amblycephala	4891	+	+	2	-66957	-62067	5613426	5618316	XP_048039566.1#32	NC_063046.1	GCF_018812025.1
XP_048039586.1#32|Megalobrama_amblycephala	10982	+	-	2	-52028	-41047	5628355	5639336	XP_048039569.1#32	NC_063046.1	GCF_018812025.1
XP_048039586.1#32|Megalobrama_amblycephala	29609	+	+	2	-32685	-3077	5647698	5677306	XP_048039567.1#32	NC_063046.1	GCF_018812025.1
XP_048039586.1#32|Megalobrama_amblycephala	4086	+	+	33	1	4086	5680384	5684469	XP_048039586.1#32	NC_063046.1	GCF_018812025.1
XP_048039586.1#32|Megalobrama_amblycephala	10151	+	-	2	14069	24219	5694452	5704602	XP_048039571.1#32	NC_063046.1	GCF_018812025.1
XP_048039586.1#32|Megalobrama_amblycephala	25051	+	-	18	38637	63687	5719020	5744070	XP_048039133.1#32	NC_063046.1	GCF_018812025.1
XP_048039586.1#32|Megalobrama_amblycephala	2366	+	-	35	66025	68390	5746408	5748773	pseudogene_32.7*#32	NC_063046.1	GCF_018812025.1
XP_048039586.1#32|Megalobrama_amblycephala	12436	+	-	18	74704	87139	5755087	5767522	XP_048039561.1#32	NC_063046.1	GCF_018812025.1



XP_051755626.1#1|Ctenopharyngodon_idella	3408	+	-	35	-40333	-36926	27278259	27281666	pseudogene_1.1*#1	NC_067226.1	GCF_019924925.1
XP_051755626.1#1|Ctenopharyngodon_idella	2054	+	+	35	-26198	-24145	27292394	27294447	pseudogene_1.8*#1	NC_067226.1	GCF_019924925.1
XP_051755626.1#1|Ctenopharyngodon_idella	3926	+	-	0	-23393	-19468	27295199	27299124	XP_051755470.1#1	NC_067226.1	GCF_019924925.1
XP_051755626.1#1|Ctenopharyngodon_idella	44948	+	-	30	-17099	27848	27301493	27346440	XP_051755624.1#1	NC_067226.1	GCF_019924925.1
XP_051755626.1#1|Ctenopharyngodon_idella	7257	+	+	33	1	7257	27318593	27325849	XP_051755626.1#1	NC_067226.1	GCF_019924925.1
XP_051755626.1#1|Ctenopharyngodon_idella	14006	+	-	29	44476	58481	27363068	27377073	XP_051755397.1#1	NC_067226.1	GCF_019924925.1
XP_051755626.1#1|Ctenopharyngodon_idella	8853	+	-	31	58858	67710	27377450	27386302	XP_051757623.1#1	NC_067226.1	GCF_019924925.1
XP_051755626.1#1|Ctenopharyngodon_idella	7499	+	+	0	70647	78145	27389239	27396737	XP_051756941.1#1	NC_067226.1	GCF_019924925.1
XP_051755626.1#1|Ctenopharyngodon_idella	4042	+	+	0	83806	87847	27402398	27406439	XP_051756429.1#1	NC_067226.1	GCF_019924925.1



XP_035004480.2#21|Hippoglossus_stenolepis	4278	+	+	1	-20167	-15890	1373042	1377319	XP_035004842.2#21	NC_061505.1	GCF_022539355.2
XP_035004480.2#21|Hippoglossus_stenolepis	3179	+	+	1	-15794	-12616	1377415	1380593	XP_035004843.2#21	NC_061505.1	GCF_022539355.2
XP_035004480.2#21|Hippoglossus_stenolepis	3735	+	+	1	-10470	-6736	1382739	1386473	XP_047194782.1#21	NC_061505.1	GCF_022539355.2
XP_035004480.2#21|Hippoglossus_stenolepis	5734	+	+	1	-6295	-562	1386914	1392647	XP_047194781.1#21	NC_061505.1	GCF_022539355.2
XP_035004480.2#21|Hippoglossus_stenolepis	2494	+	+	33	1	2494	1393210	1395703	XP_035004480.2#21	NC_061505.1	GCF_022539355.2
XP_035004480.2#21|Hippoglossus_stenolepis	13816	+	-	10	3724	17539	1396933	1410748	XP_035004479.2#21	NC_061505.1	GCF_022539355.2
XP_035004480.2#21|Hippoglossus_stenolepis	1870	+	+	34	17710	19579	1410919	1412788	lncRNA_21.1*#21	NC_061505.1	GCF_022539355.2
XP_035004480.2#21|Hippoglossus_stenolepis	899	+	-	34	23169	24067	1416378	1417276	lncRNA_21.9*#21	NC_061505.1	GCF_022539355.2
XP_035004480.2#21|Hippoglossus_stenolepis	33096	+	+	12	27830	60925	1421039	1454134	XP_035004637.1#21	NC_061505.1	GCF_022539355.2



XP_030286448.1#58|Sparus_aurata	12113	-	+	1	-62566	-50454	15372415	15384527	XP_030286374.1#58	NC_044196.1	GCF_900880675.2
XP_030286448.1#58|Sparus_aurata	2054	-	+	34	-48943	-46890	15368851	15370904	lncRNA_58.5*#58	NC_044196.1	GCF_900880675.2
XP_030286448.1#58|Sparus_aurata	6154	-	+	1	-40129	-33976	15355937	15362090	XP_030286406.1#58	NC_044196.1	GCF_900880675.2
XP_030286448.1#58|Sparus_aurata	10296	-	+	1	-32231	-21936	15343897	15354192	XP_030286350.1#58	NC_044196.1	GCF_900880675.2
XP_030286448.1#58|Sparus_aurata	3329	-	+	33	1	3329	15318632	15321960	XP_030286448.1#58	NC_044196.1	GCF_900880675.2
XP_030286448.1#58|Sparus_aurata	2054	-	-	34	-48943	-46890	15368851	15370904	lncRNA_58.5*#58	NC_044196.1	GCF_900880675.2
XP_030286448.1#58|Sparus_aurata	11744	-	+	34	5489	17232	15304729	15316472	lncRNA_58.8*#58	NC_044196.1	GCF_900880675.2
XP_030286448.1#58|Sparus_aurata	2838	-	+	34	26293	29130	15292831	15295668	lncRNA_58.1*#58	NC_044196.1	GCF_900880675.2
XP_030286448.1#58|Sparus_aurata	1806	-	-	2	38832	40637	15281324	15283129	XP_030286439.1#58	NC_044196.1	GCF_900880675.2



XP_056884668.1#42|Takifugu_flavidus	1763	-	+	2	-25838	-24076	6276572	6278334	XP_056884703.1#42	NC_079522.1	GCF_003711565.1
XP_056884668.1#42|Takifugu_flavidus	1969	-	+	2	-23530	-21562	6274058	6276026	XP_056884347.1#42	NC_079522.1	GCF_003711565.1
XP_056884668.1#42|Takifugu_flavidus	1589	-	+	2	-20857	-19269	6271765	6273353	XP_056884701.1#42	NC_079522.1	GCF_003711565.1
XP_056884668.1#42|Takifugu_flavidus	9529	-	+	9	-14591	-5063	6257559	6267087	XP_056884361.1#42	NC_079522.1	GCF_003711565.1
XP_056884668.1#42|Takifugu_flavidus	1223	-	+	9	1	1223	6251273	6252495	XP_056884668.1#42	NC_079522.1	GCF_003711565.1
XP_056884668.1#42|Takifugu_flavidus	12544	-	-	10	3384	15927	6236569	6249112	XP_056884335.1#42	NC_079522.1	GCF_003711565.1
XP_056884668.1#42|Takifugu_flavidus	22354	-	+	12	25014	47367	6205129	6227482	XP_056884382.1#42	NC_079522.1	GCF_003711565.1
XP_056884668.1#42|Takifugu_flavidus	2622	-	-	19	47768	50389	6202107	6204728	XP_056884372.1#42	NC_079522.1	GCF_003711565.1
XP_056884668.1#42|Takifugu_flavidus	4056	-	-	1	50766	54821	6197675	6201730	XP_056884334.1#42	NC_079522.1	GCF_003711565.1



XP_056884361.1#40|Takifugu_flavidus	4072	-	+	2	-15682	-11611	6278699	6282770	XP_056884704.1#40	NC_079522.1	GCF_003711565.1
XP_056884361.1#40|Takifugu_flavidus	1763	-	+	2	-11246	-9484	6276572	6278334	XP_056884703.1#40	NC_079522.1	GCF_003711565.1
XP_056884361.1#40|Takifugu_flavidus	1969	-	+	2	-8938	-6970	6274058	6276026	XP_056884347.1#40	NC_079522.1	GCF_003711565.1
XP_056884361.1#40|Takifugu_flavidus	1589	-	+	2	-6265	-4677	6271765	6273353	XP_056884701.1#40	NC_079522.1	GCF_003711565.1
XP_056884361.1#40|Takifugu_flavidus	9529	-	+	9	1	9529	6257559	6267087	XP_056884361.1#40	NC_079522.1	GCF_003711565.1
XP_056884361.1#40|Takifugu_flavidus	1223	-	+	9	14593	15815	6251273	6252495	XP_056884668.1#40	NC_079522.1	GCF_003711565.1
XP_056884361.1#40|Takifugu_flavidus	12544	-	-	10	17976	30519	6236569	6249112	XP_056884335.1#40	NC_079522.1	GCF_003711565.1
XP_056884361.1#40|Takifugu_flavidus	22354	-	+	12	39606	61959	6205129	6227482	XP_056884382.1#40	NC_079522.1	GCF_003711565.1
XP_056884361.1#40|Takifugu_flavidus	2622	-	-	19	62360	64981	6202107	6204728	XP_056884372.1#40	NC_079522.1	GCF_003711565.1



XP_034532692.1#64|Notolabrus_celidotus	6048	-	+	1	-26267	-20220	6282672	6288719	XP_034532035.1#64	NC_048294.1	GCF_009762535.1
XP_034532692.1#64|Notolabrus_celidotus	1014	-	+	1	-17442	-16429	6278881	6279894	XP_034532037.1#64	NC_048294.1	GCF_009762535.1
XP_034532692.1#64|Notolabrus_celidotus	5637	-	+	1	-15286	-9650	6272102	6277738	XP_034532036.1#64	NC_048294.1	GCF_009762535.1
XP_034532692.1#64|Notolabrus_celidotus	2435	-	+	34	-5071	-2637	6265089	6267523	lncRNA_64.4*#64	NC_048294.1	GCF_009762535.1
XP_034532692.1#64|Notolabrus_celidotus	7623	-	+	33	1	7623	6254829	6262451	XP_034532692.1#64	NC_048294.1	GCF_009762535.1
XP_034532692.1#64|Notolabrus_celidotus	20019	-	+	1	12459	32477	6229975	6249993	XP_034532711.1#64	NC_048294.1	GCF_009762535.1
XP_034532692.1#64|Notolabrus_celidotus	2435	-	+	34	-5071	-2637	6265089	6267523	lncRNA_64.4*#64	NC_048294.1	GCF_009762535.1
XP_034532692.1#64|Notolabrus_celidotus	1409	-	-	2	45936	47344	6215108	6216516	XP_034532741.1#64	NC_048294.1	GCF_009762535.1
XP_034532692.1#64|Notolabrus_celidotus	2893	-	-	2	48848	51740	6210712	6213604	XP_034532693.1#64	NC_048294.1	GCF_009762535.1



XP_041635352.1#73|Cheilinus_undulatus	6891	+	+	1	-84694	-77804	25433515	25440405	XP_041635346.1#73	NC_054886.1	GCF_018320785.1
XP_041635352.1#73|Cheilinus_undulatus	8228	+	+	1	-76410	-68183	25441799	25450026	XP_041635343.1#73	NC_054886.1	GCF_018320785.1
XP_041635352.1#73|Cheilinus_undulatus	8000	+	+	1	-67938	-59939	25450271	25458270	XP_041635340.1#73	NC_054886.1	GCF_018320785.1
XP_041635352.1#73|Cheilinus_undulatus	12054	+	+	1	-51018	-38965	25467191	25479244	XP_041635339.1#73	NC_054886.1	GCF_018320785.1
XP_041635352.1#73|Cheilinus_undulatus	3747	+	+	33	1	3747	25518210	25521956	XP_041635352.1#73	NC_054886.1	GCF_018320785.1
XP_041635352.1#73|Cheilinus_undulatus	4509	+	-	2	9591	14099	25527800	25532308	XP_041635347.1#73	NC_054886.1	GCF_018320785.1
XP_041635352.1#73|Cheilinus_undulatus	1472	+	-	35	14234	15705	25532443	25533914	pseudogene_73.4*#73	NC_054886.1	GCF_018320785.1
XP_041635352.1#73|Cheilinus_undulatus	4500	+	+	2	46276	50775	25564485	25568984	XP_041635351.1#73	NC_054886.1	GCF_018320785.1
XP_041635352.1#73|Cheilinus_undulatus	1542	+	+	2	52535	54076	25570744	25572285	XP_041635349.1#73	NC_054886.1	GCF_018320785.1



XP_051258054.1#36|Dicentrarchus_labrax	12071	-	+	1	-31330	-19260	4174941	4187011	XP_051258352.1#36	NW_026136705.1	GCF_905237075.1
XP_051258054.1#36|Dicentrarchus_labrax	12243	-	+	1	-17683	-5441	4161122	4173364	XP_051258383.1#36	NW_026136705.1	GCF_905237075.1
XP_051258054.1#36|Dicentrarchus_labrax	3380	-	+	34	-5153	-1774	4157455	4160834	lncRNA_36.4*#36	NW_026136705.1	GCF_905237075.1
XP_051258054.1#36|Dicentrarchus_labrax	2572	-	-	2	4705	7276	4148405	4150976	XP_051258056.1#36	NW_026136705.1	GCF_905237075.1
XP_051258054.1#36|Dicentrarchus_labrax	15073	-	+	33	1	15073	4140608	4155680	XP_051258054.1#36	NW_026136705.1	GCF_905237075.1
XP_051258054.1#36|Dicentrarchus_labrax	1677	-	-	2	16769	18445	4137236	4138912	XP_051256980.1#36	NW_026136705.1	GCF_905237075.1
XP_051258054.1#36|Dicentrarchus_labrax	1945	-	-	2	22663	24607	4131074	4133018	XP_051258131.1#36	NW_026136705.1	GCF_905237075.1
XP_051258054.1#36|Dicentrarchus_labrax	1617	-	-	2	33642	35258	4120423	4122039	XP_051256979.1#36	NW_026136705.1	GCF_905237075.1
XP_051258054.1#36|Dicentrarchus_labrax	3028	-	-	2	45092	48119	4107562	4110589	XP_051256974.1#36	NW_026136705.1	GCF_905237075.1



XP_046235844.1#31|Scatophagus_argus	82	-	+	34	-35763	-35682	12593668	12593749	tRNA_31.6*#31	NC_058515.1	GCF_020382885.2
XP_046235844.1#31|Scatophagus_argus	38371	-	-	12	-72248	-33878	12591864	12630234	XP_046235910.1#31	NC_058515.1	GCF_020382885.2
XP_046235844.1#31|Scatophagus_argus	71	-	+	34	-25121	-25051	12583037	12583107	tRNA_31.7*#31	NC_058515.1	GCF_020382885.2
XP_046235844.1#31|Scatophagus_argus	17737	-	+	10	-18733	-997	12558983	12576719	XP_046237543.1#31	NC_058515.1	GCF_020382885.2
XP_046235844.1#31|Scatophagus_argus	1564	-	+	33	1	1564	12556422	12557985	XP_046235844.1#31	NC_058515.1	GCF_020382885.2
XP_046235844.1#31|Scatophagus_argus	2119	-	-	34	451	2569	12555417	12557535	lncRNA_31.2*#31	NC_058515.1	GCF_020382885.2
XP_046235844.1#31|Scatophagus_argus	1562	-	+	2	3237	4798	12553188	12554749	XP_046235842.1#31	NC_058515.1	GCF_020382885.2
XP_046235844.1#31|Scatophagus_argus	1569	-	+	2	7058	8626	12549360	12550928	XP_046235839.1#31	NC_058515.1	GCF_020382885.2
XP_046235844.1#31|Scatophagus_argus	6117	-	-	1	10762	16878	12541108	12547224	XP_046235837.1#31	NC_058515.1	GCF_020382885.2



XP_039465914.1#70|Oreochromis_aureus	11045	-	+	0	-93490	-82446	32018273	32029317	XP_039456071.1#70	NC_052944.1	GCF_013358895.1
XP_039465914.1#70|Oreochromis_aureus	6708	-	+	0	-82104	-75397	32011224	32017931	XP_039456062.1#70	NC_052944.1	GCF_013358895.1
XP_039465914.1#70|Oreochromis_aureus	2005	-	+	2	-31601	-29597	31965424	31967428	XP_039456056.1#70	NC_052944.1	GCF_013358895.1
XP_039465914.1#70|Oreochromis_aureus	20049	-	+	1	-13559	6489	31929338	31949386	XP_039456048.1#70	NC_052944.1	GCF_013358895.1
XP_039465914.1#70|Oreochromis_aureus	13918	-	+	33	1	13918	31921909	31935826	XP_039465914.1#70	NC_052944.1	GCF_013358895.1
XP_039465914.1#70|Oreochromis_aureus	1166	-	-	2	30196	31361	31904466	31905631	XP_039456039.1#70	NC_052944.1	GCF_013358895.1
XP_039465914.1#70|Oreochromis_aureus	28263	-	-	1	35462	63724	31872103	31900365	XP_039465902.1#70	NC_052944.1	GCF_013358895.1
XP_039465914.1#70|Oreochromis_aureus	3903	-	-	1	66491	70393	31865434	31869336	XP_039465915.1#70	NC_052944.1	GCF_013358895.1
XP_039465914.1#70|Oreochromis_aureus	544	-	-	34	70422	70965	31864862	31865405	lncRNA_70.0*#70	NC_052944.1	GCF_013358895.1



XP_029931563.1#55|Myripristis_murdjan	13271	-	+	1	-48887	-35617	10693004	10706274	XP_029931566.1#55	NC_043997.1	GCF_902150065.1
XP_029931563.1#55|Myripristis_murdjan	82	-	-	34	-27061	-26980	10684367	10684448	tRNA_55.9*#55	NC_043997.1	GCF_902150065.1
XP_029931563.1#55|Myripristis_murdjan	15978	-	+	1	-34384	-18407	10675794	10691771	XP_029931565.1#55	NC_043997.1	GCF_902150065.1
XP_029931563.1#55|Myripristis_murdjan	4651	-	-	2	-4638	12	10657375	10662025	XP_029931564.1#55	NC_043997.1	GCF_902150065.1
XP_029931563.1#55|Myripristis_murdjan	2295	-	+	33	1	2295	10655092	10657386	XP_029931563.1#55	NC_043997.1	GCF_902150065.1
XP_029931563.1#55|Myripristis_murdjan	1377	-	-	2	3516	4892	10652495	10653871	XP_029931562.1#55	NC_043997.1	GCF_902150065.1
XP_029931563.1#55|Myripristis_murdjan	64421	-	+	12	64331	128751	10528636	10593056	XP_029931668.1#55	NC_043997.1	GCF_902150065.1
XP_029931563.1#55|Myripristis_murdjan	124083	-	-	10	9003	133085	10524302	10648384	XP_029931663.1#55	NC_043997.1	GCF_902150065.1
XP_029931563.1#55|Myripristis_murdjan	7306	-	-	19	143994	151299	10506088	10513393	XP_029931413.1#55	NC_043997.1	GCF_902150065.1



XP_025761862.1#49|Oreochromis_niloticus	1152	+	+	34	-33661	-32510	28284223	28285374	lncRNA_49.1*#49	NC_031967.2	GCF_001858045.2
XP_025761862.1#49|Oreochromis_niloticus	1393	+	+	2	-32179	-30787	28285705	28287097	XP_013132752.2#49	NC_031967.2	GCF_001858045.2
XP_025761862.1#49|Oreochromis_niloticus	2396	+	+	2	-12342	-9947	28305542	28307937	XP_019209588.1#49	NC_031967.2	GCF_001858045.2
XP_025761862.1#49|Oreochromis_niloticus	23496	+	+	2	-4324	19171	28313560	28337055	XP_025761861.1#49	NC_031967.2	GCF_001858045.2
XP_025761862.1#49|Oreochromis_niloticus	9204	+	+	33	1	9204	28317885	28327088	XP_025761862.1#49	NC_031967.2	GCF_001858045.2
XP_025761862.1#49|Oreochromis_niloticus	1746	+	+	2	24921	26666	28342805	28344550	XP_013132711.2#49	NC_031967.2	GCF_001858045.2
XP_025761862.1#49|Oreochromis_niloticus	1045	+	+	2	34721	35765	28352605	28353649	XP_025761863.1#49	NC_031967.2	GCF_001858045.2
XP_025761862.1#49|Oreochromis_niloticus	1291	+	+	2	39023	40313	28356907	28358197	XP_019209587.1#49	NC_031967.2	GCF_001858045.2
XP_025761862.1#49|Oreochromis_niloticus	1010	+	+	2	40576	41585	28358460	28359469	XP_019209627.1#49	NC_031967.2	GCF_001858045.2



XP_054483014.1#4|Anoplopoma_fimbria	1349	-	+	33	1	1349	8772	10120	XP_054483014.1#4	NW_026551813.1	GCF_027596085.1
XP_054483014.1#4|Anoplopoma_fimbria	2423	-	-	2	4359	6781	3340	5762	XP_054483013.1#4	NW_026551813.1	GCF_027596085.1



XP_049923776.1#35|Epinephelus_moara	8804	-	+	1	-82165	-73362	20004677	20013480	XP_049923732.1#35	NC_065522.1	GCF_006386435.1
XP_049923776.1#35|Epinephelus_moara	34457	-	+	1	-72257	-37801	19969116	20003572	XP_049923714.1#35	NC_065522.1	GCF_006386435.1
XP_049923776.1#35|Epinephelus_moara	17953	-	+	1	-34113	-16161	19947476	19965428	XP_049923724.1#35	NC_065522.1	GCF_006386435.1
XP_049923776.1#35|Epinephelus_moara	2401	-	+	34	-4216	-1816	19933131	19935531	lncRNA_35.2*#35	NC_065522.1	GCF_006386435.1
XP_049923776.1#35|Epinephelus_moara	6248	-	+	33	1	6248	19925067	19931314	XP_049923776.1#35	NC_065522.1	GCF_006386435.1
XP_049923776.1#35|Epinephelus_moara	3285	-	+	2	11251	14535	19916780	19920064	XP_049923780.1#35	NC_065522.1	GCF_006386435.1
XP_049923776.1#35|Epinephelus_moara	14805	-	-	2	18215	33019	19898296	19913100	XP_049923775.1#35	NC_065522.1	GCF_006386435.1
XP_049923776.1#35|Epinephelus_moara	3358	-	-	2	36043	39400	19891915	19895272	XP_049923771.1#35	NC_065522.1	GCF_006386435.1
XP_049923776.1#35|Epinephelus_moara	3508	-	-	2	43004	46511	19884804	19888311	XP_049923782.1#35	NC_065522.1	GCF_006386435.1



XP_034005959.1#19|Trematomus_bernacchii	22232	+	+	10	-37913	-15682	912827	935058	XP_034005902.1#19	NW_022987801.1	GCF_902827165.1
XP_034005959.1#19|Trematomus_bernacchii	1498	+	-	34	-15162	-13665	935578	937075	lncRNA_19.5*#19	NW_022987801.1	GCF_902827165.1
XP_034005959.1#19|Trematomus_bernacchii	1503	+	+	2	-9071	-7569	941669	943171	XP_034005961.1#19	NW_022987801.1	GCF_902827165.1
XP_034005959.1#19|Trematomus_bernacchii	1449	+	-	34	-5006	-3558	945734	947182	lncRNA_19.2*#19	NW_022987801.1	GCF_902827165.1
XP_034005959.1#19|Trematomus_bernacchii	1698	+	+	33	1	1698	950741	952438	XP_034005959.1#19	NW_022987801.1	GCF_902827165.1
XP_034005959.1#19|Trematomus_bernacchii	13703	+	-	34	8792	22494	959532	973234	lncRNA_19.8*#19	NW_022987801.1	GCF_902827165.1
XP_034005959.1#19|Trematomus_bernacchii	2123	+	+	2	12984	15106	963724	965846	XP_034005958.1#19	NW_022987801.1	GCF_902827165.1
XP_034005959.1#19|Trematomus_bernacchii	837	+	+	35	28546	29382	979286	980122	pseudogene_19.6*#19	NW_022987801.1	GCF_902827165.1
XP_034005959.1#19|Trematomus_bernacchii	1376	+	+	2	30573	31948	981313	982688	XP_034005963.1#19	NW_022987801.1	GCF_902827165.1



XP_031175048.1#59|Sander_lucioperca	11148	-	-	0	-123059	-111912	1309971	1321118	XP_031173460.1#59	NC_050186.1	GCF_008315115.2
XP_031175048.1#59|Sander_lucioperca	15308	-	-	0	-75799	-60492	1258551	1273858	XP_035847503.1#59	NC_050186.1	GCF_008315115.2
XP_031175048.1#59|Sander_lucioperca	5474	-	+	13	-48377	-42904	1240963	1246436	XP_031136382.1#59	NC_050186.1	GCF_008315115.2
XP_031175048.1#59|Sander_lucioperca	12835	-	+	13	-674	12160	1185899	1198733	XP_035847097.1#59	NC_050186.1	GCF_008315115.2
XP_031175048.1#59|Sander_lucioperca	34249	-	+	33	1	34249	1163810	1198058	XP_031175048.1#59	NC_050186.1	GCF_008315115.2
XP_031175048.1#59|Sander_lucioperca	11299	-	+	23	49733	61031	1137028	1148326	XP_031175047.1#59	NC_050186.1	GCF_008315115.2
XP_031175048.1#59|Sander_lucioperca	31915	-	+	22	65424	97338	1100721	1132635	XP_031175044.2#59	NC_050186.1	GCF_008315115.2
XP_031175048.1#59|Sander_lucioperca	69	-	+	34	103289	103357	1094702	1094770	snoRNA_59.9*#59	NC_050186.1	GCF_008315115.2
XP_031175048.1#59|Sander_lucioperca	67	-	+	34	104529	104595	1093464	1093530	snoRNA_59.2*#59	NC_050186.1	GCF_008315115.2



XP_028457159.1#52|Perca_flavescens	4895	-	+	13	-33209	-28315	32953072	32957966	XP_028457166.1#52	NC_041346.1	GCF_004354835.1
XP_028457159.1#52|Perca_flavescens	2263	-	+	34	-17905	-15643	32940400	32942662	lncRNA_52.9*#52	NC_041346.1	GCF_004354835.1
XP_028457159.1#52|Perca_flavescens	8671	-	+	13	-15422	-6752	32931509	32940179	XP_028457180.1#52	NC_041346.1	GCF_004354835.1
XP_028457159.1#52|Perca_flavescens	3108	-	+	0	-3388	-281	32925038	32928145	XP_028457175.1#52	NC_041346.1	GCF_004354835.1
XP_028457159.1#52|Perca_flavescens	20461	-	+	33	1	20461	32904296	32924756	XP_028457159.1#52	NC_041346.1	GCF_004354835.1
XP_028457159.1#52|Perca_flavescens	16432	-	+	23	32196	48627	32876130	32892561	XP_028457170.1#52	NC_041346.1	GCF_004354835.1
XP_028457159.1#52|Perca_flavescens	35303	-	+	22	53144	88446	32836311	32871613	XP_028456697.1#52	NC_041346.1	GCF_004354835.1
XP_028457159.1#52|Perca_flavescens	1919	-	+	34	88490	90408	32834349	32836267	lncRNA_52.7*#52	NC_041346.1	GCF_004354835.1
XP_028457159.1#52|Perca_flavescens	66	-	+	34	95567	95632	32829125	32829190	snoRNA_52.8*#52	NC_041346.1	GCF_004354835.1



XP_054914571.1#5|Poeciliopsis_prolifica	4905	+	+	1	-44709	-39805	831565	836469	XP_054914441.1#5	NW_026562426.1	GCF_027474105.1
XP_054914571.1#5|Poeciliopsis_prolifica	10292	+	+	36	-38756	-28465	837518	847809	XP_054914570.1#5	NW_026562426.1	GCF_027474105.1
XP_054914571.1#5|Poeciliopsis_prolifica	8267	+	+	1	-21441	-13175	854833	863099	XP_054914444.1#5	NW_026562426.1	GCF_027474105.1
XP_054914571.1#5|Poeciliopsis_prolifica	9385	+	+	1	-12198	-2814	864076	873460	XP_054914440.1#5	NW_026562426.1	GCF_027474105.1
XP_054914571.1#5|Poeciliopsis_prolifica	5066	+	+	33	1	5066	876275	881340	XP_054914571.1#5	NW_026562426.1	GCF_027474105.1
XP_054914571.1#5|Poeciliopsis_prolifica	936	+	-	2	5574	6509	881848	882783	XP_054914448.1#5	NW_026562426.1	GCF_027474105.1
XP_054914571.1#5|Poeciliopsis_prolifica	1402	+	-	2	12466	13867	888740	890141	XP_054914572.1#5	NW_026562426.1	GCF_027474105.1
XP_054914571.1#5|Poeciliopsis_prolifica	1809	+	-	2	15667	17475	891941	893749	XP_054914449.1#5	NW_026562426.1	GCF_027474105.1
XP_054914571.1#5|Poeciliopsis_prolifica	11277	+	-	2	18721	29997	894995	906271	XP_054914453.1#5	NW_026562426.1	GCF_027474105.1



XP_027893857.1#51|Xiphophorus_couchianus	12343	+	-	0	-98532	-86190	5367193	5379535	XP_027893675.1#51	NC_040241.1	GCF_001444195.1
XP_027893857.1#51|Xiphophorus_couchianus	37631	+	-	12	-82539	-44909	5383186	5420816	XP_027893876.1#51	NC_040241.1	GCF_001444195.1
XP_027893857.1#51|Xiphophorus_couchianus	27644	+	+	10	-22629	5014	5443096	5470739	XP_027893759.1#51	NC_040241.1	GCF_001444195.1
XP_027893857.1#51|Xiphophorus_couchianus	2091	+	-	0	-19568	-17478	5446157	5448247	XP_027893837.1#51	NC_040241.1	GCF_001444195.1
XP_027893857.1#51|Xiphophorus_couchianus	4420	+	+	33	1	4420	5465726	5470145	XP_027893857.1#51	NC_040241.1	GCF_001444195.1
XP_027893857.1#51|Xiphophorus_couchianus	2758	+	-	34	19297	22054	5485022	5487779	lncRNA_51.9*#51	NC_040241.1	GCF_001444195.1
XP_027893857.1#51|Xiphophorus_couchianus	851	+	+	34	11779	12629	5477504	5478354	lncRNA_51.3*#51	NC_040241.1	GCF_001444195.1
XP_027893857.1#51|Xiphophorus_couchianus	1003	+	-	34	15958	16960	5481683	5482685	lncRNA_51.6*#51	NC_040241.1	GCF_001444195.1
XP_027893857.1#51|Xiphophorus_couchianus	2758	+	+	34	19297	22054	5485022	5487779	lncRNA_51.9*#51	NC_040241.1	GCF_001444195.1



XP_037832584.1#69|Kryptolebias_marmoratus	7596	-	+	1	-72956	-65361	21523845	21531440	XP_024865311.1#69	NC_051436.1	GCF_001649575.2
XP_037832584.1#69|Kryptolebias_marmoratus	20802	-	+	1	-65176	-44375	21502859	21523660	XP_037832578.1#69	NC_051436.1	GCF_001649575.2
XP_037832584.1#69|Kryptolebias_marmoratus	8470	-	+	1	-31063	-22594	21481078	21489547	XP_017287538.1#69	NC_051436.1	GCF_001649575.2
XP_037832584.1#69|Kryptolebias_marmoratus	6866	-	+	35	-7033	-168	21458652	21465517	pseudogene_69.5*#69	NC_051436.1	GCF_001649575.2
XP_037832584.1#69|Kryptolebias_marmoratus	7079	-	+	33	1	7079	21451405	21458483	XP_037832584.1#69	NC_051436.1	GCF_001649575.2
XP_037832584.1#69|Kryptolebias_marmoratus	2438	-	-	2	11307	13744	21444740	21447177	XP_017287513.1#69	NC_051436.1	GCF_001649575.2
XP_037832584.1#69|Kryptolebias_marmoratus	3152	-	-	34	53127	56278	21402206	21405357	lncRNA_69.1*#69	NC_051436.1	GCF_001649575.2
XP_037832584.1#69|Kryptolebias_marmoratus	38250	-	-	10	40676	78925	21379559	21417808	XP_017287551.1#69	NC_051436.1	GCF_001649575.2
XP_037832584.1#69|Kryptolebias_marmoratus	3320	-	+	34	82220	85539	21372945	21376264	lncRNA_69.8*#69	NC_051436.1	GCF_001649575.2



XP_014868124.1#12|Poecilia_mexicana	6400	+	-	34	-51284	-44885	84204	90603	lncRNA_12.7*#12	NW_015096132.1	GCF_001443325.1
XP_014868124.1#12|Poecilia_mexicana	9621	+	-	34	-36670	-27050	98818	108438	lncRNA_12.1*#12	NW_015096132.1	GCF_001443325.1
XP_014868124.1#12|Poecilia_mexicana	8240	+	-	0	-12418	-4179	123070	131309	XP_014868145.1#12	NW_015096132.1	GCF_001443325.1
XP_014868124.1#12|Poecilia_mexicana	485	+	+	11	-2399	-1915	133089	133573	XP_014868146.1#12	NW_015096132.1	GCF_001443325.1
XP_014868124.1#12|Poecilia_mexicana	2747	+	+	33	1	2747	135489	138235	XP_014868124.1#12	NW_015096132.1	GCF_001443325.1
XP_014868124.1#12|Poecilia_mexicana	7214	+	+	26	3164	10377	138652	145865	XP_014868141.1#12	NW_015096132.1	GCF_001443325.1
XP_014868124.1#12|Poecilia_mexicana	3656	+	-	11	4476	8131	139964	143619	XP_014868125.1#12	NW_015096132.1	GCF_001443325.1
XP_014868124.1#12|Poecilia_mexicana	1257	+	-	0	8226	9482	143714	144970	XP_014868140.1#12	NW_015096132.1	GCF_001443325.1



XP_014884693.1#46|Poecilia_latipinna	492	-	-	11	-11742	-11251	18467	18958	XP_014884697.1#46	NW_015112763.1	GCF_001443285.1
XP_014884693.1#46|Poecilia_latipinna	574	-	+	16	-11005	-10432	17648	18221	XP_014884698.1#46	NW_015112763.1	GCF_001443285.1
XP_014884693.1#46|Poecilia_latipinna	465	-	+	11	-9498	-9034	16250	16714	XP_014884699.1#46	NW_015112763.1	GCF_001443285.1
XP_014884693.1#46|Poecilia_latipinna	3944	-	+	25	-7010	-3067	10283	14226	XP_014884695.1#46	NW_015112763.1	GCF_001443285.1
XP_014884693.1#46|Poecilia_latipinna	2089	-	+	33	1	2089	5127	7215	XP_014884693.1#46	NW_015112763.1	GCF_001443285.1



XP_032439858.1#18|Xiphophorus_hellerii	1434	-	-	11	-12346	-10913	7378394	7379827	XP_032438383.1#18	NC_045685.1	GCF_003331165.1
XP_032439858.1#18|Xiphophorus_hellerii	895	-	+	16	-10757	-9863	7377344	7378238	XP_032438385.1#18	NC_045685.1	GCF_003331165.1
XP_032439858.1#18|Xiphophorus_hellerii	694	-	+	11	-9109	-8416	7375897	7376590	XP_032438389.1#18	NC_045685.1	GCF_003331165.1
XP_032439858.1#18|Xiphophorus_hellerii	4532	-	+	25	-7085	-2554	7370035	7374566	XP_032438308.1#18	NC_045685.1	GCF_003331165.1
XP_032439858.1#18|Xiphophorus_hellerii	3060	-	+	33	1	3060	7364421	7367480	XP_032439858.1#18	NC_045685.1	GCF_003331165.1
XP_032439858.1#18|Xiphophorus_hellerii	441	-	+	26	4869	5309	7362172	7362612	XP_032438387.1#18	NC_045685.1	GCF_003331165.1
XP_032439858.1#18|Xiphophorus_hellerii	906	-	+	35	11529	12434	7355047	7355952	pseudogene_18.5*#18	NC_045685.1	GCF_003331165.1
XP_032439858.1#18|Xiphophorus_hellerii	634	-	-	16	13923	14556	7352925	7353558	XP_032438384.1#18	NC_045685.1	GCF_003331165.1
XP_032439858.1#18|Xiphophorus_hellerii	2710	-	+	11	12774	15483	7351998	7354707	XP_032439857.1#18	NC_045685.1	GCF_003331165.1



XP_030203291.1#57|Gadus_morhua	68126	-	-	0	-208533	-140408	4505484	4573609	XP_030203286.1#57	NC_044069.1	GCF_902167405.1
XP_030203291.1#57|Gadus_morhua	39426	-	-	0	-68457	-29032	4394108	4433533	XP_030203289.1#57	NC_044069.1	GCF_902167405.1
XP_030203291.1#57|Gadus_morhua	1828	-	-	34	-19995	-18168	4383244	4385071	lncRNA_57.4*#57	NC_044069.1	GCF_902167405.1
XP_030203291.1#57|Gadus_morhua	10592	-	-	0	-24824	-14233	4379309	4389900	XP_030203560.1#57	NC_044069.1	GCF_902167405.1
XP_030203291.1#57|Gadus_morhua	2217	-	+	33	1	2217	4362859	4365075	XP_030203291.1#57	NC_044069.1	GCF_902167405.1
XP_030203291.1#57|Gadus_morhua	1797	-	+	34	59946	61742	4303334	4305130	lncRNA_57.7*#57	NC_044069.1	GCF_902167405.1
XP_030203291.1#57|Gadus_morhua	2484	-	-	15	62226	64709	4300367	4302850	XP_030203559.1#57	NC_044069.1	GCF_902167405.1
XP_030203291.1#57|Gadus_morhua	1358	-	+	34	68616	69973	4295103	4296460	lncRNA_57.1*#57	NC_044069.1	GCF_902167405.1
XP_030203291.1#57|Gadus_morhua	746	-	-	34	87377	88122	4276954	4277699	lncRNA_57.9*#57	NC_044069.1	GCF_902167405.1



XP_030203290.1#17|Gadus_morhua	1797	-	+	34	-23857	-22061	4303334	4305130	lncRNA_17.2*#17	NC_044069.1	GCF_902167405.1
XP_030203290.1#17|Gadus_morhua	2484	-	-	15	-21577	-19094	4300367	4302850	XP_030203559.1#17	NC_044069.1	GCF_902167405.1
XP_030203290.1#17|Gadus_morhua	1358	-	+	34	-15187	-13830	4295103	4296460	lncRNA_17.7*#17	NC_044069.1	GCF_902167405.1
XP_030203290.1#17|Gadus_morhua	746	-	-	34	3574	4319	4276954	4277699	lncRNA_17.5*#17	NC_044069.1	GCF_902167405.1
XP_030203290.1#17|Gadus_morhua	10564	-	+	33	1	10564	4270709	4281272	XP_030203290.1#17	NC_044069.1	GCF_902167405.1
XP_030203290.1#17|Gadus_morhua	5639	-	-	15	13959	19597	4261676	4267314	XP_030203287.1#17	NC_044069.1	GCF_902167405.1
XP_030203290.1#17|Gadus_morhua	10577	-	+	0	114054	124630	4156643	4167219	XP_030203314.1#17	NC_044069.1	GCF_902167405.1
XP_030203290.1#17|Gadus_morhua	5496	-	-	0	124647	130142	4151131	4156626	XP_030203326.1#17	NC_044069.1	GCF_902167405.1
XP_030203290.1#17|Gadus_morhua	24382	-	+	0	127993	152374	4128899	4153280	XP_030203322.1#17	NC_044069.1	GCF_902167405.1



XP_028837608.1#15|Denticeps_clupeoides	12513	+	-	1	-39838	-27326	33911500	33924012	XP_028835323.1#15	NC_041711.1	GCF_900700375.2
XP_028837608.1#15|Denticeps_clupeoides	7494	+	-	8	-27054	-19561	33924284	33931777	XP_028836407.1#15	NC_041711.1	GCF_900700375.2
XP_028837608.1#15|Denticeps_clupeoides	3928	+	-	6	-14215	-10288	33937123	33941050	XP_028836814.1#15	NC_041711.1	GCF_900700375.2
XP_028837608.1#15|Denticeps_clupeoides	6762	+	+	5	-7433	-672	33943905	33950666	XP_028836415.1#15	NC_041711.1	GCF_900700375.2
XP_028837608.1#15|Denticeps_clupeoides	1277	+	+	33	1	1277	33951339	33952615	XP_028837608.1#15	NC_041711.1	GCF_900700375.2
XP_028837608.1#15|Denticeps_clupeoides	4249	+	+	3	13659	17907	33964997	33969245	XP_028836612.1#15	NC_041711.1	GCF_900700375.2
XP_028837608.1#15|Denticeps_clupeoides	20718	+	+	35	25042	45759	33976380	33997097	pseudogene_15.6*#15	NC_041711.1	GCF_900700375.2
XP_028837608.1#15|Denticeps_clupeoides	8656	+	-	7	45930	54585	33997268	34005923	XP_028835091.1#15	NC_041711.1	GCF_900700375.2
XP_028837608.1#15|Denticeps_clupeoides	20766	+	+	4	54759	75524	34006097	34026862	XP_028835092.1#15	NC_041711.1	GCF_900700375.2



XP_031432388.1#60|Clupea_harengus	21723	+	-	1	-75528	-53806	11715790	11737512	XP_042565128.1#60	NC_045162.1	GCF_900700415.2
XP_031432388.1#60|Clupea_harengus	11189	+	-	8	-53399	-42211	11737919	11749107	XP_031432875.1#60	NC_045162.1	GCF_900700415.2
XP_031432388.1#60|Clupea_harengus	9043	+	-	6	-35415	-26373	11755903	11764945	XP_012697456.2#60	NC_045162.1	GCF_900700415.2
XP_031432388.1#60|Clupea_harengus	18765	+	+	5	-19249	-485	11772069	11790833	XP_031432629.1#60	NC_045162.1	GCF_900700415.2
XP_031432388.1#60|Clupea_harengus	2082	+	+	33	1	2082	11791319	11793400	XP_031432388.1#60	NC_045162.1	GCF_900700415.2
XP_031432388.1#60|Clupea_harengus	5159	+	+	24	31344	36502	11822662	11827820	XP_031431993.1#60	NC_045162.1	GCF_900700415.2
XP_031432388.1#60|Clupea_harengus	1554	+	+	9	58476	60029	11849794	11851347	XP_031432833.1#60	NC_045162.1	GCF_900700415.2
XP_031432388.1#60|Clupea_harengus	8562	+	+	3	68842	77403	11860160	11868721	XP_012690376.1#60	NC_045162.1	GCF_900700415.2
XP_031432388.1#60|Clupea_harengus	37097	+	+	4	95569	132665	11886887	11923983	XP_031431726.1#60	NC_045162.1	GCF_900700415.2



XP_041962399.1#29|Alosa_sapidissima	15403	-	+	34	-55684	-40282	29915816	29931218	lncRNA_29.5*#29	NC_055966.1	GCF_018492685.1
XP_041962399.1#29|Alosa_sapidissima	15403	-	-	34	-55684	-40282	29915816	29931218	lncRNA_29.5*#29	NC_055966.1	GCF_018492685.1
XP_041962399.1#29|Alosa_sapidissima	15403	-	-	34	-55684	-40282	29915816	29931218	lncRNA_29.5*#29	NC_055966.1	GCF_018492685.1
XP_041962399.1#29|Alosa_sapidissima	26645	-	+	5	-27207	-563	29876097	29902741	XP_041962369.1#29	NC_055966.1	GCF_018492685.1
XP_041962399.1#29|Alosa_sapidissima	1949	-	+	33	1	1949	29873585	29875533	XP_041962399.1#29	NC_055966.1	GCF_018492685.1
XP_041962399.1#29|Alosa_sapidissima	6203	-	+	2	10622	16824	29858710	29864912	XP_041962382.1#29	NC_055966.1	GCF_018492685.1
XP_041962399.1#29|Alosa_sapidissima	18936	-	-	2	17512	36447	29839087	29858022	XP_041962336.1#29	NC_055966.1	GCF_018492685.1
XP_041962399.1#29|Alosa_sapidissima	3787	-	-	27	45118	48904	29826630	29830416	XP_041962378.1#29	NC_055966.1	GCF_018492685.1
XP_041962399.1#29|Alosa_sapidissima	5642	-	+	0	48450	54091	29821443	29827084	XP_041962338.1#29	NC_055966.1	GCF_018492685.1



XP_029928274.1#53|Myripristis_murdjan	29959	-	-	32	-71637	-41679	19922433	19952391	XP_029928265.1#53	NC_043995.1	GCF_902150065.1
XP_029928274.1#53|Myripristis_murdjan	5875	-	-	8	-41464	-35590	19916344	19922218	XP_029928267.1#53	NC_043995.1	GCF_902150065.1
XP_029928274.1#53|Myripristis_murdjan	7219	-	-	6	-29030	-21812	19902566	19909784	XP_029928269.1#53	NC_043995.1	GCF_902150065.1
XP_029928274.1#53|Myripristis_murdjan	15934	-	+	5	-16035	-102	19880856	19896789	XP_029928271.1#53	NC_043995.1	GCF_902150065.1
XP_029928274.1#53|Myripristis_murdjan	2848	-	+	9	1	2848	19877906	19880753	XP_029928274.1#53	NC_043995.1	GCF_902150065.1
XP_029928274.1#53|Myripristis_murdjan	2009	-	+	9	3715	5723	19875031	19877039	XP_029928275.1#53	NC_043995.1	GCF_902150065.1
XP_029928274.1#53|Myripristis_murdjan	7356	-	+	3	16619	23974	19856780	19864135	XP_029928276.1#53	NC_043995.1	GCF_902150065.1
XP_029928274.1#53|Myripristis_murdjan	28300	-	+	4	32977	61276	19819478	19847777	XP_029927792.1#53	NC_043995.1	GCF_902150065.1
XP_029928274.1#53|Myripristis_murdjan	7555	-	-	7	61366	68920	19811834	19819388	XP_029927794.1#53	NC_043995.1	GCF_902150065.1



XP_049336639.1#34|Astyanax_mexicanus	20542	-	+	0	-43706	-23165	140060	160601	XP_049336331.1#34	NC_064413.1	GCF_023375975.1
XP_049336639.1#34|Astyanax_mexicanus	4067	-	+	0	-22958	-18892	135787	139853	XP_049336332.1#34	NC_064413.1	GCF_023375975.1
XP_049336639.1#34|Astyanax_mexicanus	9708	-	-	17	-17674	-7967	124862	134569	XP_022519254.2#34	NC_064413.1	GCF_023375975.1
XP_049336639.1#34|Astyanax_mexicanus	4703	-	+	14	-6151	-1449	118344	123046	XP_049336606.1#34	NC_064413.1	GCF_023375975.1
XP_049336639.1#34|Astyanax_mexicanus	2116	-	+	33	1	2116	114779	116894	XP_049336639.1#34	NC_064413.1	GCF_023375975.1
XP_049336639.1#34|Astyanax_mexicanus	6541	-	+	3	12992	19532	97363	103903	XP_022519251.1#34	NC_064413.1	GCF_023375975.1
XP_049336639.1#34|Astyanax_mexicanus	44961	-	+	4	22576	67536	49359	94319	XP_049336435.1#34	NC_064413.1	GCF_023375975.1
XP_049336639.1#34|Astyanax_mexicanus	8263	-	-	7	68133	76395	40500	48762	XP_049336578.1#34	NC_064413.1	GCF_023375975.1
XP_049336639.1#34|Astyanax_mexicanus	8999	-	+	1	77194	86192	30703	39701	XP_022519249.2#34	NC_064413.1	GCF_023375975.1



XP_037392735.1#68|Pygocentrus_nattereri	9301	-	-	1	-48321	-39021	49360876	49370176	XP_017542471.2#68	NC_051213.1	GCF_015220715.1
XP_037392735.1#68|Pygocentrus_nattereri	3691	-	-	1	-34959	-31269	49353124	49356814	XP_037392672.1#68	NC_051213.1	GCF_015220715.1
XP_037392735.1#68|Pygocentrus_nattereri	10026	-	-	1	-31175	-21150	49343005	49353030	XP_037393086.1#68	NC_051213.1	GCF_015220715.1
XP_037392735.1#68|Pygocentrus_nattereri	909	-	-	1	-13710	-12802	49334657	49335565	XP_037393085.1#68	NC_051213.1	GCF_015220715.1
XP_037392735.1#68|Pygocentrus_nattereri	12536	-	+	33	1	12536	49309319	49321854	XP_037392735.1#68	NC_051213.1	GCF_015220715.1
XP_037392735.1#68|Pygocentrus_nattereri	5876	-	+	1	14721	20596	49301259	49307134	XP_017570028.1#68	NC_051213.1	GCF_015220715.1
XP_037392735.1#68|Pygocentrus_nattereri	6038	-	+	9	31064	37101	49284754	49290791	XP_037393152.1#68	NC_051213.1	GCF_015220715.1
XP_037392735.1#68|Pygocentrus_nattereri	19187	-	-	9	25597	44783	49277072	49296258	XP_017570034.2#68	NC_051213.1	GCF_015220715.1
XP_037392735.1#68|Pygocentrus_nattereri	18165	-	+	3	61048	79212	49242643	49260807	XP_017570035.1#68	NC_051213.1	GCF_015220715.1



XP_036435908.1#66|Colossoma_macropomum	10681	+	-	1	-100158	-89478	43771526	43782206	XP_036436315.1#66	NW_023494785.1	GCF_904425465.1
XP_036435908.1#66|Colossoma_macropomum	17477	+	-	9	-66895	-49419	43804789	43822265	XP_036435874.1#66	NW_023494785.1	GCF_904425465.1
XP_036435908.1#66|Colossoma_macropomum	6519	+	-	1	-44261	-37743	43827423	43833941	XP_036436324.1#66	NW_023494785.1	GCF_904425465.1
XP_036435908.1#66|Colossoma_macropomum	6036	+	+	35	-11217	-5182	43860467	43866502	pseudogene_66.1*#66	NW_023494785.1	GCF_904425465.1
XP_036435908.1#66|Colossoma_macropomum	17526	+	+	33	1	17526	43871685	43889210	XP_036435908.1#66	NW_023494785.1	GCF_904425465.1
XP_036435908.1#66|Colossoma_macropomum	8389	+	+	1	31301	39689	43902985	43911373	XP_036436344.1#66	NW_023494785.1	GCF_904425465.1
XP_036435908.1#66|Colossoma_macropomum	5389	+	+	1	51686	57074	43923370	43928758	XP_036435921.1#66	NW_023494785.1	GCF_904425465.1
XP_036435908.1#66|Colossoma_macropomum	1573	+	+	34	62919	64491	43934603	43936175	lncRNA_66.6*#66	NW_023494785.1	GCF_904425465.1
XP_036435908.1#66|Colossoma_macropomum	14772	+	-	14	65960	80731	43937644	43952415	XP_036452072.1#66	NW_023494785.1	GCF_904425465.1



XP_048009975.1#33|Megalobrama_amblycephala	22440	+	+	28	-251483	-229044	17196977	17219416	XP_048008520.1#33	NC_063056.1	GCF_018812025.1
XP_048009975.1#33|Megalobrama_amblycephala	168931	+	-	4	-226648	-57718	17221812	17390742	XP_048008160.1#33	NC_063056.1	GCF_018812025.1
XP_048009975.1#33|Megalobrama_amblycephala	38967	+	-	17	-51030	-12064	17397430	17436396	XP_048008385.1#33	NC_063056.1	GCF_018812025.1
XP_048009975.1#33|Megalobrama_amblycephala	7203	+	+	14	-11383	-4181	17437077	17444279	XP_048010060.1#33	NC_063056.1	GCF_018812025.1
XP_048009975.1#33|Megalobrama_amblycephala	966	+	+	33	1	966	17448461	17449426	XP_048009975.1#33	NC_063056.1	GCF_018812025.1
XP_048009975.1#33|Megalobrama_amblycephala	1101	+	-	9	8451	9551	17456911	17458011	XP_048009627.1#33	NC_063056.1	GCF_018812025.1
XP_048009975.1#33|Megalobrama_amblycephala	5771	+	+	3	40205	45975	17488665	17494435	XP_048008841.1#33	NC_063056.1	GCF_018812025.1
XP_048009975.1#33|Megalobrama_amblycephala	34080	+	+	4	77606	111685	17526066	17560145	XP_048009754.1#33	NC_063056.1	GCF_018812025.1
XP_048009975.1#33|Megalobrama_amblycephala	12197	+	-	7	111688	123884	17560148	17572344	XP_048009756.1#33	NC_063056.1	GCF_018812025.1



XP_042596631.1#74|Cyprinus_carpio	13668	-	+	28	-186714	-173047	10877903	10891570	XP_018947758.1#74	NC_056612.1	GCF_018340385.1
XP_042596631.1#74|Cyprinus_carpio	115525	-	-	4	-171715	-56191	10761047	10876571	XP_042596640.1#74	NC_056612.1	GCF_018340385.1
XP_042596631.1#74|Cyprinus_carpio	42703	-	-	17	-52123	-9421	10714277	10756979	XP_042596632.1#74	NC_056612.1	GCF_018340385.1
XP_042596631.1#74|Cyprinus_carpio	4617	-	+	14	-8483	-3867	10708723	10713339	XP_018946913.1#74	NC_056612.1	GCF_018340385.1
XP_042596631.1#74|Cyprinus_carpio	1271	-	+	33	1	1271	10703585	10704855	XP_042596631.1#74	NC_056612.1	GCF_018340385.1
XP_042596631.1#74|Cyprinus_carpio	13837	-	+	9	1461	15297	10689559	10703395	XP_042597815.1#74	NC_056612.1	GCF_018340385.1
XP_042596631.1#74|Cyprinus_carpio	4338	-	+	3	24512	28849	10676007	10680344	XP_042596630.1#74	NC_056612.1	GCF_018340385.1
XP_042596631.1#74|Cyprinus_carpio	31654	-	+	4	38841	70494	10634362	10666015	XP_042596628.1#74	NC_056612.1	GCF_018340385.1
XP_042596631.1#74|Cyprinus_carpio	5878	-	-	7	70823	76700	10628156	10634033	XP_042596629.1#74	NC_056612.1	GCF_018340385.1



XP_029511501.1#16|Oncorhynchus_nerka	99275	+	+	0	-275188	-175914	3799642	3898916	XP_064863263.1#16	NC_088398.1	GCF_034236695.1
XP_029511501.1#16|Oncorhynchus_nerka	76285	+	+	0	-173888	-97604	3900942	3977226	XP_064863269.1#16	NC_088398.1	GCF_034236695.1
XP_029511501.1#16|Oncorhynchus_nerka	54277	+	+	0	-87564	-33288	3987266	4041542	XP_064863271.1#16	NC_088398.1	GCF_034236695.1
XP_029511501.1#16|Oncorhynchus_nerka	22122	+	+	0	-32901	-10780	4041929	4064050	XP_064863282.1#16	NC_088398.1	GCF_034236695.1
XP_029511501.1#16|Oncorhynchus_nerka	3415	+	+	33	1	3415	4074831	4078245	XP_029511501.1#16	NC_088398.1	GCF_034236695.1
XP_029511501.1#16|Oncorhynchus_nerka	15808	+	+	3	31019	46826	4105849	4121656	XP_064863287.1#16	NC_088398.1	GCF_034236695.1
XP_029511501.1#16|Oncorhynchus_nerka	1037	+	+	0	55367	56403	4130197	4131233	XP_064863292.1#16	NC_088398.1	GCF_034236695.1
XP_029511501.1#16|Oncorhynchus_nerka	58821	+	+	4	69206	128026	4144036	4202856	XP_064863294.1#16	NC_088398.1	GCF_034236695.1
XP_029511501.1#16|Oncorhynchus_nerka	4069	+	-	34	120894	124962	4195724	4199792	lncRNA_16.9*#16	NC_088398.1	GCF_034236695.1



XP_056458371.1#6|Gadus_chalcogrammus	17977	+	-	8	-67050	-49074	3074496	3092472	XP_056457827.1#6	NC_079422.1	GCF_026213295.1
XP_056458371.1#6|Gadus_chalcogrammus	6524	+	-	6	-41762	-35239	3099784	3106307	XP_056457828.1#6	NC_079422.1	GCF_026213295.1
XP_056458371.1#6|Gadus_chalcogrammus	9923	+	+	5	-29795	-19873	3111751	3121673	XP_056457829.1#6	NC_079422.1	GCF_026213295.1
XP_056458371.1#6|Gadus_chalcogrammus	1952	+	-	34	-2354	-403	3139192	3141143	lncRNA_6.6*#6	NC_079422.1	GCF_026213295.1
XP_056458371.1#6|Gadus_chalcogrammus	1585	+	+	33	1	1585	3141547	3143131	XP_056458371.1#6	NC_079422.1	GCF_026213295.1
XP_056458371.1#6|Gadus_chalcogrammus	7638	+	+	3	9806	17443	3151352	3158989	XP_056459009.1#6	NC_079422.1	GCF_026213295.1
XP_056458371.1#6|Gadus_chalcogrammus	8539	+	-	0	24403	32941	3165949	3174487	XP_056457831.1#6	NC_079422.1	GCF_026213295.1
XP_056458371.1#6|Gadus_chalcogrammus	1894	+	-	0	47915	49808	3189461	3191354	XP_056458602.1#6	NC_079422.1	GCF_026213295.1
XP_056458371.1#6|Gadus_chalcogrammus	46219	+	+	4	60888	107106	3202434	3248652	XP_056458679.1#6	NC_079422.1	GCF_026213295.1



XP_056157748.1#39|Lampris_incognitus	5997	+	-	6	-62630	-56634	101939	107935	XP_056157749.1#39	NW_026611113.1	GCF_029633865.1
XP_056157748.1#39|Lampris_incognitus	43168	+	+	5	-56276	-13109	108293	151460	XP_056157746.1#39	NW_026611113.1	GCF_029633865.1
XP_056157748.1#39|Lampris_incognitus	82	+	+	34	-9923	-9842	154646	154727	tRNA_39.4*#39	NW_026611113.1	GCF_029633865.1
XP_056157748.1#39|Lampris_incognitus	82	+	+	34	-9042	-8961	155527	155608	tRNA_39.0*#39	NW_026611113.1	GCF_029633865.1
XP_056157748.1#39|Lampris_incognitus	2429	+	+	33	1	2429	164570	166998	XP_056157748.1#39	NW_026611113.1	GCF_029633865.1
XP_056157748.1#39|Lampris_incognitus	1500	+	+	34	4166	5665	168735	170234	lncRNA_39.8*#39	NW_026611113.1	GCF_029633865.1



XP_013860146.1#11|Austrofundulus_limnaeus	21842	-	-	8	-89543	-67702	827673	849514	XP_013860155.1#11	NW_013952428.1	GCF_001266775.1
XP_013860146.1#11|Austrofundulus_limnaeus	9723	-	-	6	-52579	-42857	802828	812550	XP_013860147.1#11	NW_013952428.1	GCF_001266775.1
XP_013860146.1#11|Austrofundulus_limnaeus	1337	-	-	0	-18379	-17043	777014	778350	XP_013860154.1#11	NW_013952428.1	GCF_001266775.1
XP_013860146.1#11|Austrofundulus_limnaeus	26363	-	+	5	-29817	-3455	763426	789788	XP_013860153.1#11	NW_013952428.1	GCF_001266775.1
XP_013860146.1#11|Austrofundulus_limnaeus	1425	-	+	33	1	1425	758546	759970	XP_013860146.1#11	NW_013952428.1	GCF_001266775.1
XP_013860146.1#11|Austrofundulus_limnaeus	5206	-	+	3	38209	43414	716557	721762	XP_013860145.1#11	NW_013952428.1	GCF_001266775.1
XP_013860146.1#11|Austrofundulus_limnaeus	9567	-	+	4	101829	111395	648576	658142	XP_013860144.1#11	NW_013952428.1	GCF_001266775.1
XP_013860146.1#11|Austrofundulus_limnaeus	12724	-	-	7	115823	128546	631425	644148	XP_013860119.1#11	NW_013952428.1	GCF_001266775.1
XP_013860146.1#11|Austrofundulus_limnaeus	9145	-	+	1	129804	138948	621023	630167	XP_013860143.1#11	NW_013952428.1	GCF_001266775.1



XP_043971957.1#75|Gambusia_affinis	24703	+	-	1	-72508	-47806	20401944	20426646	XP_043971945.1#75	NC_057872.1	GCF_019740435.1
XP_043971957.1#75|Gambusia_affinis	9023	+	-	8	-47311	-38289	20427141	20436163	XP_043971948.1#75	NC_057872.1	GCF_019740435.1
XP_043971957.1#75|Gambusia_affinis	8805	+	-	6	-30683	-21879	20443769	20452573	XP_043971952.1#75	NC_057872.1	GCF_019740435.1
XP_043971957.1#75|Gambusia_affinis	15646	+	+	5	-16102	-457	20458350	20473995	XP_043971954.1#75	NC_057872.1	GCF_019740435.1
XP_043971957.1#75|Gambusia_affinis	1572	+	+	33	1	1572	20474453	20476024	XP_043971957.1#75	NC_057872.1	GCF_019740435.1
XP_043971957.1#75|Gambusia_affinis	12848	+	+	1	2742	15589	20477194	20490041	XP_043971958.1#75	NC_057872.1	GCF_019740435.1
XP_043971957.1#75|Gambusia_affinis	10598	+	-	0	15728	26325	20490180	20500777	XP_043971959.1#75	NC_057872.1	GCF_019740435.1
XP_043971957.1#75|Gambusia_affinis	6426	+	-	0	29896	36321	20504348	20510773	XP_043971960.1#75	NC_057872.1	GCF_019740435.1
XP_043971957.1#75|Gambusia_affinis	3432	+	+	27	36874	40305	20511326	20514757	XP_043971962.1#75	NC_057872.1	GCF_019740435.1



XP_061574390.1#8|Cololabis_saira	47309	-	-	32	-116146	-68838	27073325	27120633	XP_061572905.1#8	NC_084589.1	GCF_033807715.1
XP_061574390.1#8|Cololabis_saira	15328	-	-	8	-67665	-52338	27056825	27072152	XP_061574391.1#8	NC_084589.1	GCF_033807715.1
XP_061574390.1#8|Cololabis_saira	14945	-	-	6	-41248	-26304	27030791	27045735	XP_061572902.1#8	NC_084589.1	GCF_033807715.1
XP_061574390.1#8|Cololabis_saira	13407	-	+	5	-26166	-12760	27017247	27030653	XP_061572898.1#8	NC_084589.1	GCF_033807715.1
XP_061574390.1#8|Cololabis_saira	1200	-	+	33	1	1200	27003287	27004486	XP_061574390.1#8	NC_084589.1	GCF_033807715.1
XP_061574390.1#8|Cololabis_saira	6179	-	+	3	12992	19170	26985317	26991495	XP_061572893.1#8	NC_084589.1	GCF_033807715.1
XP_061574390.1#8|Cololabis_saira	36215	-	+	4	40412	76626	26927861	26964075	XP_061572887.1#8	NC_084589.1	GCF_033807715.1
XP_061574390.1#8|Cololabis_saira	6010	-	-	7	76629	82638	26921849	26927858	XP_061572889.1#8	NC_084589.1	GCF_033807715.1
XP_061574390.1#8|Cololabis_saira	13412	-	+	1	82689	96100	26908387	26921798	XP_061572892.1#8	NC_084589.1	GCF_033807715.1



XP_024123367.1#14|Oryzias_melastigma	6856	+	-	6	-73894	-67039	7621034	7627889	XP_024123940.1#14	NC_050527.1	GCF_002922805.2
XP_024123367.1#14|Oryzias_melastigma	16826	+	+	5	-60930	-44105	7633998	7650823	XP_024123944.1#14	NC_050527.1	GCF_002922805.2
XP_024123367.1#14|Oryzias_melastigma	1462	+	+	34	-9416	-7955	7685512	7686973	lncRNA_14.2*#14	NC_050527.1	GCF_002922805.2
XP_024123367.1#14|Oryzias_melastigma	3998	+	+	24	-4206	-209	7690722	7694719	XP_024116817.1#14	NC_050527.1	GCF_002922805.2
XP_024123367.1#14|Oryzias_melastigma	1305	+	+	33	1	1305	7694929	7696233	XP_024123367.1#14	NC_050527.1	GCF_002922805.2
XP_024123367.1#14|Oryzias_melastigma	5702	+	+	3	13333	19034	7708261	7713962	XP_024122713.1#14	NC_050527.1	GCF_002922805.2
XP_024123367.1#14|Oryzias_melastigma	32841	+	+	4	30323	63163	7725251	7758091	XP_024123788.1#14	NC_050527.1	GCF_002922805.2
XP_024123367.1#14|Oryzias_melastigma	5171	+	-	7	63552	68722	7758480	7763650	XP_024122991.1#14	NC_050527.1	GCF_002922805.2
XP_024123367.1#14|Oryzias_melastigma	10687	+	+	1	68732	79418	7763660	7774346	XP_024122994.1#14	NC_050527.1	GCF_002922805.2



XP_003450948.1#10|Oreochromis_niloticus	8605	-	-	8	-50198	-41594	21503267	21511871	XP_003450949.1#10	NC_031976.2	GCF_001858045.2
XP_003450948.1#10|Oreochromis_niloticus	5837	-	-	6	-31750	-25914	21487587	21493423	XP_005472693.1#10	NC_031976.2	GCF_001858045.2
XP_003450948.1#10|Oreochromis_niloticus	19795	-	+	34	-41565	-21771	21483444	21503238	lncRNA_10.9*#10	NC_031976.2	GCF_001858045.2
XP_003450948.1#10|Oreochromis_niloticus	13559	-	+	5	-15498	-1940	21463613	21477171	XP_025767643.1#10	NC_031976.2	GCF_001858045.2
XP_003450948.1#10|Oreochromis_niloticus	1308	-	+	33	1	1308	21460365	21461672	XP_003450948.1#10	NC_031976.2	GCF_001858045.2
XP_003450948.1#10|Oreochromis_niloticus	6998	-	+	3	12497	19494	21442179	21449176	XP_003450947.1#10	NC_031976.2	GCF_001858045.2
XP_003450948.1#10|Oreochromis_niloticus	36020	-	+	4	33651	69670	21392003	21428022	XP_005472695.1#10	NC_031976.2	GCF_001858045.2
XP_003450948.1#10|Oreochromis_niloticus	10536	-	-	7	69529	80064	21381609	21392144	XP_003451031.1#10	NC_031976.2	GCF_001858045.2
XP_003450948.1#10|Oreochromis_niloticus	6237	-	+	1	80050	86286	21375387	21381623	XP_003450946.2#10	NC_031976.2	GCF_001858045.2



XP_039974746.1#24|Xiphias_gladius	22008	-	-	1	-65239	-43232	17871223	17893230	XP_039972880.1#24	NC_053421.1	GCF_016859285.1
XP_039974746.1#24|Xiphias_gladius	8049	-	-	8	-43025	-34977	17862968	17871016	XP_039974708.1#24	NC_053421.1	GCF_016859285.1
XP_039974746.1#24|Xiphias_gladius	6089	-	-	6	-27785	-21697	17849688	17855776	XP_039974812.1#24	NC_053421.1	GCF_016859285.1
XP_039974746.1#24|Xiphias_gladius	12462	-	+	5	-15719	-3258	17831249	17843710	XP_039974748.1#24	NC_053421.1	GCF_016859285.1
XP_039974746.1#24|Xiphias_gladius	1503	-	+	33	1	1503	17826488	17827990	XP_039974746.1#24	NC_053421.1	GCF_016859285.1
XP_039974746.1#24|Xiphias_gladius	7566	-	+	3	9894	17459	17810532	17818097	XP_039973985.1#24	NC_053421.1	GCF_016859285.1
XP_039974746.1#24|Xiphias_gladius	3270	-	-	34	50192	53461	17774530	17777799	lncRNA_24.2*#24	NC_053421.1	GCF_016859285.1
XP_039974746.1#24|Xiphias_gladius	27200	-	+	4	27927	55126	17772865	17800064	XP_039972800.1#24	NC_053421.1	GCF_016859285.1
XP_039974746.1#24|Xiphias_gladius	6184	-	-	7	55123	61306	17766685	17772868	XP_039972802.1#24	NC_053421.1	GCF_016859285.1



XP_020783565.1#47|Boleophthalmus_pectinirostris	8902	-	-	1	-54670	-45769	28697395	28706296	XP_055019615.1#47	NW_026571447.1	GCF_026225935.1
XP_020783565.1#47|Boleophthalmus_pectinirostris	7707	-	-	8	-45627	-37921	28689547	28697253	XP_020783613.1#47	NW_026571447.1	GCF_026225935.1
XP_020783565.1#47|Boleophthalmus_pectinirostris	6309	-	-	35	-27861	-21553	28673179	28679487	pseudogene_47.3*#47	NW_026571447.1	GCF_026225935.1
XP_020783565.1#47|Boleophthalmus_pectinirostris	13810	-	+	5	-15187	-1378	28653004	28666813	XP_055020254.1#47	NW_026571447.1	GCF_026225935.1
XP_020783565.1#47|Boleophthalmus_pectinirostris	1133	-	+	33	1	1133	28650493	28651625	XP_020783565.1#47	NW_026571447.1	GCF_026225935.1
XP_020783565.1#47|Boleophthalmus_pectinirostris	12934	-	+	3	13955	26888	28624738	28637671	XP_020783566.1#47	NW_026571447.1	GCF_026225935.1
XP_020783565.1#47|Boleophthalmus_pectinirostris	44683	-	+	4	43014	87696	28563930	28608612	XP_020783605.1#47	NW_026571447.1	GCF_026225935.1
XP_020783565.1#47|Boleophthalmus_pectinirostris	8310	-	-	7	88050	96359	28555267	28563576	XP_020783679.1#47	NW_026571447.1	GCF_026225935.1
XP_020783565.1#47|Boleophthalmus_pectinirostris	5225	-	+	1	96428	101652	28549974	28555198	XP_020783588.1#47	NW_026571447.1	GCF_026225935.1



XP_054869329.1#38|Amphiprion_ocellaris	2355	-	-	21	-55337	-52983	3930361	3932715	XP_023117489.1#38	NC_072774.1	GCF_022539595.1
XP_054869329.1#38|Amphiprion_ocellaris	3325	-	-	0	-52210	-48886	3926264	3929588	XP_023117483.1#38	NC_072774.1	GCF_022539595.1
XP_054869329.1#38|Amphiprion_ocellaris	3918	-	+	21	-41745	-37828	3915206	3919123	XP_023117487.1#38	NC_072774.1	GCF_022539595.1
XP_054869329.1#38|Amphiprion_ocellaris	20778	-	+	5	-26040	-5263	3882641	3903418	XP_035800097.2#38	NC_072774.1	GCF_022539595.1
XP_054869329.1#38|Amphiprion_ocellaris	1952	-	+	33	1	1952	3875426	3877377	XP_054869329.1#38	NC_072774.1	GCF_022539595.1
XP_054869329.1#38|Amphiprion_ocellaris	10828	-	+	34	37173	48000	3829378	3840205	lncRNA_38.0*#38	NC_072774.1	GCF_022539595.1
XP_054869329.1#38|Amphiprion_ocellaris	15280	-	-	3	52654	67933	3809445	3824724	XP_023117481.1#38	NC_072774.1	GCF_022539595.1
XP_054869329.1#38|Amphiprion_ocellaris	51427	-	+	4	85054	136480	3740898	3792324	XP_035800088.2#38	NC_072774.1	GCF_022539595.1
XP_054869329.1#38|Amphiprion_ocellaris	14728	-	-	7	136479	151206	3726172	3740899	XP_023117477.1#38	NC_072774.1	GCF_022539595.1



XP_016893308.1#13|Cynoglossus_semilaevis	4875	-	-	8	-35143	-30269	5087539	5092413	XP_024917202.1#13	NC_024319.1	GCF_000523025.1
XP_016893308.1#13|Cynoglossus_semilaevis	6428	-	-	6	-22898	-16471	5073741	5080168	XP_016893303.1#13	NC_024319.1	GCF_000523025.1
XP_016893308.1#13|Cynoglossus_semilaevis	9217	-	-	34	-15434	-6218	5063488	5072704	lncRNA_13.0*#13	NC_024319.1	GCF_000523025.1
XP_016893308.1#13|Cynoglossus_semilaevis	10018	-	+	5	-10776	-759	5058029	5068046	XP_008321377.1#13	NC_024319.1	GCF_000523025.1
XP_016893308.1#13|Cynoglossus_semilaevis	1748	-	+	33	1	1748	5055522	5057269	XP_016893308.1#13	NC_024319.1	GCF_000523025.1
XP_016893308.1#13|Cynoglossus_semilaevis	6122	-	+	3	10293	16414	5040856	5046977	XP_008321376.1#13	NC_024319.1	GCF_000523025.1
XP_016893308.1#13|Cynoglossus_semilaevis	51054	-	-	34	-5044	46009	5011261	5062314	lncRNA_13.5*#13	NC_024319.1	GCF_000523025.1
XP_016893308.1#13|Cynoglossus_semilaevis	28995	-	+	4	24479	53473	5003797	5032791	XP_008321375.1#13	NC_024319.1	GCF_000523025.1
XP_016893308.1#13|Cynoglossus_semilaevis	8497	-	-	7	52922	61418	4995852	5004348	XP_008321380.1#13	NC_024319.1	GCF_000523025.1



XP_046256649.1#76|Scatophagus_argus	6312	-	-	8	-47932	-41621	15902864	15909175	XP_046254392.1#76	NC_058501.1	GCF_020382885.2
XP_046256649.1#76|Scatophagus_argus	7059	-	+	18	-40856	-33798	15895041	15902099	XP_046256554.1#76	NC_058501.1	GCF_020382885.2
XP_046256649.1#76|Scatophagus_argus	6806	-	-	6	-27160	-20355	15881598	15888403	XP_046256359.1#76	NC_058501.1	GCF_020382885.2
XP_046256649.1#76|Scatophagus_argus	13710	-	+	5	-14114	-405	15861648	15875357	XP_046256648.1#76	NC_058501.1	GCF_020382885.2
XP_046256649.1#76|Scatophagus_argus	1294	-	+	33	1	1294	15859949	15861242	XP_046256649.1#76	NC_058501.1	GCF_020382885.2
XP_046256649.1#76|Scatophagus_argus	1009	-	+	34	3009	4017	15857226	15858234	lncRNA_76.9*#76	NC_058501.1	GCF_020382885.2
XP_046256649.1#76|Scatophagus_argus	6454	-	+	3	12472	18925	15842318	15848771	XP_046256717.1#76	NC_058501.1	GCF_020382885.2
XP_046256649.1#76|Scatophagus_argus	26557	-	+	4	27063	53619	15807624	15834180	XP_046254327.1#76	NC_058501.1	GCF_020382885.2
XP_046256649.1#76|Scatophagus_argus	6221	-	-	0	53758	59978	15801265	15807485	XP_046254331.1#76	NC_058501.1	GCF_020382885.2



XP_034554532.1#65|Notolabrus_celidotus	7922	+	-	8	-48120	-40199	15390445	15398366	XP_034553366.1#65	NC_048283.1	GCF_009762535.1
XP_034554532.1#65|Notolabrus_celidotus	6028	+	-	6	-30384	-24357	15408181	15414208	XP_034553891.1#65	NC_048283.1	GCF_009762535.1
XP_034554532.1#65|Notolabrus_celidotus	14838	+	+	5	-17863	-3026	15420702	15435539	XP_034554534.1#65	NC_048283.1	GCF_009762535.1
XP_034554532.1#65|Notolabrus_celidotus	50027	+	-	34	-15737	34289	15422828	15472854	lncRNA_65.2*#65	NC_048283.1	GCF_009762535.1
XP_034554532.1#65|Notolabrus_celidotus	1345	+	+	33	1	1345	15438566	15439910	XP_034554532.1#65	NC_048283.1	GCF_009762535.1
XP_034554532.1#65|Notolabrus_celidotus	7316	+	+	3	14281	21596	15452846	15460161	XP_034554533.1#65	NC_048283.1	GCF_009762535.1
XP_034554532.1#65|Notolabrus_celidotus	34981	+	+	4	39354	74334	15477919	15512899	XP_034554528.1#65	NC_048283.1	GCF_009762535.1
XP_034554532.1#65|Notolabrus_celidotus	8315	+	-	7	74335	82649	15512900	15521214	XP_034554529.1#65	NC_048283.1	GCF_009762535.1
XP_034554532.1#65|Notolabrus_celidotus	10600	+	+	1	82647	93246	15521212	15531811	XP_034554530.1#65	NC_048283.1	GCF_009762535.1



XP_060906405.1#44|Labrus_mixtus	28285	+	-	1	-69092	-40808	17698821	17727105	XP_060906409.1#44	NC_083622.1	GCF_963584025.1
XP_060906405.1#44|Labrus_mixtus	5657	+	-	8	-40242	-34586	17727671	17733327	XP_060906398.1#44	NC_083622.1	GCF_963584025.1
XP_060906405.1#44|Labrus_mixtus	6686	+	-	6	-26806	-20121	17741107	17747792	XP_060906400.1#44	NC_083622.1	GCF_963584025.1
XP_060906405.1#44|Labrus_mixtus	12246	+	+	5	-13158	-913	17754755	17767000	XP_060906403.1#44	NC_083622.1	GCF_963584025.1
XP_060906405.1#44|Labrus_mixtus	1339	+	+	33	1	1339	17767914	17769252	XP_060906405.1#44	NC_083622.1	GCF_963584025.1
XP_060906405.1#44|Labrus_mixtus	6533	+	+	3	10903	17435	17778816	17785348	XP_060906406.1#44	NC_083622.1	GCF_963584025.1
XP_060906405.1#44|Labrus_mixtus	28331	+	+	4	27981	56311	17795894	17824224	XP_060906470.1#44	NC_083622.1	GCF_963584025.1
XP_060906405.1#44|Labrus_mixtus	5509	+	-	7	56309	61817	17824222	17829730	XP_060906471.1#44	NC_083622.1	GCF_963584025.1
XP_060906405.1#44|Labrus_mixtus	8533	+	+	1	61820	70352	17829733	17838265	XP_060906476.1#44	NC_083622.1	GCF_963584025.1



XP_036929026.1#67|Acanthopagrus_latus	4250	-	+	34	-36998	-32749	18973316	18977565	lncRNA_67.9*#67	NC_051055.1	GCF_904848185.1
XP_036929026.1#67|Acanthopagrus_latus	5606	-	+	34	-30293	-24688	18965255	18970860	lncRNA_67.3*#67	NC_051055.1	GCF_904848185.1
XP_036929026.1#67|Acanthopagrus_latus	7631	-	-	6	-29121	-21491	18962058	18969688	XP_036929020.1#67	NC_051055.1	GCF_904848185.1
XP_036929026.1#67|Acanthopagrus_latus	13933	-	+	5	-15399	-1467	18942034	18955966	XP_036929023.1#67	NC_051055.1	GCF_904848185.1
XP_036929026.1#67|Acanthopagrus_latus	1337	-	+	33	1	1337	18939230	18940566	XP_036929026.1#67	NC_051055.1	GCF_904848185.1
XP_036929026.1#67|Acanthopagrus_latus	7605	-	+	3	11511	19115	18921452	18929056	XP_036929027.1#67	NC_051055.1	GCF_904848185.1
XP_036929026.1#67|Acanthopagrus_latus	12024	-	-	34	16941	28964	18911603	18923626	lncRNA_67.2*#67	NC_051055.1	GCF_904848185.1
XP_036929026.1#67|Acanthopagrus_latus	30452	-	+	4	28332	58783	18881784	18912235	XP_036929009.1#67	NC_051055.1	GCF_904848185.1
XP_036929026.1#67|Acanthopagrus_latus	5619	-	-	7	58654	64272	18876295	18881913	XP_036929014.1#67	NC_051055.1	GCF_904848185.1



XP_034030606.1#62|Thalassophryne_amazonica	35764	+	-	8	-179842	-144079	79246366	79282129	XP_034030595.1#62	NC_047109.1	GCF_902500255.1
XP_034030606.1#62|Thalassophryne_amazonica	2450	+	-	34	-111776	-109327	79314432	79316881	lncRNA_62.3*#62	NC_047109.1	GCF_902500255.1
XP_034030606.1#62|Thalassophryne_amazonica	10227	+	-	6	-108636	-98410	79317572	79327798	XP_034030596.1#62	NC_047109.1	GCF_902500255.1
XP_034030606.1#62|Thalassophryne_amazonica	60396	+	+	5	-73335	-12940	79352873	79413268	XP_034030604.1#62	NC_047109.1	GCF_902500255.1
XP_034030606.1#62|Thalassophryne_amazonica	2142	+	+	33	1	2142	79426209	79428350	XP_034030606.1#62	NC_047109.1	GCF_902500255.1
XP_034030606.1#62|Thalassophryne_amazonica	39925	+	+	3	23282	63206	79449490	79489414	XP_034030610.1#62	NC_047109.1	GCF_902500255.1
XP_034030606.1#62|Thalassophryne_amazonica	83693	+	+	4	96989	180681	79523197	79606889	XP_034030611.1#62	NC_047109.1	GCF_902500255.1
XP_034030606.1#62|Thalassophryne_amazonica	13096	+	-	7	180520	193615	79606728	79619823	XP_034030612.1#62	NC_047109.1	GCF_902500255.1
XP_034030606.1#62|Thalassophryne_amazonica	21680	+	+	1	193674	215353	79619882	79641561	XP_034030613.1#62	NC_047109.1	GCF_902500255.1



XP_061531598.1#45|Phycodurus_eques	11696	+	-	1	-92914	-81219	15050946	15062641	XP_061530180.1#45	NC_084528.1	GCF_024500275.1
XP_061531598.1#45|Phycodurus_eques	23808	+	+	7	-81137	-57330	15062723	15086530	XP_061530173.1#45	NC_084528.1	GCF_024500275.1
XP_061531598.1#45|Phycodurus_eques	25399	+	-	4	-71817	-46419	15072043	15097441	XP_061531439.1#45	NC_084528.1	GCF_024500275.1
XP_061531598.1#45|Phycodurus_eques	7847	+	-	3	-23576	-15730	15120284	15128130	XP_061531597.1#45	NC_084528.1	GCF_024500275.1
XP_061531598.1#45|Phycodurus_eques	1100	+	+	33	1	1100	15143861	15144960	XP_061531598.1#45	NC_084528.1	GCF_024500275.1
XP_061531598.1#45|Phycodurus_eques	24158	+	-	5	4351	28508	15148211	15172368	XP_061530184.1#45	NC_084528.1	GCF_024500275.1
XP_061531598.1#45|Phycodurus_eques	13410	+	+	6	46091	59500	15189951	15203360	XP_061531600.1#45	NC_084528.1	GCF_024500275.1
XP_061531598.1#45|Phycodurus_eques	12487	+	+	8	72458	84944	15216318	15228804	XP_061531601.1#45	NC_084528.1	GCF_024500275.1
XP_061531598.1#45|Phycodurus_eques	45616	+	+	1	86375	131990	15230235	15275850	XP_061530188.1#45	NC_084528.1	GCF_024500275.1



XP_062278916.1#9|Scomber_scombrus	14479	-	-	1	-68008	-53530	18410598	18425076	XP_062277900.1#9	NC_084976.1	GCF_963691925.1
XP_062278916.1#9|Scomber_scombrus	9957	-	-	8	-52025	-42069	18399137	18409093	XP_062278330.1#9	NC_084976.1	GCF_963691925.1
XP_062278916.1#9|Scomber_scombrus	4267	-	-	6	-31151	-26885	18383953	18388219	XP_062279045.1#9	NC_084976.1	GCF_963691925.1
XP_062278916.1#9|Scomber_scombrus	14079	-	+	5	-19031	-4953	18362021	18376099	XP_062279091.1#9	NC_084976.1	GCF_963691925.1
XP_062278916.1#9|Scomber_scombrus	1286	-	+	33	1	1286	18355782	18357067	XP_062278916.1#9	NC_084976.1	GCF_963691925.1
XP_062278916.1#9|Scomber_scombrus	7472	-	+	3	12429	19900	18337168	18344639	XP_062278744.1#9	NC_084976.1	GCF_963691925.1
XP_062278916.1#9|Scomber_scombrus	24634	-	+	4	35943	60576	18296492	18321125	XP_062279362.1#9	NC_084976.1	GCF_963691925.1
XP_062278916.1#9|Scomber_scombrus	7853	-	-	7	60982	68834	18288234	18296086	XP_062279375.1#9	NC_084976.1	GCF_963691925.1
XP_062278916.1#9|Scomber_scombrus	8396	-	+	1	68908	77303	18279765	18288160	XP_062279384.1#9	NC_084976.1	GCF_963691925.1



XP_029928275.1#54|Myripristis_murdjan	5875	-	-	8	-45178	-39304	19916344	19922218	XP_029928267.1#54	NC_043995.1	GCF_902150065.1
XP_029928275.1#54|Myripristis_murdjan	7219	-	-	6	-32744	-25526	19902566	19909784	XP_029928269.1#54	NC_043995.1	GCF_902150065.1
XP_029928275.1#54|Myripristis_murdjan	15934	-	+	5	-19749	-3816	19880856	19896789	XP_029928271.1#54	NC_043995.1	GCF_902150065.1
XP_029928275.1#54|Myripristis_murdjan	2848	-	+	9	-3713	-866	19877906	19880753	XP_029928274.1#54	NC_043995.1	GCF_902150065.1
XP_029928275.1#54|Myripristis_murdjan	2009	-	+	9	1	2009	19875031	19877039	XP_029928275.1#54	NC_043995.1	GCF_902150065.1
XP_029928275.1#54|Myripristis_murdjan	7356	-	+	3	12905	20260	19856780	19864135	XP_029928276.1#54	NC_043995.1	GCF_902150065.1
XP_029928275.1#54|Myripristis_murdjan	28300	-	+	4	29263	57562	19819478	19847777	XP_029927792.1#54	NC_043995.1	GCF_902150065.1
XP_029928275.1#54|Myripristis_murdjan	7555	-	-	7	57652	65206	19811834	19819388	XP_029927794.1#54	NC_043995.1	GCF_902150065.1
XP_029928275.1#54|Myripristis_murdjan	8025	-	+	1	65187	73211	19803829	19811853	XP_029927801.1#54	NC_043995.1	GCF_902150065.1



XP_054478081.1#37|Anoplopoma_fimbria	14370	-	-	1	-62733	-48364	16438984	16453353	XP_054478466.1#37	NC_072468.1	GCF_027596085.1
XP_054478081.1#37|Anoplopoma_fimbria	7135	-	-	8	-48173	-41039	16431659	16438793	XP_054477442.1#37	NC_072468.1	GCF_027596085.1
XP_054478081.1#37|Anoplopoma_fimbria	6711	-	-	6	-34866	-28156	16418776	16425486	XP_054477773.1#37	NC_072468.1	GCF_027596085.1
XP_054478081.1#37|Anoplopoma_fimbria	13833	-	+	5	-17240	-3408	16394028	16407860	XP_054478121.1#37	NC_072468.1	GCF_027596085.1
XP_054478081.1#37|Anoplopoma_fimbria	1345	-	+	33	1	1345	16389275	16390619	XP_054478081.1#37	NC_072468.1	GCF_027596085.1
XP_054478081.1#37|Anoplopoma_fimbria	7071	-	+	3	9121	16191	16374429	16381499	XP_054478025.1#37	NC_072468.1	GCF_027596085.1
XP_054478081.1#37|Anoplopoma_fimbria	26278	-	+	4	28093	54370	16336250	16362527	XP_054477880.1#37	NC_072468.1	GCF_027596085.1
XP_054478081.1#37|Anoplopoma_fimbria	6044	-	-	7	54567	60610	16330010	16336053	XP_054477018.1#37	NC_072468.1	GCF_027596085.1
XP_054478081.1#37|Anoplopoma_fimbria	7070	-	+	1	60658	67727	16322893	16329962	XP_054477020.1#37	NC_072468.1	GCF_027596085.1



XP_059196099.1#43|Centropristis_striata	8463	+	-	8	-49241	-40779	12036885	12045347	XP_059196020.1#43	NC_081524.1	GCF_030273125.1
XP_059196099.1#43|Centropristis_striata	5785	+	+	34	-40738	-34954	12045388	12051172	lncRNA_43.5*#43	NC_081524.1	GCF_030273125.1
XP_059196099.1#43|Centropristis_striata	7294	+	-	6	-34553	-27260	12051573	12058866	XP_059196068.1#43	NC_081524.1	GCF_030273125.1
XP_059196099.1#43|Centropristis_striata	14892	+	+	5	-18578	-3687	12067548	12082439	XP_059196074.1#43	NC_081524.1	GCF_030273125.1
XP_059196099.1#43|Centropristis_striata	1562	+	+	33	1	1562	12086127	12087688	XP_059196099.1#43	NC_081524.1	GCF_030273125.1
XP_059196099.1#43|Centropristis_striata	8582	+	+	3	13912	22493	12100038	12108619	XP_059196103.1#43	NC_081524.1	GCF_030273125.1
XP_059196099.1#43|Centropristis_striata	1655	+	-	20	34912	36566	12121038	12122692	XP_059196091.1#43	NC_081524.1	GCF_030273125.1
XP_059196099.1#43|Centropristis_striata	3597	+	-	20	36722	40318	12122848	12126444	XP_059196083.1#43	NC_081524.1	GCF_030273125.1
XP_059196099.1#43|Centropristis_striata	1613	+	-	20	40948	42560	12127074	12128686	XP_059196090.1#43	NC_081524.1	GCF_030273125.1



