XP_033025546.1#31|Lacerta_agilis	6363	-	+	5	-42603	-36241	12294365	12300727	XP_033025500.1#31	NC_046325.1	GCF_009819535.1
XP_033025546.1#31|Lacerta_agilis	4105	-	-	5	-33658	-29554	12287678	12291782	XP_033024211.1#31	NC_046325.1	GCF_009819535.1
XP_033025546.1#31|Lacerta_agilis	5383	-	-	5	-24085	-18703	12276827	12282209	XP_033025499.1#31	NC_046325.1	GCF_009819535.1
XP_033025546.1#31|Lacerta_agilis	6751	-	+	5	-14592	-7842	12265966	12272716	XP_033025501.1#31	NC_046325.1	GCF_009819535.1
XP_033025546.1#31|Lacerta_agilis	708	-	+	12	1	708	12257416	12258123	XP_033025546.1#31	NC_046325.1	GCF_009819535.1
XP_033025546.1#31|Lacerta_agilis	72	-	-	13	1425	1496	12256628	12256699	tRNA_31.5*#31	NC_046325.1	GCF_009819535.1
XP_033025546.1#31|Lacerta_agilis	73	-	-	13	2544	2616	12255508	12255580	tRNA_31.6*#31	NC_046325.1	GCF_009819535.1
XP_033025546.1#31|Lacerta_agilis	72	-	-	13	3328	3399	12254725	12254796	tRNA_31.3*#31	NC_046325.1	GCF_009819535.1
XP_033025546.1#31|Lacerta_agilis	72	-	-	13	18466	18537	12239587	12239658	tRNA_31.2*#31	NC_046325.1	GCF_009819535.1



XP_048676728.1#70|Caretta_caretta	510	-	-	1	-168063	-167554	34835183	34835692	XP_074975111.1#70	NC_134218.1	GCF_965140235.1
XP_048676728.1#70|Caretta_caretta	6357	-	+	1	-50132	-43776	34711405	34717761	XP_074975110.1#70	NC_134218.1	GCF_965140235.1
XP_048676728.1#70|Caretta_caretta	417	-	+	1	-31850	-31434	34699063	34699479	XP_048676730.1#70	NC_134218.1	GCF_965140235.1
XP_048676728.1#70|Caretta_caretta	10414	-	+	14	-30148	-19735	34687364	34697777	pseudogene_70.8*#70	NC_134218.1	GCF_965140235.1
XP_048676728.1#70|Caretta_caretta	4491	-	+	1	1	4491	34663138	34667628	XP_048676728.1#70	NC_134218.1	GCF_965140235.1
XP_048676728.1#70|Caretta_caretta	687	-	+	14	7921	8607	34659022	34659708	pseudogene_70.3*#70	NC_134218.1	GCF_965140235.1
XP_048676728.1#70|Caretta_caretta	2197	-	+	1	13558	15754	34651875	34654071	XP_048676723.1#70	NC_134218.1	GCF_965140235.1
XP_048676728.1#70|Caretta_caretta	2384	-	+	1	18926	21309	34646320	34648703	XP_048676725.1#70	NC_134218.1	GCF_965140235.1
XP_048676728.1#70|Caretta_caretta	2034	-	+	1	23857	25890	34641739	34643772	XP_074974655.1#70	NC_134218.1	GCF_965140235.1



XP_044842552.1#37|Mauremys_mutica	459	+	-	1	-417509	-417051	56012011	56012469	XP_044840919.1#37	NC_059084.1	GCF_020497125.1
XP_044842552.1#37|Mauremys_mutica	951	+	+	6	-88957	-88007	56340563	56341513	XP_044840920.1#37	NC_059084.1	GCF_020497125.1
XP_044842552.1#37|Mauremys_mutica	954	+	+	6	-82218	-81265	56347302	56348255	XP_044840921.1#37	NC_059084.1	GCF_020497125.1
XP_044842552.1#37|Mauremys_mutica	699	+	+	1	-18710	-18012	56410810	56411508	XP_044840505.1#37	NC_059084.1	GCF_020497125.1
XP_044842552.1#37|Mauremys_mutica	1135	+	+	12	1	1135	56429521	56430655	XP_044842552.1#37	NC_059084.1	GCF_020497125.1
XP_044842552.1#37|Mauremys_mutica	4285	+	+	1	17061	21345	56446581	56450865	XP_044841993.1#37	NC_059084.1	GCF_020497125.1
XP_044842552.1#37|Mauremys_mutica	444	+	+	1	42965	43408	56472485	56472928	XP_044841090.1#37	NC_059084.1	GCF_020497125.1
XP_044842552.1#37|Mauremys_mutica	6744	+	+	1	47535	54278	56477055	56483798	XP_044842351.1#37	NC_059084.1	GCF_020497125.1
XP_044842552.1#37|Mauremys_mutica	428	+	+	14	58418	58845	56487938	56488365	pseudogene_37.4*#37	NC_059084.1	GCF_020497125.1



XP_048676725.1#11|Caretta_caretta	10414	-	+	14	-49073	-38660	34687364	34697777	pseudogene_11.4*#11	NC_134218.1	GCF_965140235.1
XP_048676725.1#11|Caretta_caretta	4491	-	+	1	-18924	-14434	34663138	34667628	XP_048676728.1#11	NC_134218.1	GCF_965140235.1
XP_048676725.1#11|Caretta_caretta	687	-	+	14	-11004	-10318	34659022	34659708	pseudogene_11.2*#11	NC_134218.1	GCF_965140235.1
XP_048676725.1#11|Caretta_caretta	2197	-	+	1	-5367	-3171	34651875	34654071	XP_048676723.1#11	NC_134218.1	GCF_965140235.1
XP_048676725.1#11|Caretta_caretta	2384	-	+	1	1	2384	34646320	34648703	XP_048676725.1#11	NC_134218.1	GCF_965140235.1
XP_048676725.1#11|Caretta_caretta	2034	-	+	1	4932	6965	34641739	34643772	XP_074974655.1#11	NC_134218.1	GCF_965140235.1
XP_048676725.1#11|Caretta_caretta	829	-	+	1	13010	13838	34634866	34635694	XP_048676734.2#11	NC_134218.1	GCF_965140235.1
XP_048676725.1#11|Caretta_caretta	20099	-	-	13	37887	57985	34590719	34610817	lncRNA_11.7*#11	NC_134218.1	GCF_965140235.1
XP_048676725.1#11|Caretta_caretta	5556	-	+	10	78268	83823	34564881	34570436	XP_048676717.1#11	NC_134218.1	GCF_965140235.1



XP_053218307.1#15|Podarcis_raffonei	10267	-	+	1	-53561	-43295	41870373	41880639	XP_053218011.1#15	NC_070614.1	GCF_027172205.1
XP_053218307.1#15|Podarcis_raffonei	9117	-	-	13	-30481	-21365	41848443	41857559	lncRNA_15.9*#15	NC_070614.1	GCF_027172205.1
XP_053218307.1#15|Podarcis_raffonei	4524	-	-	13	-17536	-13013	41840091	41844614	lncRNA_15.7*#15	NC_070614.1	GCF_027172205.1
XP_053218307.1#15|Podarcis_raffonei	2897	-	+	1	-6547	-3651	41830729	41833625	XP_053217063.1#15	NC_070614.1	GCF_027172205.1
XP_053218307.1#15|Podarcis_raffonei	2662	-	+	12	1	2662	41824416	41827077	XP_053218307.1#15	NC_070614.1	GCF_027172205.1
XP_053218307.1#15|Podarcis_raffonei	4303	-	+	1	7306	11608	41815470	41819772	XP_053218619.1#15	NC_070614.1	GCF_027172205.1
XP_053218307.1#15|Podarcis_raffonei	14923	-	+	2	15877	30799	41796279	41811201	XP_053217386.1#15	NC_070614.1	GCF_027172205.1
XP_053218307.1#15|Podarcis_raffonei	8544	-	+	3	37510	46053	41781025	41789568	XP_053218431.1#15	NC_070614.1	GCF_027172205.1
XP_053218307.1#15|Podarcis_raffonei	16032	-	+	7	101560	117591	41709487	41725518	XP_053216153.1#15	NC_070614.1	GCF_027172205.1



XP_034267397.1#66|Pantherophis_guttatus	426	-	+	1	-36952	-36527	231527	231952	XP_060546905.1#66	NW_026844030.1	GCF_029531705.1
XP_034267397.1#66|Pantherophis_guttatus	736	-	+	1	-25535	-24800	219800	220535	XP_060546879.1#66	NW_026844030.1	GCF_029531705.1
XP_034267397.1#66|Pantherophis_guttatus	5998	-	+	1	-14775	-8778	203778	209775	XP_034267398.1#66	NW_026844030.1	GCF_029531705.1
XP_034267397.1#66|Pantherophis_guttatus	4577	-	+	14	-6337	-1761	196761	201337	pseudogene_66.1*#66	NW_026844030.1	GCF_029531705.1
XP_034267397.1#66|Pantherophis_guttatus	5247	-	+	1	1	5247	189753	194999	XP_034267397.1#66	NW_026844030.1	GCF_029531705.1
XP_034267397.1#66|Pantherophis_guttatus	548	-	+	1	22438	22985	172015	172562	XP_034267492.1#66	NW_026844030.1	GCF_029531705.1
XP_034267397.1#66|Pantherophis_guttatus	19651	-	+	2	27464	47114	147886	167536	XP_034267399.1#66	NW_026844030.1	GCF_029531705.1
XP_034267397.1#66|Pantherophis_guttatus	25575	-	+	3	51204	76778	118222	143796	XP_060546981.1#66	NW_026844030.1	GCF_029531705.1
XP_034267397.1#66|Pantherophis_guttatus	6968	-	+	7	81944	88911	106089	113056	XP_060546904.1#66	NW_026844030.1	GCF_029531705.1



XP_048373781.1#85|Sphaerodactylus_townsendi	5031	-	-	1	-59026	-53996	32872397	32877427	XP_048373714.1#85	NC_059439.1	GCF_021028975.2
XP_048373781.1#85|Sphaerodactylus_townsendi	3570	-	-	1	-49115	-45546	32863947	32867516	XP_048373825.1#85	NC_059439.1	GCF_021028975.2
XP_048373781.1#85|Sphaerodactylus_townsendi	756	-	+	1	-39777	-39022	32857423	32858178	XP_048374174.1#85	NC_059439.1	GCF_021028975.2
XP_048373781.1#85|Sphaerodactylus_townsendi	2876	-	+	1	-19704	-16829	32835230	32838105	XP_048374065.1#85	NC_059439.1	GCF_021028975.2
XP_048373781.1#85|Sphaerodactylus_townsendi	2553	-	+	12	1	2553	32815848	32818400	XP_048373781.1#85	NC_059439.1	GCF_021028975.2
XP_048373781.1#85|Sphaerodactylus_townsendi	3651	-	+	3	18295	21945	32796456	32800106	XP_048374009.1#85	NC_059439.1	GCF_021028975.2
XP_048373781.1#85|Sphaerodactylus_townsendi	945	-	+	6	29972	30916	32787485	32788429	XP_048372711.1#85	NC_059439.1	GCF_021028975.2
XP_048373781.1#85|Sphaerodactylus_townsendi	3673	-	-	6	36068	39740	32778661	32782333	XP_048374344.1#85	NC_059439.1	GCF_021028975.2
XP_048373781.1#85|Sphaerodactylus_townsendi	972	-	-	6	44013	44984	32773417	32774388	XP_048372710.1#85	NC_059439.1	GCF_021028975.2



XP_015273013.1#103|Gekko_japonicus	4332	+	+	12	1	4332	785	5116	XP_015273013.1#103	NW_015169920.1	GCF_001447785.1
XP_015273013.1#103|Gekko_japonicus	441	+	+	1	28328	28768	29112	29552	XP_015273010.1#103	NW_015169920.1	GCF_001447785.1
XP_015273013.1#103|Gekko_japonicus	447	+	+	1	40830	41276	41614	42060	XP_015273011.1#103	NW_015169920.1	GCF_001447785.1
XP_015273013.1#103|Gekko_japonicus	28202	+	+	0	46960	75161	47744	75945	XP_015273012.1#103	NW_015169920.1	GCF_001447785.1
XP_015273013.1#103|Gekko_japonicus	6223	+	+	3	80664	86886	81448	87670	XP_015273015.1#103	NW_015169920.1	GCF_001447785.1



XP_054848239.1#62|Eublepharis_macularius	7189	-	-	7	-84354	-77166	66630577	66637765	XP_054850126.1#62	NC_072801.1	GCF_028583425.1
XP_054848239.1#62|Eublepharis_macularius	945	-	-	6	-67103	-66159	66619570	66620514	XP_054850125.1#62	NC_072801.1	GCF_028583425.1
XP_054848239.1#62|Eublepharis_macularius	441	-	+	1	-9624	-9184	66562595	66563035	XP_054850124.1#62	NC_072801.1	GCF_028583425.1
XP_054848239.1#62|Eublepharis_macularius	495	-	-	1	-5482	-4988	66558399	66558893	XP_054850122.1#62	NC_072801.1	GCF_028583425.1
XP_054848239.1#62|Eublepharis_macularius	3696	-	+	1	1	3696	66549715	66553410	XP_054848239.1#62	NC_072801.1	GCF_028583425.1
XP_054848239.1#62|Eublepharis_macularius	13994	-	+	2	19494	33487	66519924	66533917	XP_054850953.1#62	NC_072801.1	GCF_028583425.1
XP_054848239.1#62|Eublepharis_macularius	6863	-	+	3	38084	44946	66508465	66515327	XP_054850660.1#62	NC_072801.1	GCF_028583425.1
XP_054848239.1#62|Eublepharis_macularius	7541	-	+	7	108858	116398	66437013	66444553	XP_054850121.1#62	NC_072801.1	GCF_028583425.1
XP_054848239.1#62|Eublepharis_macularius	19334	-	-	15	184612	203945	66349466	66368799	XP_054850120.1#62	NC_072801.1	GCF_028583425.1



XP_054850124.1#42|Eublepharis_macularius	507	-	+	1	-93192	-92686	66655722	66656228	XP_054850128.1#42	NC_072801.1	GCF_028583425.1
XP_054850124.1#42|Eublepharis_macularius	2791	-	-	7	-89638	-86848	66649884	66652674	XP_054850127.1#42	NC_072801.1	GCF_028583425.1
XP_054850124.1#42|Eublepharis_macularius	7189	-	-	7	-74729	-67541	66630577	66637765	XP_054850126.1#42	NC_072801.1	GCF_028583425.1
XP_054850124.1#42|Eublepharis_macularius	945	-	-	6	-57478	-56534	66619570	66620514	XP_054850125.1#42	NC_072801.1	GCF_028583425.1
XP_054850124.1#42|Eublepharis_macularius	441	-	+	1	1	441	66562595	66563035	XP_054850124.1#42	NC_072801.1	GCF_028583425.1
XP_054850124.1#42|Eublepharis_macularius	495	-	-	1	4143	4637	66558399	66558893	XP_054850122.1#42	NC_072801.1	GCF_028583425.1
XP_054850124.1#42|Eublepharis_macularius	3696	-	+	1	9626	13321	66549715	66553410	XP_054848239.1#42	NC_072801.1	GCF_028583425.1
XP_054850124.1#42|Eublepharis_macularius	13994	-	+	2	29119	43112	66519924	66533917	XP_054850953.1#42	NC_072801.1	GCF_028583425.1
XP_054850124.1#42|Eublepharis_macularius	6863	-	+	3	47709	54571	66508465	66515327	XP_054850660.1#42	NC_072801.1	GCF_028583425.1



XP_044842349.1#84|Mauremys_mutica	4285	+	+	1	-46958	-42674	56446581	56450865	XP_044841993.1#84	NC_059084.1	GCF_020497125.1
XP_044842349.1#84|Mauremys_mutica	444	+	+	1	-21054	-20611	56472485	56472928	XP_044841090.1#84	NC_059084.1	GCF_020497125.1
XP_044842349.1#84|Mauremys_mutica	6744	+	+	1	-16484	-9741	56477055	56483798	XP_044842351.1#84	NC_059084.1	GCF_020497125.1
XP_044842349.1#84|Mauremys_mutica	428	+	+	14	-5601	-5174	56487938	56488365	pseudogene_84.8*#84	NC_059084.1	GCF_020497125.1
XP_044842349.1#84|Mauremys_mutica	1660	+	+	12	1	1660	56493540	56495199	XP_044842349.1#84	NC_059084.1	GCF_020497125.1
XP_044842349.1#84|Mauremys_mutica	1125	+	-	0	15062	16186	56508601	56509725	XP_044840922.1#84	NC_059084.1	GCF_020497125.1
XP_044842349.1#84|Mauremys_mutica	1140	+	-	1	22693	23832	56516232	56517371	XP_044842496.1#84	NC_059084.1	GCF_020497125.1
XP_044842349.1#84|Mauremys_mutica	7183	+	+	0	64538	71720	56558077	56565259	XP_044841671.1#84	NC_059084.1	GCF_020497125.1
XP_044842349.1#84|Mauremys_mutica	6343	+	+	10	98919	105261	56592458	56598800	XP_044841668.1#84	NC_059084.1	GCF_020497125.1



XP_050773553.1#57|Gopherus_flavomarginatus	453	+	-	1	-66819	-66367	17074981	17075433	XP_050774010.1#57	NC_066627.1	GCF_025201925.1
XP_050773553.1#57|Gopherus_flavomarginatus	1027	+	+	14	-42625	-41599	17099175	17100201	pseudogene_57.5*#57	NC_066627.1	GCF_025201925.1
XP_050773553.1#57|Gopherus_flavomarginatus	426	+	-	1	-33320	-32895	17108480	17108905	XP_050774019.1#57	NC_066627.1	GCF_025201925.1
XP_050773553.1#57|Gopherus_flavomarginatus	1428	+	+	1	-21801	-20374	17119999	17121426	XP_050774047.1#57	NC_066627.1	GCF_025201925.1
XP_050773553.1#57|Gopherus_flavomarginatus	2091	+	+	12	1	2091	17141801	17143891	XP_050773553.1#57	NC_066627.1	GCF_025201925.1
XP_050773553.1#57|Gopherus_flavomarginatus	9135	+	-	1	28248	37382	17170048	17179182	XP_050774002.1#57	NC_066627.1	GCF_025201925.1
XP_050773553.1#57|Gopherus_flavomarginatus	1895	+	-	1	70711	72605	17212511	17214405	XP_050774006.1#57	NC_066627.1	GCF_025201925.1
XP_050773553.1#57|Gopherus_flavomarginatus	5434	+	-	1	130419	135852	17272219	17277652	XP_050774011.1#57	NC_066627.1	GCF_025201925.1
XP_050773553.1#57|Gopherus_flavomarginatus	304542	+	+	1	139804	444345	17281604	17586145	XP_050774005.1#57	NC_066627.1	GCF_025201925.1



XP_050774014.1#12|Gopherus_flavomarginatus	1428	-	-	1	-50560	-49133	17119999	17121426	XP_050774047.1#12	NC_066627.1	GCF_025201925.1
XP_050774014.1#12|Gopherus_flavomarginatus	426	-	+	1	-38039	-37614	17108480	17108905	XP_050774019.1#12	NC_066627.1	GCF_025201925.1
XP_050774014.1#12|Gopherus_flavomarginatus	1027	-	-	14	-29335	-28309	17099175	17100201	pseudogene_12.5*#12	NC_066627.1	GCF_025201925.1
XP_050774014.1#12|Gopherus_flavomarginatus	453	-	+	1	-4567	-4115	17074981	17075433	XP_050774010.1#12	NC_066627.1	GCF_025201925.1
XP_050774014.1#12|Gopherus_flavomarginatus	5048	-	+	12	1	5048	17065818	17070865	XP_050774014.1#12	NC_066627.1	GCF_025201925.1
XP_050774014.1#12|Gopherus_flavomarginatus	452	-	-	14	22908	23359	17047507	17047958	pseudogene_12.4*#12	NC_066627.1	GCF_025201925.1
XP_050774014.1#12|Gopherus_flavomarginatus	547	-	-	14	75345	75891	16994975	16995521	pseudogene_12.1*#12	NC_066627.1	GCF_025201925.1
XP_050774014.1#12|Gopherus_flavomarginatus	1564	-	-	1	89063	90626	16980240	16981803	XP_050773552.1#12	NC_066627.1	GCF_025201925.1
XP_050774014.1#12|Gopherus_flavomarginatus	84607	-	-	1	14465	99071	16971795	17056401	XP_050774016.1#12	NC_066627.1	GCF_025201925.1



XP_054851373.1#43|Eublepharis_macularius	2791	+	+	7	-46899	-44109	66649884	66652674	XP_054850127.1#43	NC_072801.1	GCF_028583425.1
XP_054851373.1#43|Eublepharis_macularius	507	+	-	1	-41061	-40555	66655722	66656228	XP_054850128.1#43	NC_072801.1	GCF_028583425.1
XP_054851373.1#43|Eublepharis_macularius	3460	+	-	1	-37085	-33626	66659698	66663157	XP_054851497.1#43	NC_072801.1	GCF_028583425.1
XP_054851373.1#43|Eublepharis_macularius	3307	+	+	1	-28721	-25415	66668062	66671368	XP_054849590.1#43	NC_072801.1	GCF_028583425.1
XP_054851373.1#43|Eublepharis_macularius	820	+	+	12	1	820	66696784	66697603	XP_054851373.1#43	NC_072801.1	GCF_028583425.1
XP_054851373.1#43|Eublepharis_macularius	3035	+	+	1	16163	19197	66712946	66715980	XP_054850890.1#43	NC_072801.1	GCF_028583425.1
XP_054851373.1#43|Eublepharis_macularius	581	+	+	1	31345	31925	66728128	66728708	XP_054850889.1#43	NC_072801.1	GCF_028583425.1
XP_054851373.1#43|Eublepharis_macularius	471	+	+	1	43076	43546	66739859	66740329	XP_054850129.1#43	NC_072801.1	GCF_028583425.1
XP_054851373.1#43|Eublepharis_macularius	6630	+	-	5	57836	64465	66754619	66761248	XP_054851374.1#43	NC_072801.1	GCF_028583425.1



XP_056719010.1#47|Euleptes_europaea	429	-	-	1	-34729	-34301	8422085	8422513	XP_056719011.1#47	NC_079329.1	GCF_029931775.1
XP_056719010.1#47|Euleptes_europaea	507	-	+	1	-27040	-26534	8414318	8414824	XP_056719016.1#47	NC_079329.1	GCF_029931775.1
XP_056719010.1#47|Euleptes_europaea	456	-	+	1	-22584	-22129	8409913	8410368	XP_056719017.1#47	NC_079329.1	GCF_029931775.1
XP_056719010.1#47|Euleptes_europaea	447	-	+	1	-13517	-13071	8400855	8401301	XP_056719007.1#47	NC_079329.1	GCF_029931775.1
XP_056719010.1#47|Euleptes_europaea	2912	-	+	1	1	2912	8384872	8387783	XP_056719010.1#47	NC_079329.1	GCF_029931775.1
XP_056719010.1#47|Euleptes_europaea	447	-	+	1	10790	11236	8376548	8376994	XP_056720170.1#47	NC_079329.1	GCF_029931775.1
XP_056719010.1#47|Euleptes_europaea	444	-	+	1	14705	15148	8372636	8373079	XP_056719008.1#47	NC_079329.1	GCF_029931775.1
XP_056719010.1#47|Euleptes_europaea	73	-	-	13	18355	18427	8369357	8369429	tRNA_47.3*#47	NC_079329.1	GCF_029931775.1
XP_056719010.1#47|Euleptes_europaea	72	-	-	13	18798	18869	8368915	8368986	tRNA_47.8*#47	NC_079329.1	GCF_029931775.1



XP_060112590.1#74|Heteronotia_binoei	11643	-	-	1	-58897	-47255	19684554	19696196	XP_060110932.1#74	NC_083237.1	GCF_032191835.1
XP_060112590.1#74|Heteronotia_binoei	426	-	-	1	-44379	-43954	19681253	19681678	XP_060110931.1#74	NC_083237.1	GCF_032191835.1
XP_060112590.1#74|Heteronotia_binoei	9630	-	-	1	-32822	-23193	19660492	19670121	XP_060110930.1#74	NC_083237.1	GCF_032191835.1
XP_060112590.1#74|Heteronotia_binoei	539	-	+	1	-16148	-15610	19652909	19653447	XP_060110929.1#74	NC_083237.1	GCF_032191835.1
XP_060112590.1#74|Heteronotia_binoei	436	-	+	12	1	436	19636863	19637298	XP_060112590.1#74	NC_083237.1	GCF_032191835.1
XP_060112590.1#74|Heteronotia_binoei	432	-	+	1	16547	16978	19620321	19620752	XP_060112383.1#74	NC_083237.1	GCF_032191835.1
XP_060112590.1#74|Heteronotia_binoei	444	-	+	1	33715	34158	19603141	19603584	XP_060110535.1#74	NC_083237.1	GCF_032191835.1
XP_060112590.1#74|Heteronotia_binoei	2445	-	+	1	50656	53100	19584199	19586643	XP_060111766.1#74	NC_083237.1	GCF_032191835.1
XP_060112590.1#74|Heteronotia_binoei	73	-	-	13	55957	56029	19581270	19581342	tRNA_74.2*#74	NC_083237.1	GCF_032191835.1



XP_015273537.1#104|Gekko_japonicus	3449	+	-	1	-43830	-40382	77224	80672	XP_015273520.1#104	NW_015170318.1	GCF_001447785.1
XP_015273537.1#104|Gekko_japonicus	5509	+	-	1	-27207	-21699	93847	99355	XP_015273521.1#104	NW_015170318.1	GCF_001447785.1
XP_015273537.1#104|Gekko_japonicus	3522	+	+	1	-13911	-10390	107143	110664	XP_015273535.1#104	NW_015170318.1	GCF_001447785.1
XP_015273537.1#104|Gekko_japonicus	6020	+	+	12	1	6020	121055	127074	XP_015273537.1#104	NW_015170318.1	GCF_001447785.1
XP_015273537.1#104|Gekko_japonicus	435	+	+	1	17567	18001	138621	139055	XP_015273522.1#104	NW_015170318.1	GCF_001447785.1
XP_015273537.1#104|Gekko_japonicus	2940	+	+	1	24304	27243	145358	148297	XP_015273538.1#104	NW_015170318.1	GCF_001447785.1
XP_015273537.1#104|Gekko_japonicus	72	+	-	13	30278	30349	151332	151403	tRNA_104.4*#104	NW_015170318.1	GCF_001447785.1
XP_015273537.1#104|Gekko_japonicus	72	+	-	13	30278	30349	151332	151403	tRNA_104.4*#104	NW_015170318.1	GCF_001447785.1



XP_033026108.1#5|Lacerta_agilis	1465	+	-	1	-54862	-53398	12322338	12323802	XP_033025870.1#5	NC_046325.1	GCF_009819535.1
XP_033026108.1#5|Lacerta_agilis	9420	+	+	5	-41384	-31965	12335816	12345235	XP_033024212.1#5	NC_046325.1	GCF_009819535.1
XP_033026108.1#5|Lacerta_agilis	6962	+	+	1	-18333	-11372	12358867	12365828	XP_033024214.1#5	NC_046325.1	GCF_009819535.1
XP_033026108.1#5|Lacerta_agilis	444	+	+	1	-6601	-6158	12370599	12371042	XP_033024215.1#5	NC_046325.1	GCF_009819535.1
XP_033026108.1#5|Lacerta_agilis	472	+	+	12	1	472	12377201	12377672	XP_033026108.1#5	NC_046325.1	GCF_009819535.1
XP_033026108.1#5|Lacerta_agilis	1873	+	+	13	3878	5750	12381078	12382950	lncRNA_5.9*#5	NC_046325.1	GCF_009819535.1
XP_033026108.1#5|Lacerta_agilis	6650	+	+	5	16161	22810	12393361	12400010	XP_033026363.1#5	NC_046325.1	GCF_009819535.1
XP_033026108.1#5|Lacerta_agilis	11628	+	+	5	31754	43381	12408954	12420581	XP_033027050.1#5	NC_046325.1	GCF_009819535.1
XP_033026108.1#5|Lacerta_agilis	3534	+	-	7	78845	82378	12456045	12459578	XP_033024216.1#5	NC_046325.1	GCF_009819535.1



XP_031807858.1#79|Sarcophilus_harrisii	20241	+	+	0	-312413	-292173	249377239	249397479	XP_012409490.1#79	NC_045427.1	GCF_902635505.1
XP_031807858.1#79|Sarcophilus_harrisii	12758	+	+	0	-279827	-267070	249409825	249422582	XP_031807857.1#79	NC_045427.1	GCF_902635505.1
XP_031807858.1#79|Sarcophilus_harrisii	420	+	+	1	-188851	-188432	249500801	249501220	XP_031805139.1#79	NC_045427.1	GCF_902635505.1
XP_031807858.1#79|Sarcophilus_harrisii	634	+	+	14	-145730	-145097	249543922	249544555	pseudogene_79.3*#79	NC_045427.1	GCF_902635505.1
XP_031807858.1#79|Sarcophilus_harrisii	2431	+	+	12	1	2431	249689653	249692083	XP_031807858.1#79	NC_045427.1	GCF_902635505.1
XP_031807858.1#79|Sarcophilus_harrisii	465	+	-	1	26029	26493	249715681	249716145	XP_003758814.1#79	NC_045427.1	GCF_902635505.1
XP_031807858.1#79|Sarcophilus_harrisii	507	+	-	1	58133	58639	249747785	249748291	XP_031805140.1#79	NC_045427.1	GCF_902635505.1
XP_031807858.1#79|Sarcophilus_harrisii	1164	+	-	1	77389	78552	249767041	249768204	XP_031807859.1#79	NC_045427.1	GCF_902635505.1
XP_031807858.1#79|Sarcophilus_harrisii	27536	+	-	1	102995	130530	249792647	249820182	XP_023351121.1#79	NC_045427.1	GCF_902635505.1



XP_044518246.1#83|Gracilinanus_agilis	417	+	+	1	-220176	-219760	555661456	555661872	XP_044516005.1#83	NC_058131.1	GCF_016433145.1
XP_044518246.1#83|Gracilinanus_agilis	50328	+	+	1	-149225	-98898	555732407	555782734	XP_044516007.1#83	NC_058131.1	GCF_016433145.1
XP_044518246.1#83|Gracilinanus_agilis	477	+	+	1	-57334	-56858	555824298	555824774	XP_044519336.1#83	NC_058131.1	GCF_016433145.1
XP_044518246.1#83|Gracilinanus_agilis	3435	+	+	1	-12903	-9469	555868729	555872163	XP_044516008.1#83	NC_058131.1	GCF_016433145.1
XP_044518246.1#83|Gracilinanus_agilis	2086	+	+	12	1	2086	555881633	555883718	XP_044518246.1#83	NC_058131.1	GCF_016433145.1
XP_044518246.1#83|Gracilinanus_agilis	471	+	-	1	13170	13640	555894802	555895272	XP_044516009.1#83	NC_058131.1	GCF_016433145.1
XP_044518246.1#83|Gracilinanus_agilis	477	+	-	1	40143	40619	555921775	555922251	XP_044516010.1#83	NC_058131.1	GCF_016433145.1
XP_044518246.1#83|Gracilinanus_agilis	649	+	-	1	62913	63561	555944545	555945193	XP_044518247.1#83	NC_058131.1	GCF_016433145.1
XP_044518246.1#83|Gracilinanus_agilis	2853	+	-	1	99057	101909	555980689	555983541	XP_044518248.1#83	NC_058131.1	GCF_016433145.1



XP_004648121.1#99|Octodon_degus	306	+	+	1	-84781	-84476	967	1272	XP_004648147.2#99	NW_004524928.1	GCF_000260255.1
XP_004648121.1#99|Octodon_degus	447	+	+	14	-67218	-66772	18530	18976	pseudogene_99.0*#99	NW_004524928.1	GCF_000260255.1
XP_004648121.1#99|Octodon_degus	649	+	+	14	-3970	-3322	81778	82426	pseudogene_99.8*#99	NW_004524928.1	GCF_000260255.1
XP_004648121.1#99|Octodon_degus	516	+	+	12	1	516	85749	86264	XP_004648121.1#99	NW_004524928.1	GCF_000260255.1
XP_004648121.1#99|Octodon_degus	855	+	+	13	15763	16617	101511	102365	transcribed_pseudogene_99.0*#99	NW_004524928.1	GCF_000260255.1
XP_004648121.1#99|Octodon_degus	1494	+	+	1	47373	48866	133121	134614	XP_023564124.1#99	NW_004524928.1	GCF_000260255.1
XP_004648121.1#99|Octodon_degus	7001	+	+	2	64682	71682	150430	157430	XP_004648149.1#99	NW_004524928.1	GCF_000260255.1
XP_004648121.1#99|Octodon_degus	2411	+	+	3	80351	82761	166099	168509	XP_023564126.1#99	NW_004524928.1	GCF_000260255.1



XP_049624640.1#39|Suncus_etruscus	117800	+	-	14	-98569	19230	68788469	68906268	pseudogene_39.9*#39	NC_064849.1	GCF_024139225.1
XP_049624640.1#39|Suncus_etruscus	111	+	-	13	-64874	-64764	68822164	68822274	snRNA_39.7*#39	NC_064849.1	GCF_024139225.1
XP_049624640.1#39|Suncus_etruscus	462	+	+	1	-38663	-38202	68848375	68848836	XP_049624947.1#39	NC_064849.1	GCF_024139225.1
XP_049624640.1#39|Suncus_etruscus	107	+	-	13	-10742	-10636	68876296	68876402	snRNA_39.5*#39	NC_064849.1	GCF_024139225.1
XP_049624640.1#39|Suncus_etruscus	260537	+	+	12	1	260537	68887039	69147575	XP_049624640.1#39	NC_064849.1	GCF_024139225.1
XP_049624640.1#39|Suncus_etruscus	679	+	+	14	982	1660	68888020	68888698	pseudogene_39.3*#39	NC_064849.1	GCF_024139225.1
XP_049624640.1#39|Suncus_etruscus	488	+	-	1	9776	10263	68896814	68897301	XP_049624663.1#39	NC_064849.1	GCF_024139225.1
XP_049624640.1#39|Suncus_etruscus	2756	+	+	1	38715	41470	68925753	68928508	XP_049624948.1#39	NC_064849.1	GCF_024139225.1
XP_049624640.1#39|Suncus_etruscus	107	+	-	13	51858	51964	68938896	68939002	snRNA_39.4*#39	NC_064849.1	GCF_024139225.1



XP_042798542.1#9|Panthera_leo	9176	-	+	9	-63210	-54035	71536908	71546083	XP_042798549.1#9	NC_056684.1	GCF_018350215.1
XP_042798542.1#9|Panthera_leo	5603	-	-	3	-51209	-45607	71528480	71534082	XP_042796517.1#9	NC_056684.1	GCF_018350215.1
XP_042798542.1#9|Panthera_leo	6298	-	-	2	-44100	-37803	71520676	71526973	XP_042798544.1#9	NC_056684.1	GCF_018350215.1
XP_042798542.1#9|Panthera_leo	6286	-	+	13	-31083	-24798	71507671	71513956	lncRNA_9.5*#9	NC_056684.1	GCF_018350215.1
XP_042798542.1#9|Panthera_leo	49728	-	+	12	1	49728	71433145	71482872	XP_042798542.1#9	NC_056684.1	GCF_018350215.1
XP_042798542.1#9|Panthera_leo	1511	-	-	1	67759	69269	71413604	71415114	XP_042796511.1#9	NC_056684.1	GCF_018350215.1
XP_042798542.1#9|Panthera_leo	549	-	-	1	79814	80362	71402511	71403059	XP_042796509.1#9	NC_056684.1	GCF_018350215.1
XP_042798542.1#9|Panthera_leo	2646	-	+	13	92484	95129	71387744	71390389	lncRNA_9.2*#9	NC_056684.1	GCF_018350215.1
XP_042798542.1#9|Panthera_leo	13046	-	-	1	96636	109681	71373192	71386237	XP_042798537.1#9	NC_056684.1	GCF_018350215.1



XP_059954237.1#64|Mesoplodon_densirostris	1968	+	-	3	-101066	-99099	77809327	77811294	XP_059954232.1#64	NC_082664.1	GCF_025265405.1
XP_059954237.1#64|Mesoplodon_densirostris	6808	+	-	2	-97546	-90739	77812847	77819654	XP_059954233.1#64	NC_082664.1	GCF_025265405.1
XP_059954237.1#64|Mesoplodon_densirostris	477	+	-	1	-55787	-55311	77854606	77855082	XP_059954235.1#64	NC_082664.1	GCF_025265405.1
XP_059954237.1#64|Mesoplodon_densirostris	1636	+	+	1	-18463	-16828	77891930	77893565	XP_059954236.1#64	NC_082664.1	GCF_025265405.1
XP_059954237.1#64|Mesoplodon_densirostris	453	+	+	12	1	453	77910394	77910846	XP_059954237.1#64	NC_082664.1	GCF_025265405.1
XP_059954237.1#64|Mesoplodon_densirostris	456	+	+	1	10994	11449	77921387	77921842	XP_059954238.1#64	NC_082664.1	GCF_025265405.1
XP_059954237.1#64|Mesoplodon_densirostris	468	+	-	1	24096	24563	77934489	77934956	XP_059952055.1#64	NC_082664.1	GCF_025265405.1
XP_059954237.1#64|Mesoplodon_densirostris	432	+	-	1	34118	34549	77944511	77944942	XP_059954239.1#64	NC_082664.1	GCF_025265405.1
XP_059954237.1#64|Mesoplodon_densirostris	15108	+	-	1	40594	55701	77950987	77966094	XP_059954241.1#64	NC_082664.1	GCF_025265405.1



XP_010837733.1#102|Bison_bison_bison	3040	+	-	3	-105050	-102011	136201	139240	XP_010837728.1#102	NW_011494689.1	GCF_000754665.1
XP_010837733.1#102|Bison_bison_bison	6371	+	-	2	-81129	-74759	160122	166492	XP_010837729.1#102	NW_011494689.1	GCF_000754665.1
XP_010837733.1#102|Bison_bison_bison	1173	+	-	1	-29796	-28624	211455	212627	XP_010837731.1#102	NW_011494689.1	GCF_000754665.1
XP_010837733.1#102|Bison_bison_bison	1638	+	+	1	-23710	-22073	217541	219178	XP_010837732.1#102	NW_011494689.1	GCF_000754665.1
XP_010837733.1#102|Bison_bison_bison	1552	+	+	12	1	1552	241252	242803	XP_010837733.1#102	NW_011494689.1	GCF_000754665.1
XP_010837733.1#102|Bison_bison_bison	1664	+	+	1	32375	34038	273626	275289	XP_010837735.1#102	NW_011494689.1	GCF_000754665.1
XP_010837733.1#102|Bison_bison_bison	2365	+	-	1	58545	60909	299796	302160	XP_010837767.1#102	NW_011494689.1	GCF_000754665.1
XP_010837733.1#102|Bison_bison_bison	399	+	-	1	61109	61507	302360	302758	XP_010837768.1#102	NW_011494689.1	GCF_000754665.1
XP_010837733.1#102|Bison_bison_bison	447	+	-	1	65510	65956	306761	307207	XP_010837769.1#102	NW_011494689.1	GCF_000754665.1



XP_010988512.2#96|Camelus_dromedarius	5834	-	-	0	-82440	-76607	30137950	30143783	XP_064341856.1#96	NC_087440.1	GCF_036321535.1
XP_010988512.2#96|Camelus_dromedarius	19680	-	+	13	-76474	-56795	30118138	30137817	lncRNA_96.2*#96	NC_087440.1	GCF_036321535.1
XP_010988512.2#96|Camelus_dromedarius	1103	-	-	1	-42663	-41561	30102904	30104006	XP_010988511.1#96	NC_087440.1	GCF_036321535.1
XP_010988512.2#96|Camelus_dromedarius	426	-	+	1	-35323	-34898	30096241	30096666	XP_064342438.1#96	NC_087440.1	GCF_036321535.1
XP_010988512.2#96|Camelus_dromedarius	1954	-	+	12	1	1954	30059389	30061342	XP_010988512.2#96	NC_087440.1	GCF_036321535.1
XP_010988512.2#96|Camelus_dromedarius	107	-	-	13	6194	6300	30055043	30055149	snRNA_96.6*#96	NC_087440.1	GCF_036321535.1
XP_010988512.2#96|Camelus_dromedarius	3678	-	-	1	5197	8874	30052469	30056146	XP_064341853.1#96	NC_087440.1	GCF_036321535.1
XP_010988512.2#96|Camelus_dromedarius	1931	-	+	1	21888	23818	30037525	30039455	XP_064341852.1#96	NC_087440.1	GCF_036321535.1
XP_010988512.2#96|Camelus_dromedarius	104	-	-	13	28021	28124	30033219	30033322	snRNA_96.5*#96	NC_087440.1	GCF_036321535.1



XP_036736539.2#34|Manis_pentadactyla	3424	+	-	3	-128563	-125140	79650472	79653895	XP_057344028.1#34	NC_080029.1	GCF_030020395.1
XP_036736539.2#34|Manis_pentadactyla	5691	+	-	2	-124083	-118393	79654952	79660642	XP_036736516.2#34	NC_080029.1	GCF_030020395.1
XP_036736539.2#34|Manis_pentadactyla	29322	+	+	13	-118416	-89095	79660619	79689940	lncRNA_34.8*#34	NC_080029.1	GCF_030020395.1
XP_036736539.2#34|Manis_pentadactyla	1538	+	-	14	-69516	-67979	79709519	79711056	pseudogene_34.0*#34	NC_080029.1	GCF_030020395.1
XP_036736539.2#34|Manis_pentadactyla	3475	+	+	12	1	3475	79779036	79782510	XP_036736539.2#34	NC_080029.1	GCF_030020395.1
XP_036736539.2#34|Manis_pentadactyla	1952	+	-	1	11421	13372	79790456	79792407	XP_036736484.2#34	NC_080029.1	GCF_030020395.1
XP_036736539.2#34|Manis_pentadactyla	17019	+	-	1	22725	39743	79801760	79818778	XP_036736436.2#34	NC_080029.1	GCF_030020395.1
XP_036736539.2#34|Manis_pentadactyla	11339	+	-	1	27745	39083	79806780	79818118	XP_057344606.1#34	NC_080029.1	GCF_030020395.1
XP_036736539.2#34|Manis_pentadactyla	91	+	-	13	41204	41294	79820239	79820329	tRNA_34.0*#34	NC_080029.1	GCF_030020395.1



XP_027427191.2#28|Zalophus_californianus	727	+	+	13	-80271	-79545	73529023	73529749	lncRNA_28.8*#28	NC_045600.1	GCF_009762305.2
XP_027427191.2#28|Zalophus_californianus	9227	+	+	9	-77045	-67819	73532249	73541475	XP_027426317.1#28	NC_045600.1	GCF_009762305.2
XP_027427191.2#28|Zalophus_californianus	3601	+	-	3	-61459	-57859	73547835	73551435	XP_027428245.1#28	NC_045600.1	GCF_009762305.2
XP_027427191.2#28|Zalophus_californianus	6510	+	-	2	-57698	-51189	73551596	73558105	XP_027428239.1#28	NC_045600.1	GCF_009762305.2
XP_027427191.2#28|Zalophus_californianus	1530	+	+	12	1	1530	73609295	73610824	XP_027427191.2#28	NC_045600.1	GCF_009762305.2
XP_027427191.2#28|Zalophus_californianus	1851	+	-	1	15485	17335	73624779	73626629	XP_027427657.2#28	NC_045600.1	GCF_009762305.2
XP_027427191.2#28|Zalophus_californianus	453	+	-	1	21276	21728	73630570	73631022	XP_035584159.1#28	NC_045600.1	GCF_009762305.2
XP_027427191.2#28|Zalophus_californianus	1444	+	-	1	56471	57914	73665765	73667208	XP_035584160.1#28	NC_045600.1	GCF_009762305.2
XP_027427191.2#28|Zalophus_californianus	1309	+	-	1	61443	62751	73670737	73672045	XP_035584119.1#28	NC_045600.1	GCF_009762305.2



XP_004718179.2#100|Echinops_telfairi	2660	+	-	3	-101653	-98994	86766204	86768863	XP_004698498.1#100	NW_022103915.1	GCF_000313985.2
XP_004718179.2#100|Echinops_telfairi	4105	+	+	14	-64941	-60837	86802916	86807020	pseudogene_100.8*#100	NW_022103915.1	GCF_000313985.2
XP_004718179.2#100|Echinops_telfairi	1851	+	-	3	-53140	-51290	86814717	86816567	XP_004698497.1#100	NW_022103915.1	GCF_000313985.2
XP_004718179.2#100|Echinops_telfairi	8341	+	-	2	-49919	-41579	86817938	86826278	XP_045144010.1#100	NW_022103915.1	GCF_000313985.2
XP_004718179.2#100|Echinops_telfairi	1739	+	+	12	1	1739	86867858	86869596	XP_004718179.2#100	NW_022103915.1	GCF_000313985.2
XP_004718179.2#100|Echinops_telfairi	1362	+	-	1	32297	33658	86900154	86901515	XP_004698938.1#100	NW_022103915.1	GCF_000313985.2
XP_004718179.2#100|Echinops_telfairi	1609	+	-	1	41503	43111	86909360	86910968	XP_045143678.1#100	NW_022103915.1	GCF_000313985.2
XP_004718179.2#100|Echinops_telfairi	17407	+	-	1	45512	62918	86913369	86930775	XP_045143677.1#100	NW_022103915.1	GCF_000313985.2
XP_004718179.2#100|Echinops_telfairi	6331	+	-	1	56670	63000	86924527	86930857	XP_004698936.1#100	NW_022103915.1	GCF_000313985.2



XP_007949419.2#19|Orycteropus_afer_afer	1574	-	-	0	-143768	-142195	1176900	1178473	XP_007949332.1#19	NW_006921879.1	GCF_000298275.1
XP_007949419.2#19|Orycteropus_afer_afer	5636	-	+	9	-135031	-129396	1164101	1169736	XP_007949325.1#19	NW_006921879.1	GCF_000298275.1
XP_007949419.2#19|Orycteropus_afer_afer	1739	-	-	3	-119598	-117860	1152565	1154303	XP_007949323.1#19	NW_006921879.1	GCF_000298275.1
XP_007949419.2#19|Orycteropus_afer_afer	9529	-	-	2	-116587	-107059	1141764	1151292	XP_007949420.1#19	NW_006921879.1	GCF_000298275.1
XP_007949419.2#19|Orycteropus_afer_afer	468	-	+	12	1	468	1034237	1034704	XP_007949419.2#19	NW_006921879.1	GCF_000298275.1
XP_007949419.2#19|Orycteropus_afer_afer	772	-	-	1	36105	36876	997829	998600	XP_007949322.2#19	NW_006921879.1	GCF_000298275.1
XP_007949419.2#19|Orycteropus_afer_afer	492	-	-	1	55392	55883	978822	979313	XP_007949418.2#19	NW_006921879.1	GCF_000298275.1
XP_007949419.2#19|Orycteropus_afer_afer	441	-	-	1	61711	62151	972554	972994	XP_007949321.1#19	NW_006921879.1	GCF_000298275.1
XP_007949419.2#19|Orycteropus_afer_afer	72	-	-	13	89455	89526	945179	945250	tRNA_19.2*#19	NW_006921879.1	GCF_000298275.1



XP_016021113.2#1|Rousettus_aegyptiacus	2082	+	-	3	-74698	-72617	107422081	107424162	XP_016021007.2#1	NW_023416306.1	GCF_014176215.1
XP_016021113.2#1|Rousettus_aegyptiacus	5749	+	-	2	-71429	-65681	107425350	107431098	XP_016021121.2#1	NW_023416306.1	GCF_014176215.1
XP_016021113.2#1|Rousettus_aegyptiacus	932	+	-	1	-31758	-30827	107465021	107465952	XP_016021114.2#1	NW_023416306.1	GCF_014176215.1
XP_016021113.2#1|Rousettus_aegyptiacus	13079	+	+	13	-7666	5412	107489113	107502191	lncRNA_1.4*#1	NW_023416306.1	GCF_014176215.1
XP_016021113.2#1|Rousettus_aegyptiacus	985	+	+	12	1	985	107496780	107497764	XP_016021113.2#1	NW_023416306.1	GCF_014176215.1
XP_016021113.2#1|Rousettus_aegyptiacus	1989	+	-	1	14452	16440	107511231	107513219	XP_016021013.1#1	NW_023416306.1	GCF_014176215.1
XP_016021113.2#1|Rousettus_aegyptiacus	3335	+	-	1	22627	25961	107519406	107522740	XP_016021015.1#1	NW_023416306.1	GCF_014176215.1
XP_016021113.2#1|Rousettus_aegyptiacus	20525	+	-	1	26911	47435	107523690	107544214	XP_016021099.1#1	NW_023416306.1	GCF_014176215.1
XP_016021113.2#1|Rousettus_aegyptiacus	16120	+	-	1	34422	50541	107531201	107547320	XP_016021098.1#1	NW_023416306.1	GCF_014176215.1



XP_036984485.1#6|Artibeus_jamaicensis	6185	+	-	2	-91838	-85654	713187	719371	XP_036984522.2#6	NW_026522058.1	GCF_021234435.1
XP_036984485.1#6|Artibeus_jamaicensis	845	+	-	1	-55881	-55037	749144	749988	XP_036984283.2#6	NW_026522058.1	GCF_021234435.1
XP_036984485.1#6|Artibeus_jamaicensis	190	+	+	14	-18853	-18664	786172	786361	pseudogene_6.4*#6	NW_026522058.1	GCF_021234435.1
XP_036984485.1#6|Artibeus_jamaicensis	453	+	+	14	-17547	-17095	787478	787930	pseudogene_6.0*#6	NW_026522058.1	GCF_021234435.1
XP_036984485.1#6|Artibeus_jamaicensis	1478	+	+	12	1	1478	805026	806503	XP_036984485.1#6	NW_026522058.1	GCF_021234435.1
XP_036984485.1#6|Artibeus_jamaicensis	7386	+	-	1	24824	32209	829849	837234	XP_053516754.1#6	NW_026522058.1	GCF_021234435.1
XP_036984485.1#6|Artibeus_jamaicensis	731	+	-	1	40270	41000	845295	846025	XP_036984285.2#6	NW_026522058.1	GCF_021234435.1
XP_036984485.1#6|Artibeus_jamaicensis	17038	+	-	1	45766	62803	850791	867828	XP_036984298.1#6	NW_026522058.1	GCF_021234435.1
XP_036984485.1#6|Artibeus_jamaicensis	10297	+	-	1	52513	62809	857538	867834	XP_036984296.2#6	NW_026522058.1	GCF_021234435.1



XP_037358861.1#68|Talpa_occidentalis	5094	-	-	3	-50670	-45577	39510260	39515353	XP_037358864.1#68	NW_023601104.1	GCF_014898055.3
XP_037358861.1#68|Talpa_occidentalis	6473	-	-	2	-45479	-39007	39503690	39510162	XP_037358863.1#68	NW_023601104.1	GCF_014898055.3
XP_037358861.1#68|Talpa_occidentalis	876	-	+	14	-18388	-17513	39482196	39483071	pseudogene_68.0*#68	NW_023601104.1	GCF_014898055.3
XP_037358861.1#68|Talpa_occidentalis	8138	-	-	0	-9311	-1174	39465857	39473994	XP_054548834.1#68	NW_023601104.1	GCF_014898055.3
XP_037358861.1#68|Talpa_occidentalis	1448	-	+	12	1	1448	39463235	39464682	XP_037358861.1#68	NW_023601104.1	GCF_014898055.3
XP_037358861.1#68|Talpa_occidentalis	2624	-	-	3	31323	33946	39430737	39433360	XP_037358859.1#68	NW_023601104.1	GCF_014898055.3
XP_037358861.1#68|Talpa_occidentalis	1373	-	+	1	61602	62974	39401709	39403081	XP_037358860.1#68	NW_023601104.1	GCF_014898055.3
XP_037358861.1#68|Talpa_occidentalis	1670	-	+	1	96270	97939	39366744	39368413	XP_037358858.1#68	NW_023601104.1	GCF_014898055.3
XP_037358861.1#68|Talpa_occidentalis	2168	-	+	13	106595	108762	39355921	39358088	lncRNA_68.7*#68	NW_023601104.1	GCF_014898055.3



XP_020033175.1#25|Castor_canadensis	106	+	+	13	-181282	-181177	90830532	90830637	snRNA_25.2*#25	NC_133388.1	GCF_047511655.1
XP_020033175.1#25|Castor_canadensis	934	+	-	1	-86805	-85872	90925009	90925942	XP_073923030.1#25	NC_133388.1	GCF_047511655.1
XP_020033175.1#25|Castor_canadensis	994	+	-	1	-67339	-66346	90944475	90945468	XP_020042626.1#25	NC_133388.1	GCF_047511655.1
XP_020033175.1#25|Castor_canadensis	29298	+	+	13	-33817	-4520	90977997	91007294	lncRNA_25.0*#25	NC_133388.1	GCF_047511655.1
XP_020033175.1#25|Castor_canadensis	1553	+	+	12	1	1553	91011815	91013367	XP_020033175.1#25	NC_133388.1	GCF_047511655.1
XP_020033175.1#25|Castor_canadensis	2133	+	+	14	15591	17723	91027405	91029537	pseudogene_25.3*#25	NC_133388.1	GCF_047511655.1
XP_020033175.1#25|Castor_canadensis	1297	+	-	1	20808	22104	91032622	91033918	XP_020033173.1#25	NC_133388.1	GCF_047511655.1
XP_020033175.1#25|Castor_canadensis	6009	+	-	1	31725	37733	91043539	91049547	XP_073924554.1#25	NC_133388.1	GCF_047511655.1
XP_020033175.1#25|Castor_canadensis	27700	+	-	1	60300	87999	91072114	91099813	XP_073924557.1#25	NC_133388.1	GCF_047511655.1



XP_058397041.1#49|Diceros_bicornis_minor	1788	+	-	14	-156009	-154222	28321232	28323019	pseudogene_49.2*#49	NC_080744.1	GCF_020826845.1
XP_058397041.1#49|Diceros_bicornis_minor	961	+	-	13	-105978	-105018	28371263	28372223	lncRNA_49.7*#49	NC_080744.1	GCF_020826845.1
XP_058397041.1#49|Diceros_bicornis_minor	28991	+	+	14	-93071	-64081	28384170	28413160	pseudogene_49.9*#49	NC_080744.1	GCF_020826845.1
XP_058397041.1#49|Diceros_bicornis_minor	2416	+	+	1	-47663	-45248	28429578	28431993	XP_058397042.1#49	NC_080744.1	GCF_020826845.1
XP_058397041.1#49|Diceros_bicornis_minor	3856	+	+	12	1	3856	28477242	28481097	XP_058397041.1#49	NC_080744.1	GCF_020826845.1
XP_058397041.1#49|Diceros_bicornis_minor	1435	+	-	1	29653	31087	28506894	28508328	XP_058397044.1#49	NC_080744.1	GCF_020826845.1
XP_058397041.1#49|Diceros_bicornis_minor	17788	+	-	1	50715	68502	28527956	28545743	XP_058397045.1#49	NC_080744.1	GCF_020826845.1
XP_058397041.1#49|Diceros_bicornis_minor	11698	+	-	1	56795	68492	28534036	28545733	XP_058397046.1#49	NC_080744.1	GCF_020826845.1
XP_058397041.1#49|Diceros_bicornis_minor	72	+	-	13	69072	69143	28546313	28546384	tRNA_49.4*#49	NC_080744.1	GCF_020826845.1



XP_012891147.1#22|Dipodomys_ordii	10424	-	-	0	-236710	-226287	923822	934245	XP_012891143.1#22	NW_012267434.1	GCF_000151885.1
XP_012891147.1#22|Dipodomys_ordii	4778	-	-	13	-192440	-187663	885198	889975	V_segment_22.5*#22	NW_012267434.1	GCF_000151885.1
XP_012891147.1#22|Dipodomys_ordii	1221	-	+	14	-186541	-185321	882856	884076	pseudogene_22.9*#22	NW_012267434.1	GCF_000151885.1
XP_012891147.1#22|Dipodomys_ordii	389	-	+	14	-131217	-130829	828364	828752	pseudogene_22.4*#22	NW_012267434.1	GCF_000151885.1
XP_012891147.1#22|Dipodomys_ordii	1520	-	+	12	1	1520	696015	697534	XP_012891147.1#22	NW_012267434.1	GCF_000151885.1
XP_012891147.1#22|Dipodomys_ordii	585	-	-	1	28636	29220	668315	668899	XP_012891146.1#22	NW_012267434.1	GCF_000151885.1
XP_012891147.1#22|Dipodomys_ordii	3422	-	+	13	39318	42739	654796	658217	lncRNA_22.6*#22	NW_012267434.1	GCF_000151885.1
XP_012891147.1#22|Dipodomys_ordii	2236	-	-	1	64158	66393	631142	633377	XP_012891153.1#22	NW_012267434.1	GCF_000151885.1
XP_012891147.1#22|Dipodomys_ordii	72	-	-	13	106921	106992	590543	590614	tRNA_22.2*#22	NW_012267434.1	GCF_000151885.1



XP_027778205.1#29|Marmota_flaviventris	528	-	-	1	-64388	-63861	32554239	32554766	XP_071462916.1#29	NC_092499.1	GCF_047511675.1
XP_027778205.1#29|Marmota_flaviventris	699	-	-	1	-56487	-55789	32546167	32546865	XP_027778180.2#29	NC_092499.1	GCF_047511675.1
XP_027778205.1#29|Marmota_flaviventris	940	-	-	1	-42904	-41965	32532343	32533282	XP_027778189.2#29	NC_092499.1	GCF_047511675.1
XP_027778205.1#29|Marmota_flaviventris	429	-	+	1	-26504	-26076	32516454	32516882	XP_027778203.1#29	NC_092499.1	GCF_047511675.1
XP_027778205.1#29|Marmota_flaviventris	5465	-	+	12	1	5465	32484913	32490377	XP_027778205.1#29	NC_092499.1	GCF_047511675.1
XP_027778205.1#29|Marmota_flaviventris	1386	-	-	1	17831	19216	32471162	32472547	XP_027778168.1#29	NC_092499.1	GCF_047511675.1
XP_027778205.1#29|Marmota_flaviventris	450	-	-	1	31074	31523	32458855	32459304	XP_027778137.1#29	NC_092499.1	GCF_047511675.1
XP_027778205.1#29|Marmota_flaviventris	117	-	-	14	46244	46360	32444018	32444134	pseudogene_29.7*#29	NC_092499.1	GCF_047511675.1
XP_027778205.1#29|Marmota_flaviventris	2446	-	-	14	49379	51824	32438554	32440999	pseudogene_29.6*#29	NC_092499.1	GCF_047511675.1



XP_045012472.1#38|Jaculus_jaculus	9280	-	+	9	-157761	-148482	71758163	71767442	XP_012807647.1#38	NC_059109.1	GCF_020740685.1
XP_045012472.1#38|Jaculus_jaculus	2589	-	-	3	-138892	-136304	71745985	71748573	XP_004672415.1#38	NC_059109.1	GCF_020740685.1
XP_045012472.1#38|Jaculus_jaculus	8118	-	-	2	-134411	-126294	71735975	71744092	XP_045012494.1#38	NC_059109.1	GCF_020740685.1
XP_045012472.1#38|Jaculus_jaculus	107	-	-	13	-114335	-114229	71723910	71724016	snRNA_38.6*#38	NC_059109.1	GCF_020740685.1
XP_045012472.1#38|Jaculus_jaculus	27215	-	+	12	1	27215	71582466	71609680	XP_045012472.1#38	NC_059109.1	GCF_020740685.1
XP_045012472.1#38|Jaculus_jaculus	2457	-	-	1	52013	54469	71555212	71557668	XP_004672408.2#38	NC_059109.1	GCF_020740685.1
XP_045012472.1#38|Jaculus_jaculus	522	-	+	1	73285	73806	71535875	71536396	XP_045012582.1#38	NC_059109.1	GCF_020740685.1
XP_045012472.1#38|Jaculus_jaculus	438	-	-	14	102107	102544	71507137	71507574	pseudogene_38.1*#38	NC_059109.1	GCF_020740685.1
XP_045012472.1#38|Jaculus_jaculus	719	-	+	1	107462	108180	71501501	71502219	XP_045012557.1#38	NC_059109.1	GCF_020740685.1



XP_032774083.1#4|Rattus_rattus	426	+	+	14	-51707	-51282	72132211	72132636	pseudogene_4.6*#4	NC_046165.1	GCF_011064425.1
XP_032774083.1#4|Rattus_rattus	2578	+	+	1	-36705	-34128	72147213	72149790	XP_032774212.1#4	NC_046165.1	GCF_011064425.1
XP_032774083.1#4|Rattus_rattus	2144	+	-	1	-29254	-27111	72154664	72156807	XP_032773785.1#4	NC_046165.1	GCF_011064425.1
XP_032774083.1#4|Rattus_rattus	574	+	-	1	-10643	-10070	72173275	72173848	XP_032774153.1#4	NC_046165.1	GCF_011064425.1
XP_032774083.1#4|Rattus_rattus	2612	+	+	12	1	2612	72183919	72186530	XP_032774083.1#4	NC_046165.1	GCF_011064425.1
XP_032774083.1#4|Rattus_rattus	17380	+	-	1	17452	34831	72201370	72218749	XP_032773654.1#4	NC_046165.1	GCF_011064425.1
XP_032774083.1#4|Rattus_rattus	605	+	-	0	23673	24277	72207591	72208195	XP_032773653.1#4	NC_046165.1	GCF_011064425.1
XP_032774083.1#4|Rattus_rattus	635	+	-	1	24329	24963	72208247	72208881	XP_032773656.1#4	NC_046165.1	GCF_011064425.1
XP_032774083.1#4|Rattus_rattus	72	+	-	13	35151	35222	72219069	72219140	tRNA_4.7*#4	NC_046165.1	GCF_011064425.1



XP_034354591.1#32|Arvicanthis_niloticus	456	+	+	1	-64882	-64427	66832925	66833380	XP_076788165.1#32	NC_047660.1	GCF_011762505.2
XP_034354591.1#32|Arvicanthis_niloticus	24340	+	-	13	-52959	-28620	66844848	66869187	lncRNA_32.0*#32	NC_047660.1	GCF_011762505.2
XP_034354591.1#32|Arvicanthis_niloticus	1021	+	+	1	-36381	-35361	66861426	66862446	XP_034354515.2#32	NC_047660.1	GCF_011762505.2
XP_034354591.1#32|Arvicanthis_niloticus	4529	+	+	13	-8847	-4319	66888960	66893488	lncRNA_32.6*#32	NC_047660.1	GCF_011762505.2
XP_034354591.1#32|Arvicanthis_niloticus	2403	+	+	12	1	2403	66897808	66900210	XP_034354591.1#32	NC_047660.1	GCF_011762505.2
XP_034354591.1#32|Arvicanthis_niloticus	2334	+	-	1	11553	13886	66909360	66911693	XP_034354699.1#32	NC_047660.1	GCF_011762505.2
XP_034354591.1#32|Arvicanthis_niloticus	549	+	-	14	27718	28266	66925525	66926073	pseudogene_32.0*#32	NC_047660.1	GCF_011762505.2
XP_034354591.1#32|Arvicanthis_niloticus	922	+	+	1	65936	66857	66963743	66964664	XP_034354327.1#32	NC_047660.1	GCF_011762505.2
XP_034354591.1#32|Arvicanthis_niloticus	2389	+	-	1	77094	79482	66974901	66977289	XP_034354820.1#32	NC_047660.1	GCF_011762505.2



XP_031424531.1#30|Clupea_harengus	19429	-	-	0	-950591	-931163	7740911	7760339	XP_042563942.1#30	NC_045157.1	GCF_900700415.2
XP_031424531.1#30|Clupea_harengus	73	-	+	13	-931090	-931018	7740766	7740838	tRNA_30.0*#30	NC_045157.1	GCF_900700415.2
XP_031424531.1#30|Clupea_harengus	2954	-	-	0	-930305	-927352	7737100	7740053	XP_012679813.1#30	NC_045157.1	GCF_900700415.2
XP_031424531.1#30|Clupea_harengus	198812	-	+	0	-557305	-358494	7168242	7367053	XP_031424742.1#30	NC_045157.1	GCF_900700415.2
XP_031424531.1#30|Clupea_harengus	1402	-	+	12	1	1402	6808346	6809747	XP_031424531.1#30	NC_045157.1	GCF_900700415.2
XP_031424531.1#30|Clupea_harengus	2335	-	+	8	9951	12285	6797463	6799797	XP_042563940.1#30	NC_045157.1	GCF_900700415.2
XP_031424531.1#30|Clupea_harengus	2005	-	+	8	14305	16309	6793439	6795443	XP_031424729.1#30	NC_045157.1	GCF_900700415.2
XP_031424531.1#30|Clupea_harengus	2256	-	+	8	21438	23693	6786055	6788310	XP_031424733.1#30	NC_045157.1	GCF_900700415.2
XP_031424531.1#30|Clupea_harengus	2557	-	+	8	25303	27859	6781889	6784445	XP_031424728.1#30	NC_045157.1	GCF_900700415.2



XP_056623713.1#45|Triplophysa_dalaica	39541	-	+	0	-237366	-197826	20904202	20943742	XP_056624024.1#45	NC_079556.1	GCF_015846415.1
XP_056623713.1#45|Triplophysa_dalaica	45439	-	-	0	-192904	-147466	20853842	20899280	XP_056623003.1#45	NC_079556.1	GCF_015846415.1
XP_056623713.1#45|Triplophysa_dalaica	42809	-	+	0	-73196	-30388	20736764	20779572	XP_056624487.1#45	NC_079556.1	GCF_015846415.1
XP_056623713.1#45|Triplophysa_dalaica	10483	-	+	0	-23376	-12894	20719270	20729752	XP_056624076.1#45	NC_079556.1	GCF_015846415.1
XP_056623713.1#45|Triplophysa_dalaica	3696	-	+	12	1	3696	20702680	20706375	XP_056623713.1#45	NC_079556.1	GCF_015846415.1
XP_056623713.1#45|Triplophysa_dalaica	16256	-	+	0	19835	36090	20670286	20686541	XP_056623989.1#45	NC_079556.1	GCF_015846415.1
XP_056623713.1#45|Triplophysa_dalaica	2185	-	+	11	51770	53954	20652422	20654606	XP_056624431.1#45	NC_079556.1	GCF_015846415.1
XP_056623713.1#45|Triplophysa_dalaica	2475	-	+	11	57192	59666	20646710	20649184	XP_056623712.1#45	NC_079556.1	GCF_015846415.1
XP_056623713.1#45|Triplophysa_dalaica	14623	-	+	0	60297	74919	20631457	20646079	XP_056624598.1#45	NC_079556.1	GCF_015846415.1



XP_056304013.1#16|Danio_aesculapii	12745	+	-	13	-66281	-53537	7385199	7397943	lncRNA_16.7*#16	NC_079456.1	GCF_903798145.1
XP_056304013.1#16|Danio_aesculapii	5170	+	-	4	-49308	-44139	7402172	7407341	XP_056304011.1#16	NC_079456.1	GCF_903798145.1
XP_056304013.1#16|Danio_aesculapii	20396	+	+	14	-43290	-22895	7408190	7428585	pseudogene_16.4*#16	NC_079456.1	GCF_903798145.1
XP_056304013.1#16|Danio_aesculapii	9407	+	-	4	-11585	-2179	7439895	7449301	XP_056304008.1#16	NC_079456.1	GCF_903798145.1
XP_056304013.1#16|Danio_aesculapii	933	+	+	12	1	933	7451481	7452413	XP_056304013.1#16	NC_079456.1	GCF_903798145.1
XP_056304013.1#16|Danio_aesculapii	16597	+	-	4	1277	17873	7452757	7469353	XP_056304010.1#16	NC_079456.1	GCF_903798145.1
XP_056304013.1#16|Danio_aesculapii	3073	+	+	4	22535	25607	7474015	7477087	XP_056304468.1#16	NC_079456.1	GCF_903798145.1
XP_056304013.1#16|Danio_aesculapii	4190	+	-	4	32912	37101	7484392	7488581	XP_056304243.1#16	NC_079456.1	GCF_903798145.1
XP_056304013.1#16|Danio_aesculapii	9300	+	-	4	38269	47568	7489749	7499048	XP_056304469.1#16	NC_079456.1	GCF_903798145.1



XP_052445391.1#13|Carassius_gibelio	13423	+	+	0	-61494	-48072	13754686	13768108	XP_052446526.1#13	NC_068417.1	GCF_023724105.1
XP_052445391.1#13|Carassius_gibelio	12009	+	-	4	-45113	-33105	13771067	13783075	XP_052445335.1#13	NC_068417.1	GCF_023724105.1
XP_052445391.1#13|Carassius_gibelio	3936	+	+	4	-17941	-14006	13798239	13802174	XP_052445349.1#13	NC_068417.1	GCF_023724105.1
XP_052445391.1#13|Carassius_gibelio	8810	+	-	4	-14067	-5258	13802113	13810922	XP_052445330.1#13	NC_068417.1	GCF_023724105.1
XP_052445391.1#13|Carassius_gibelio	1231	+	+	12	1	1231	13816181	13817411	XP_052445391.1#13	NC_068417.1	GCF_023724105.1
XP_052445391.1#13|Carassius_gibelio	3067	+	+	13	2260	5326	13818440	13821506	lncRNA_13.3*#13	NC_068417.1	GCF_023724105.1
XP_052445391.1#13|Carassius_gibelio	27772	+	+	1	77830	105601	13894010	13921781	XP_052445380.1#13	NC_068417.1	GCF_023724105.1
XP_052445391.1#13|Carassius_gibelio	15023	+	-	0	124822	139844	13941002	13956024	XP_052445316.1#13	NC_068417.1	GCF_023724105.1
XP_052445391.1#13|Carassius_gibelio	422	+	+	13	148867	149288	13965047	13965468	lncRNA_13.8*#13	NC_068417.1	GCF_023724105.1



XP_051731576.1#72|Ctenopharyngodon_idella	9669	-	+	0	-115667	-105999	8232331	8241999	XP_051731049.1#72	NC_067239.1	GCF_019924925.1
XP_051731576.1#72|Ctenopharyngodon_idella	8366	-	+	0	-97063	-88698	8215030	8223395	XP_051731575.1#72	NC_067239.1	GCF_019924925.1
XP_051731576.1#72|Ctenopharyngodon_idella	2956	-	-	13	-87629	-84674	8211006	8213961	lncRNA_72.7*#72	NC_067239.1	GCF_019924925.1
XP_051731576.1#72|Ctenopharyngodon_idella	12864	-	-	0	-81878	-69015	8195347	8208210	XP_051731440.1#72	NC_067239.1	GCF_019924925.1
XP_051731576.1#72|Ctenopharyngodon_idella	1409	-	+	12	1	1409	8124923	8126331	XP_051731576.1#72	NC_067239.1	GCF_019924925.1
XP_051731576.1#72|Ctenopharyngodon_idella	10366	-	-	0	15570	25935	8100397	8110762	XP_051732227.1#72	NC_067239.1	GCF_019924925.1
XP_051731576.1#72|Ctenopharyngodon_idella	6273	-	+	0	26037	32309	8094023	8100295	XP_051732229.1#72	NC_067239.1	GCF_019924925.1
XP_051731576.1#72|Ctenopharyngodon_idella	162176	-	-	0	34953	197128	7929204	8091379	XP_051731254.1#72	NC_067239.1	GCF_019924925.1
XP_051731576.1#72|Ctenopharyngodon_idella	4014	-	-	0	225550	229563	7896769	7900782	XP_051729982.1#72	NC_067239.1	GCF_019924925.1



XP_039540359.1#82|Pimephales_promelas	1258	-	+	1	-30841	-29584	164190	165447	XP_039540362.1#82	NW_024121298.1	GCF_016745375.1
XP_039540359.1#82|Pimephales_promelas	2099	-	-	13	-28363	-26265	160871	162969	lncRNA_82.4*#82	NW_024121298.1	GCF_016745375.1
XP_039540359.1#82|Pimephales_promelas	660	-	+	13	-2947	-2288	136894	137553	lncRNA_82.6*#82	NW_024121298.1	GCF_016745375.1
XP_039540359.1#82|Pimephales_promelas	2231	-	+	0	6961	9191	125415	127645	XP_039540353.1#82	NW_024121298.1	GCF_016745375.1
XP_039540359.1#82|Pimephales_promelas	11209	-	+	12	1	11209	123397	134605	XP_039540359.1#82	NW_024121298.1	GCF_016745375.1
XP_039540359.1#82|Pimephales_promelas	2555	-	+	5	20503	23057	111549	114103	XP_039540358.1#82	NW_024121298.1	GCF_016745375.1
XP_039540359.1#82|Pimephales_promelas	2177	-	-	13	27653	29829	104777	106953	lncRNA_82.5*#82	NW_024121298.1	GCF_016745375.1
XP_039540359.1#82|Pimephales_promelas	5491	-	-	4	42560	48050	86556	92046	XP_039540355.1#82	NW_024121298.1	GCF_016745375.1
XP_039540359.1#82|Pimephales_promelas	31794	-	+	4	28917	60710	73896	105689	XP_039540352.1#82	NW_024121298.1	GCF_016745375.1



XP_039206081.1#35|Crotalus_tigris	3639	+	+	6	-68728	-65090	2573453	2577091	XP_039206078.1#35	NW_024096934.1	GCF_016545835.1
XP_039206081.1#35|Crotalus_tigris	423	+	-	1	-52820	-52398	2589361	2589783	XP_039206089.1#35	NW_024096934.1	GCF_016545835.1
XP_039206081.1#35|Crotalus_tigris	429	+	+	1	-31523	-31095	2610658	2611086	XP_039206090.1#35	NW_024096934.1	GCF_016545835.1
XP_039206081.1#35|Crotalus_tigris	6342	+	+	1	-15131	-8790	2627050	2633391	XP_039206091.1#35	NW_024096934.1	GCF_016545835.1
XP_039206081.1#35|Crotalus_tigris	1970	+	+	12	1	1970	2642182	2644151	XP_039206081.1#35	NW_024096934.1	GCF_016545835.1
XP_039206081.1#35|Crotalus_tigris	4070	+	+	1	8005	12074	2650186	2654255	XP_039206080.1#35	NW_024096934.1	GCF_016545835.1
XP_039206081.1#35|Crotalus_tigris	8389	+	+	1	13691	22079	2655872	2664260	XP_039206079.1#35	NW_024096934.1	GCF_016545835.1
XP_039206081.1#35|Crotalus_tigris	7602	+	+	1	36977	44578	2679158	2686759	XP_039206124.1#35	NW_024096934.1	GCF_016545835.1
XP_039206081.1#35|Crotalus_tigris	17887	+	+	2	49373	67259	2691554	2709440	XP_039206082.1#35	NW_024096934.1	GCF_016545835.1



XP_007442032.3#101|Python_bivittatus	381	+	+	1	-7279	-6899	4270	4650	XP_007442031.1#101	NW_006538455.1	GCF_000186305.1
XP_007442032.3#101|Python_bivittatus	504	+	+	12	1	504	11550	12053	XP_007442032.3#101	NW_006538455.1	GCF_000186305.1
XP_007442032.3#101|Python_bivittatus	4147	+	+	1	9090	13236	20639	24785	XP_025031280.1#101	NW_006538455.1	GCF_000186305.1
XP_007442032.3#101|Python_bivittatus	447	+	+	1	21920	22366	33469	33915	XP_007442033.1#101	NW_006538455.1	GCF_000186305.1
XP_007442032.3#101|Python_bivittatus	16954	+	+	2	24661	41614	36210	53163	XP_007442030.1#101	NW_006538455.1	GCF_000186305.1



XP_034267398.1#67|Pantherophis_guttatus	432	-	-	1	-45755	-45324	255100	255531	XP_060546880.1#67	NW_026844030.1	GCF_029531705.1
XP_034267398.1#67|Pantherophis_guttatus	3938	-	+	1	-27247	-23310	233086	237023	XP_060546906.1#67	NW_026844030.1	GCF_029531705.1
XP_034267398.1#67|Pantherophis_guttatus	426	-	+	1	-22176	-21751	231527	231952	XP_060546905.1#67	NW_026844030.1	GCF_029531705.1
XP_034267398.1#67|Pantherophis_guttatus	736	-	+	1	-10759	-10024	219800	220535	XP_060546879.1#67	NW_026844030.1	GCF_029531705.1
XP_034267398.1#67|Pantherophis_guttatus	5998	-	+	1	1	5998	203778	209775	XP_034267398.1#67	NW_026844030.1	GCF_029531705.1
XP_034267398.1#67|Pantherophis_guttatus	4577	-	+	14	8439	13015	196761	201337	pseudogene_67.9*#67	NW_026844030.1	GCF_029531705.1
XP_034267398.1#67|Pantherophis_guttatus	5247	-	+	1	14777	20023	189753	194999	XP_034267397.1#67	NW_026844030.1	GCF_029531705.1
XP_034267398.1#67|Pantherophis_guttatus	548	-	+	1	37214	37761	172015	172562	XP_034267492.1#67	NW_026844030.1	GCF_029531705.1
XP_034267398.1#67|Pantherophis_guttatus	19651	-	+	2	42240	61890	147886	167536	XP_034267399.1#67	NW_026844030.1	GCF_029531705.1



XP_053120223.1#61|Hemicordylus_capensis	9419	+	-	5	-68466	-59048	12946909	12956327	XP_053120219.1#61	NC_069662.1	GCF_027244095.1
XP_053120223.1#61|Hemicordylus_capensis	6362	+	-	1	-33275	-26914	12982100	12988461	XP_053120220.1#61	NC_069662.1	GCF_027244095.1
XP_053120223.1#61|Hemicordylus_capensis	4386	+	+	1	-16689	-12304	12998686	13003071	XP_053115063.1#61	NC_069662.1	GCF_027244095.1
XP_053120223.1#61|Hemicordylus_capensis	435	+	+	1	-8302	-7868	13007073	13007507	XP_053120222.1#61	NC_069662.1	GCF_027244095.1
XP_053120223.1#61|Hemicordylus_capensis	2965	+	+	12	1	2965	13015376	13018340	XP_053120223.1#61	NC_069662.1	GCF_027244095.1
XP_053120223.1#61|Hemicordylus_capensis	453	+	+	1	13256	13708	13028631	13029083	XP_053120224.1#61	NC_069662.1	GCF_027244095.1
XP_053120223.1#61|Hemicordylus_capensis	453	+	+	1	23473	23925	13038848	13039300	XP_053120945.1#61	NC_069662.1	GCF_027244095.1
XP_053120223.1#61|Hemicordylus_capensis	4880	+	+	1	83914	88793	13099289	13104168	XP_053122308.1#61	NC_069662.1	GCF_027244095.1
XP_053120223.1#61|Hemicordylus_capensis	22889	+	+	2	103524	126412	13118899	13141787	XP_053119693.1#61	NC_069662.1	GCF_027244095.1



XP_015283990.1#23|Gekko_japonicus	727	-	+	12	1	727	2625	3351	XP_015283990.1#23	not_found	not_found	not_found



XP_056719017.1#48|Euleptes_europaea	441	-	-	1	-50633	-50193	8460562	8461002	XP_056720171.1#48	NC_079329.1	GCF_029931775.1
XP_056719017.1#48|Euleptes_europaea	441	-	-	1	-44994	-44554	8454923	8455363	XP_056719009.1#48	NC_079329.1	GCF_029931775.1
XP_056719017.1#48|Euleptes_europaea	429	-	-	1	-12144	-11716	8422085	8422513	XP_056719011.1#48	NC_079329.1	GCF_029931775.1
XP_056719017.1#48|Euleptes_europaea	507	-	+	1	-4455	-3949	8414318	8414824	XP_056719016.1#48	NC_079329.1	GCF_029931775.1
XP_056719017.1#48|Euleptes_europaea	456	-	+	1	1	456	8409913	8410368	XP_056719017.1#48	NC_079329.1	GCF_029931775.1
XP_056719017.1#48|Euleptes_europaea	447	-	+	1	9068	9514	8400855	8401301	XP_056719007.1#48	NC_079329.1	GCF_029931775.1
XP_056719017.1#48|Euleptes_europaea	2912	-	+	1	22586	25497	8384872	8387783	XP_056719010.1#48	NC_079329.1	GCF_029931775.1
XP_056719017.1#48|Euleptes_europaea	447	-	+	1	33375	33821	8376548	8376994	XP_056720170.1#48	NC_079329.1	GCF_029931775.1
XP_056719017.1#48|Euleptes_europaea	444	-	+	1	37290	37733	8372636	8373079	XP_056719008.1#48	NC_079329.1	GCF_029931775.1



XP_021044708.1#2|Mus_pahari	468	-	+	12	1	468	308	775	XP_021044708.1#2	not_found	not_found	not_found



XP_021045367.1#106|Mus_pahari	837	-	-	1	-27851	-27015	43134	43970	XP_021045368.1#106	NW_018393763.1	GCF_900095145.1
XP_021045367.1#106|Mus_pahari	6808	-	+	12	1	6808	9311	16118	XP_021045367.1#106	NW_018393763.1	GCF_900095145.1
XP_021045367.1#106|Mus_pahari	599	-	-	14	8991	9589	6530	7128	pseudogene_106.1*#106	NW_018393763.1	GCF_900095145.1



XP_021044866.1#27|Mus_pahari	7568	-	+	12	1	7568	77678	85245	XP_021044866.1#27	NW_018392458.1	GCF_900095145.1
XP_021044866.1#27|Mus_pahari	468	-	+	14	60783	61250	23996	24463	pseudogene_27.8*#27	NW_018392458.1	GCF_900095145.1
XP_021044866.1#27|Mus_pahari	468	-	+	14	60783	61250	23996	24463	pseudogene_27.8*#27	NW_018392458.1	GCF_900095145.1



XP_021044755.1#26|Mus_pahari	437	-	+	12	1	437	9478	9914	XP_021044755.1#26	NW_018392261.1	GCF_900095145.1
XP_021044755.1#26|Mus_pahari	473	-	-	14	6532	7004	2911	3383	pseudogene_26.2*#26	NW_018392261.1	GCF_900095145.1



XP_031218276.1#65|Mastomys_coucha	82	+	-	13	-8661	-8580	37537343	37537424	tRNA_65.3*#65	NW_022196915.1	GCF_008632895.1
XP_031218276.1#65|Mastomys_coucha	73	+	+	13	-3587	-3515	37542417	37542489	tRNA_65.5*#65	NW_022196915.1	GCF_008632895.1
XP_031218276.1#65|Mastomys_coucha	89	+	+	13	-2732	-2644	37543272	37543360	tRNA_65.8*#65	NW_022196915.1	GCF_008632895.1
XP_031218276.1#65|Mastomys_coucha	72	+	+	13	-1322	-1251	37544682	37544753	tRNA_65.9*#65	NW_022196915.1	GCF_008632895.1
XP_031218276.1#65|Mastomys_coucha	10233	+	+	12	1	10233	37546005	37556237	XP_031218276.1#65	NW_022196915.1	GCF_008632895.1
XP_031218276.1#65|Mastomys_coucha	3400	+	+	1	13393	16792	37559397	37562796	XP_031218505.1#65	NW_022196915.1	GCF_008632895.1
XP_031218276.1#65|Mastomys_coucha	577	+	+	1	27908	28484	37573912	37574488	XP_031218533.1#65	NW_022196915.1	GCF_008632895.1
XP_031218276.1#65|Mastomys_coucha	5416	+	-	1	56606	62021	37602610	37608025	XP_031218506.1#65	NW_022196915.1	GCF_008632895.1
XP_031218276.1#65|Mastomys_coucha	1065	+	-	1	66197	67261	37612201	37613265	XP_031218507.1#65	NW_022196915.1	GCF_008632895.1



XP_052047558.1#59|Apodemus_sylvaticus	453	-	+	1	36694	37146	75956440	75956892	XP_052047548.1#59	NC_067479.1	GCF_947179515.1
XP_052047558.1#59|Apodemus_sylvaticus	608	-	+	1	97643	98250	75895336	75895943	XP_052047562.1#59	NC_067479.1	GCF_947179515.1
XP_052047558.1#59|Apodemus_sylvaticus	458	-	+	14	104757	105214	75888372	75888829	pseudogene_59.2*#59	NC_067479.1	GCF_947179515.1
XP_052047558.1#59|Apodemus_sylvaticus	453	-	+	1	115658	116110	75877476	75877928	XP_052047549.1#59	NC_067479.1	GCF_947179515.1
XP_052047558.1#59|Apodemus_sylvaticus	170913	-	+	12	1	170913	75822673	75993585	XP_052047558.1#59	NC_067479.1	GCF_947179515.1
XP_052047558.1#59|Apodemus_sylvaticus	773	-	+	14	175725	176497	75817089	75817861	pseudogene_59.3*#59	NC_067479.1	GCF_947179515.1
XP_052047558.1#59|Apodemus_sylvaticus	4481	-	-	14	195273	199753	75793833	75798313	pseudogene_59.6*#59	NC_067479.1	GCF_947179515.1
XP_052047558.1#59|Apodemus_sylvaticus	232547	-	+	14	1	232547	75761039	75993585	pseudogene_59.7*#59	NC_067479.1	GCF_947179515.1
XP_052047558.1#59|Apodemus_sylvaticus	459	-	+	1	244243	244701	75748885	75749343	XP_052047547.1#59	NC_067479.1	GCF_947179515.1



XP_005371045.1#93|Microtus_ochrogaster	82	-	-	13	-6312	-6231	790585	790666	tRNA_93.3*#93	NW_004949189.1	GCF_000317375.1
XP_005371045.1#93|Microtus_ochrogaster	82	-	+	13	-6312	-6231	790585	790666	tRNA_93.3*#93	NW_004949189.1	GCF_000317375.1
XP_005371045.1#93|Microtus_ochrogaster	85	-	+	13	-1356	-1272	785626	785710	tRNA_93.7*#93	NW_004949189.1	GCF_000317375.1
XP_005371045.1#93|Microtus_ochrogaster	72	-	+	13	-427	-356	784710	784781	tRNA_93.4*#93	NW_004949189.1	GCF_000317375.1
XP_005371045.1#93|Microtus_ochrogaster	9694	-	+	12	1	9694	774660	784353	XP_005371045.1#93	NW_004949189.1	GCF_000317375.1
XP_005371045.1#93|Microtus_ochrogaster	12428	-	+	1	-103	12324	772030	784457	XP_013210560.1#93	NW_004949189.1	GCF_000317375.1
XP_005371045.1#93|Microtus_ochrogaster	447	-	+	1	16557	17003	767351	767797	XP_005371044.1#93	NW_004949189.1	GCF_000317375.1
XP_005371045.1#93|Microtus_ochrogaster	1497	-	-	1	56516	58012	726342	727838	XP_005371043.1#93	NW_004949189.1	GCF_000317375.1
XP_005371045.1#93|Microtus_ochrogaster	477	-	+	1	108965	109441	674913	675389	XP_005371042.1#93	NW_004949189.1	GCF_000317375.1



XP_051032800.1#71|Phodopus_roborovskii	73	+	+	13	-8914	-8842	1418882	1418954	tRNA_71.1*#71	NW_026125538.1	GCF_943737965.1
XP_051032800.1#71|Phodopus_roborovskii	87	+	+	13	-8050	-7964	1419746	1419832	tRNA_71.3*#71	NW_026125538.1	GCF_943737965.1
XP_051032800.1#71|Phodopus_roborovskii	87	+	+	13	-8050	-7964	1419746	1419832	tRNA_71.3*#71	NW_026125538.1	GCF_943737965.1
XP_051032800.1#71|Phodopus_roborovskii	19194	+	+	1	-6637	12556	1421159	1440352	XP_051032741.1#71	NW_026125538.1	GCF_943737965.1
XP_051032800.1#71|Phodopus_roborovskii	4658	+	+	12	1	4658	1427797	1432454	XP_051032800.1#71	NW_026125538.1	GCF_943737965.1
XP_051032800.1#71|Phodopus_roborovskii	102	+	-	13	12924	13025	1440720	1440821	snRNA_71.9*#71	NW_026125538.1	GCF_943737965.1
XP_051032800.1#71|Phodopus_roborovskii	503	+	+	1	17533	18035	1445329	1445831	XP_051032832.1#71	NW_026125538.1	GCF_943737965.1
XP_051032800.1#71|Phodopus_roborovskii	837	+	+	1	31827	32663	1459623	1460459	XP_051032833.1#71	NW_026125538.1	GCF_943737965.1
XP_051032800.1#71|Phodopus_roborovskii	470	+	-	1	38999	39468	1466795	1467264	XP_051032801.1#71	NW_026125538.1	GCF_943737965.1



XP_052589318.1#86|Peromyscus_californicus_insignis	82	-	-	13	-7543	-7462	72348948	72349029	tRNA_86.3*#86	NW_026294413.1	GCF_007827085.1
XP_052589318.1#86|Peromyscus_californicus_insignis	73	-	+	13	-2584	-2512	72343998	72344070	tRNA_86.6*#86	NW_026294413.1	GCF_007827085.1
XP_052589318.1#86|Peromyscus_californicus_insignis	73	-	+	13	-2584	-2512	72343998	72344070	tRNA_86.6*#86	NW_026294413.1	GCF_007827085.1
XP_052589318.1#86|Peromyscus_californicus_insignis	72	-	+	13	-493	-422	72341908	72341979	tRNA_86.2*#86	NW_026294413.1	GCF_007827085.1
XP_052589318.1#86|Peromyscus_californicus_insignis	11507	-	+	12	1	11507	72329979	72341485	XP_052589318.1#86	NW_026294413.1	GCF_007827085.1
XP_052589318.1#86|Peromyscus_californicus_insignis	19239	-	+	1	0	19238	72322248	72341486	XP_052589320.1#86	NW_026294413.1	GCF_007827085.1
XP_052589318.1#86|Peromyscus_californicus_insignis	88	-	-	14	19932	20019	72321467	72321554	pseudogene_86.2*#86	NW_026294413.1	GCF_007827085.1
XP_052589318.1#86|Peromyscus_californicus_insignis	2688	-	+	1	25637	28324	72313162	72315849	XP_052590268.1#86	NW_026294413.1	GCF_007827085.1
XP_052589318.1#86|Peromyscus_californicus_insignis	1505	-	+	1	36572	38076	72303410	72304914	XP_052590267.1#86	NW_026294413.1	GCF_007827085.1



XP_055464654.1#63|Psammomys_obesus	82	-	-	13	-5013	-4932	78139	78220	tRNA_63.7*#63	NW_026590704.1	GCF_907164565.1
XP_055464654.1#63|Psammomys_obesus	73	-	+	13	-1584	-1512	74719	74791	tRNA_63.0*#63	NW_026590704.1	GCF_907164565.1
XP_055464654.1#63|Psammomys_obesus	89	-	+	13	-1036	-948	74155	74243	tRNA_63.2*#63	NW_026590704.1	GCF_907164565.1
XP_055464654.1#63|Psammomys_obesus	72	-	+	13	-464	-393	73600	73671	tRNA_63.6*#63	NW_026590704.1	GCF_907164565.1
XP_055464654.1#63|Psammomys_obesus	18942	-	+	12	1	18942	54265	73206	XP_055464654.1#63	NW_026590704.1	GCF_907164565.1
XP_055464654.1#63|Psammomys_obesus	25206	-	+	1	-5	25200	48007	73212	XP_055464653.1#63	NW_026590704.1	GCF_907164565.1
XP_055464654.1#63|Psammomys_obesus	748	-	+	1	34332	35079	38128	38875	XP_055464610.1#63	NW_026590704.1	GCF_907164565.1
XP_055464654.1#63|Psammomys_obesus	10574	-	-	13	31648	42221	30986	41559	lncRNA_63.9*#63	NW_026590704.1	GCF_907164565.1
XP_055464654.1#63|Psammomys_obesus	2390	-	+	1	40603	42992	30215	32604	XP_055464609.1#63	NW_026590704.1	GCF_907164565.1



XP_050998970.1#40|Acomys_russatus	73	+	+	13	-2339	-2267	81387970	81388042	tRNA_40.1*#40	NC_067139.1	GCF_903995435.1
XP_050998970.1#40|Acomys_russatus	89	+	+	13	-1535	-1447	81388774	81388862	tRNA_40.9*#40	NC_067139.1	GCF_903995435.1
XP_050998970.1#40|Acomys_russatus	89	+	+	13	-1535	-1447	81388774	81388862	tRNA_40.9*#40	NC_067139.1	GCF_903995435.1
XP_050998970.1#40|Acomys_russatus	32249	+	+	1	1	32249	81390310	81422558	XP_050998966.1#40	NC_067139.1	GCF_903995435.1
XP_050998970.1#40|Acomys_russatus	26401	+	+	12	1	26401	81390310	81416710	XP_050998970.1#40	NC_067139.1	GCF_903995435.1
XP_050998970.1#40|Acomys_russatus	10088	+	+	1	1	10088	81390310	81400397	XP_050998968.1#40	NC_067139.1	GCF_903995435.1
XP_050998970.1#40|Acomys_russatus	441	+	+	1	40941	41381	81431250	81431690	XP_050999351.1#40	NC_067139.1	GCF_903995435.1
XP_050998970.1#40|Acomys_russatus	521	+	+	1	55077	55597	81445386	81445906	XP_050999352.1#40	NC_067139.1	GCF_903995435.1
XP_050998970.1#40|Acomys_russatus	1576	+	-	1	65559	67134	81455868	81457443	XP_050999353.1#40	NC_067139.1	GCF_903995435.1



XP_008962377.1#20|Pan_paniscus	73	+	+	13	-2925	-2853	22181574	22181646	tRNA_20.9*#20	NC_073264.2	GCF_029289425.2
XP_008962377.1#20|Pan_paniscus	17506	+	+	1	-1839	15666	22182660	22200165	XP_054953407.1#20	NC_073264.2	GCF_029289425.2
XP_008962377.1#20|Pan_paniscus	89	+	+	13	-1354	-1266	22183145	22183233	tRNA_20.2*#20	NC_073264.2	GCF_029289425.2
XP_008962377.1#20|Pan_paniscus	73	+	+	13	-2925	-2853	22181574	22181646	tRNA_20.9*#20	NC_073264.2	GCF_029289425.2
XP_008962377.1#20|Pan_paniscus	10103	+	+	12	1	10103	22184500	22194602	XP_008962377.1#20	NC_073264.2	GCF_029289425.2
XP_008962377.1#20|Pan_paniscus	2524	+	-	14	34349	36872	22218848	22221371	pseudogene_20.0*#20	NC_073264.2	GCF_029289425.2
XP_008962377.1#20|Pan_paniscus	889	+	+	1	48165	49053	22232664	22233552	XP_034793131.1#20	NC_073264.2	GCF_029289425.2
XP_008962377.1#20|Pan_paniscus	2085	+	+	1	58852	60936	22243351	22245435	XP_034793130.2#20	NC_073264.2	GCF_029289425.2
XP_008962377.1#20|Pan_paniscus	2531	+	+	1	80881	83411	22265380	22267910	XP_003811795.1#20	NC_073264.2	GCF_029289425.2



XP_008055111.1#91|Carlito_syrichta	82	-	-	13	-27143	-27062	58297	58378	tRNA_91.8*#91	NW_007246673.1	GCF_000164805.1
XP_008055111.1#91|Carlito_syrichta	73	-	+	13	-14738	-14666	45901	45973	tRNA_91.6*#91	NW_007246673.1	GCF_000164805.1
XP_008055111.1#91|Carlito_syrichta	89	-	+	13	-13565	-13477	44712	44800	tRNA_91.1*#91	NW_007246673.1	GCF_000164805.1
XP_008055111.1#91|Carlito_syrichta	72	-	+	13	-12421	-12350	43585	43656	tRNA_91.5*#91	NW_007246673.1	GCF_000164805.1
XP_008055111.1#91|Carlito_syrichta	611	-	+	12	1	611	30624	31234	XP_008055111.1#91	NW_007246673.1	GCF_000164805.1
XP_008055111.1#91|Carlito_syrichta	7201	-	+	1	-14	7186	24049	31249	XP_021567440.1#91	NW_007246673.1	GCF_000164805.1
XP_008055111.1#91|Carlito_syrichta	444	-	+	1	14181	14624	16611	17054	XP_008055110.1#91	NW_007246673.1	GCF_000164805.1



XP_047651546.1#56|Phacochoerus_africanus	82	-	-	13	-16621	-16540	79479091	79479172	tRNA_56.9*#56	NC_062552.1	GCF_016906955.1
XP_047651546.1#56|Phacochoerus_africanus	73	-	+	13	-2595	-2523	79465074	79465146	tRNA_56.0*#56	NC_062552.1	GCF_016906955.1
XP_047651546.1#56|Phacochoerus_africanus	82	-	+	13	-16621	-16540	79479091	79479172	tRNA_56.9*#56	NC_062552.1	GCF_016906955.1
XP_047651546.1#56|Phacochoerus_africanus	82	-	+	13	-16621	-16540	79479091	79479172	tRNA_56.9*#56	NC_062552.1	GCF_016906955.1
XP_047651546.1#56|Phacochoerus_africanus	12518	-	+	12	1	12518	79450033	79462550	XP_047651546.1#56	NC_062552.1	GCF_016906955.1
XP_047651546.1#56|Phacochoerus_africanus	18317	-	+	1	-10	18306	79444245	79462561	XP_047651550.1#56	NC_062552.1	GCF_016906955.1
XP_047651546.1#56|Phacochoerus_africanus	2757	-	+	1	24409	27165	79435386	79438142	XP_047653318.1#56	NC_062552.1	GCF_016906955.1
XP_047651546.1#56|Phacochoerus_africanus	102	-	+	13	33183	33284	79429267	79429368	snRNA_56.2*#56	NC_062552.1	GCF_016906955.1
XP_047651546.1#56|Phacochoerus_africanus	1920	-	+	1	39471	41390	79421161	79423080	XP_047651297.1#56	NC_062552.1	GCF_016906955.1



XP_061038310.1#17|Eubalaena_glacialis	73	+	+	13	-3046	-2974	118862264	118862336	tRNA_17.9*#17	NC_083717.1	GCF_028564815.1
XP_061038310.1#17|Eubalaena_glacialis	90	+	+	13	-1797	-1708	118863513	118863602	tRNA_17.0*#17	NC_083717.1	GCF_028564815.1
XP_061038310.1#17|Eubalaena_glacialis	73	+	+	13	-3046	-2974	118862264	118862336	tRNA_17.9*#17	NC_083717.1	GCF_028564815.1
XP_061038310.1#17|Eubalaena_glacialis	14713	+	+	1	-5	14707	118865305	118880017	XP_061038311.1#17	NC_083717.1	GCF_028564815.1
XP_061038310.1#17|Eubalaena_glacialis	10539	+	+	12	1	10539	118865311	118875849	XP_061038310.1#17	NC_083717.1	GCF_028564815.1
XP_061038310.1#17|Eubalaena_glacialis	440	+	+	1	20553	20992	118885863	118886302	XP_061038312.1#17	NC_083717.1	GCF_028564815.1
XP_061038310.1#17|Eubalaena_glacialis	1286	+	+	1	29470	30755	118894780	118896065	XP_061038313.1#17	NC_083717.1	GCF_028564815.1
XP_061038310.1#17|Eubalaena_glacialis	1633	+	-	1	42987	44619	118908297	118909929	XP_061038315.1#17	NC_083717.1	GCF_028564815.1
XP_061038310.1#17|Eubalaena_glacialis	477	+	+	1	85765	86241	118951075	118951551	XP_061038316.1#17	NC_083717.1	GCF_028564815.1



XP_057580749.1#73|Hippopotamus_amphibius_kiboko	82	-	-	13	-37704	-37623	175136971	175137052	tRNA_73.6*#73	NC_080187.1	GCF_030028045.1
XP_057580749.1#73|Hippopotamus_amphibius_kiboko	82	-	-	13	-31337	-31256	175130604	175130685	tRNA_73.2*#73	NC_080187.1	GCF_030028045.1
XP_057580749.1#73|Hippopotamus_amphibius_kiboko	73	-	+	13	-16993	-16921	175116269	175116341	tRNA_73.4*#73	NC_080187.1	GCF_030028045.1
XP_057580749.1#73|Hippopotamus_amphibius_kiboko	82	-	+	13	-37704	-37623	175136971	175137052	tRNA_73.6*#73	NC_080187.1	GCF_030028045.1
XP_057580749.1#73|Hippopotamus_amphibius_kiboko	603	-	+	12	1	603	175098745	175099347	XP_057580749.1#73	NC_080187.1	GCF_030028045.1
XP_057580749.1#73|Hippopotamus_amphibius_kiboko	19445	-	+	1	-14023	5421	175093927	175113371	XP_057580744.1#73	NC_080187.1	GCF_030028045.1
XP_057580749.1#73|Hippopotamus_amphibius_kiboko	5998	-	+	1	10348	16345	175083003	175089000	XP_057580839.1#73	NC_080187.1	GCF_030028045.1
XP_057580749.1#73|Hippopotamus_amphibius_kiboko	10749	-	+	1	10330	21078	175078270	175089018	XP_057580844.1#73	NC_080187.1	GCF_030028045.1
XP_057580749.1#73|Hippopotamus_amphibius_kiboko	599	-	+	1	33352	33950	175065398	175065996	XP_057575839.1#73	NC_080187.1	GCF_030028045.1



XP_045678294.1#55|Phyllostomus_hastatus	999	-	-	6	-37130	-36132	891782	892780	XP_045679933.1#55	NW_025334033.1	GCF_019186645.2
XP_045678294.1#55|Phyllostomus_hastatus	73	-	+	13	-2843	-2771	858421	858493	tRNA_55.7*#55	NW_025334033.1	GCF_019186645.2
XP_045678294.1#55|Phyllostomus_hastatus	90	-	+	13	-1627	-1538	857188	857277	tRNA_55.5*#55	NW_025334033.1	GCF_019186645.2
XP_045678294.1#55|Phyllostomus_hastatus	73	-	+	13	-2843	-2771	858421	858493	tRNA_55.7*#55	NW_025334033.1	GCF_019186645.2
XP_045678294.1#55|Phyllostomus_hastatus	11299	-	+	12	1	11299	844351	855649	XP_045678294.1#55	NW_025334033.1	GCF_019186645.2
XP_045678294.1#55|Phyllostomus_hastatus	17749	-	+	1	187	17935	837715	855463	XP_045678291.1#55	NW_025334033.1	GCF_019186645.2
XP_045678294.1#55|Phyllostomus_hastatus	3734	-	+	1	19758	23491	832159	835892	XP_045679512.1#55	NW_025334033.1	GCF_019186645.2
XP_045678294.1#55|Phyllostomus_hastatus	1390	-	+	1	30512	31901	823749	825138	XP_045679194.1#55	NW_025334033.1	GCF_019186645.2
XP_045678294.1#55|Phyllostomus_hastatus	1542	-	-	1	55008	56549	799101	800642	XP_045678988.1#55	NW_025334033.1	GCF_019186645.2



XP_016055051.1#24|Miniopterus_natalensis	73	+	+	13	-3081	-3009	1946592	1946664	tRNA_24.6*#24	NW_015504286.1	GCF_001595765.1
XP_016055051.1#24|Miniopterus_natalensis	90	+	+	13	-1765	-1676	1947908	1947997	tRNA_24.9*#24	NW_015504286.1	GCF_001595765.1
XP_016055051.1#24|Miniopterus_natalensis	90	+	+	13	-1765	-1676	1947908	1947997	tRNA_24.9*#24	NW_015504286.1	GCF_001595765.1
XP_016055051.1#24|Miniopterus_natalensis	16950	+	+	1	-45	16904	1949628	1966577	XP_016055049.1#24	NW_015504286.1	GCF_001595765.1
XP_016055051.1#24|Miniopterus_natalensis	10800	+	+	12	1	10800	1949674	1960473	XP_016055051.1#24	NW_015504286.1	GCF_001595765.1
XP_016055051.1#24|Miniopterus_natalensis	27553	+	+	1	18	27570	1949691	1977243	XP_016055047.1#24	NW_015504286.1	GCF_001595765.1
XP_016055051.1#24|Miniopterus_natalensis	447	+	+	1	20532	20978	1970205	1970651	XP_016055052.1#24	NW_015504286.1	GCF_001595765.1
XP_016055051.1#24|Miniopterus_natalensis	471	+	-	1	46498	46968	1996171	1996641	XP_016055146.1#24	NW_015504286.1	GCF_001595765.1
XP_016055051.1#24|Miniopterus_natalensis	954	+	+	14	110298	111251	2059971	2060924	pseudogene_24.4*#24	NW_015504286.1	GCF_001595765.1



XP_006087506.1#90|Myotis_lucifugus	7171	-	+	14	-76196	-69026	1358222	1365392	pseudogene_90.2*#90	NW_005871086.1	GCF_000147115.1
XP_006087506.1#90|Myotis_lucifugus	1613	-	-	1	-63754	-62142	1351338	1352950	XP_006087508.1#90	NW_005871086.1	GCF_000147115.1
XP_006087506.1#90|Myotis_lucifugus	477	-	+	1	-25994	-25518	1314714	1315190	XP_023608649.1#90	NW_005871086.1	GCF_000147115.1
XP_006087506.1#90|Myotis_lucifugus	1041	-	+	14	-20575	-19535	1308731	1309771	pseudogene_90.5*#90	NW_005871086.1	GCF_000147115.1
XP_006087506.1#90|Myotis_lucifugus	4178	-	+	12	1	4178	1285018	1289195	XP_006087506.1#90	NW_005871086.1	GCF_000147115.1
XP_006087506.1#90|Myotis_lucifugus	6157	-	-	1	17860	24016	1265180	1271336	XP_006087505.1#90	NW_005871086.1	GCF_000147115.1
XP_006087506.1#90|Myotis_lucifugus	12221	-	-	1	56158	68378	1220818	1233038	XP_014310199.1#90	NW_005871086.1	GCF_000147115.1
XP_006087506.1#90|Myotis_lucifugus	416	-	+	14	111110	111525	1177671	1178086	pseudogene_90.0*#90	NW_005871086.1	GCF_000147115.1
XP_006087506.1#90|Myotis_lucifugus	13136	-	+	1	106959	120094	1169102	1182237	XP_006087502.1#90	NW_005871086.1	GCF_000147115.1



XP_008586717.1#78|Galeopterus_variegatus	90	-	+	13	-13802	-13713	113355	113444	tRNA_78.1*#78	NW_007730975.1	GCF_000696425.1
XP_008586717.1#78|Galeopterus_variegatus	72	-	+	13	-12739	-12668	112310	112381	tRNA_78.9*#78	NW_007730975.1	GCF_000696425.1
XP_008586717.1#78|Galeopterus_variegatus	2921	-	+	12	1	2921	96721	99641	XP_008586717.1#78	NW_007730975.1	GCF_000696425.1
XP_008586717.1#78|Galeopterus_variegatus	19517	-	+	1	-12299	7217	92425	111941	XP_008586718.1#78	NW_007730975.1	GCF_000696425.1
XP_008586717.1#78|Galeopterus_variegatus	441	-	+	1	26066	26506	73136	73576	XP_008586716.1#78	NW_007730975.1	GCF_000696425.1
XP_008586717.1#78|Galeopterus_variegatus	1703	-	+	1	36758	38460	61182	62884	XP_008586715.1#78	NW_007730975.1	GCF_000696425.1
XP_008586717.1#78|Galeopterus_variegatus	1694	-	-	1	60007	61700	37942	39635	XP_008586714.1#78	NW_007730975.1	GCF_000696425.1



XP_002717924.1#18|Oryctolagus_cuniculus	1604	-	-	14	-12402	-10799	54113615	54115218	pseudogene_18.5*#18	NC_091443.1	GCF_964237555.1
XP_002717924.1#18|Oryctolagus_cuniculus	73	-	+	13	-2592	-2520	54105336	54105408	tRNA_18.9*#18	NC_091443.1	GCF_964237555.1
XP_002717924.1#18|Oryctolagus_cuniculus	73	-	+	13	-2592	-2520	54105336	54105408	tRNA_18.9*#18	NC_091443.1	GCF_964237555.1
XP_002717924.1#18|Oryctolagus_cuniculus	72	-	+	13	-410	-339	54103155	54103226	tRNA_18.6*#18	NC_091443.1	GCF_964237555.1
XP_002717924.1#18|Oryctolagus_cuniculus	10918	-	+	12	1	10918	54091898	54102815	XP_002717924.1#18	NC_091443.1	GCF_964237555.1
XP_002717924.1#18|Oryctolagus_cuniculus	19823	-	+	1	-10	19812	54083004	54102826	XP_008267528.2#18	NC_091443.1	GCF_964237555.1
XP_002717924.1#18|Oryctolagus_cuniculus	6844	-	+	13	22071	28914	54073902	54080745	lncRNA_18.8*#18	NC_091443.1	GCF_964237555.1
XP_002717924.1#18|Oryctolagus_cuniculus	3467	-	+	13	32772	36238	54066578	54070044	misc_RNA_18.6*#18	NC_091443.1	GCF_964237555.1
XP_002717924.1#18|Oryctolagus_cuniculus	2030	-	+	1	62073	64102	54038714	54040743	XP_002717926.1#18	NC_091443.1	GCF_964237555.1



XP_006835609.1#94|Chrysochloris_asiatica	441	-	-	1	-50906	-50466	32339803	32340243	XP_006835610.1#94	NW_006408535.1	GCF_000296735.1
XP_006835609.1#94|Chrysochloris_asiatica	73	-	+	13	-18918	-18846	32308183	32308255	tRNA_94.0*#94	NW_006408535.1	GCF_000296735.1
XP_006835609.1#94|Chrysochloris_asiatica	90	-	+	13	-17668	-17579	32306916	32307005	tRNA_94.7*#94	NW_006408535.1	GCF_000296735.1
XP_006835609.1#94|Chrysochloris_asiatica	72	-	+	13	-16381	-16310	32305647	32305718	tRNA_94.5*#94	NW_006408535.1	GCF_000296735.1
XP_006835609.1#94|Chrysochloris_asiatica	453	-	+	12	1	453	32288884	32289336	XP_006835609.1#94	NW_006408535.1	GCF_000296735.1
XP_006835609.1#94|Chrysochloris_asiatica	456	-	+	1	13412	13867	32275470	32275925	XP_006835549.1#94	NW_006408535.1	GCF_000296735.1
XP_006835609.1#94|Chrysochloris_asiatica	492	-	+	1	23091	23582	32265755	32266246	XP_006835608.1#94	NW_006408535.1	GCF_000296735.1
XP_006835609.1#94|Chrysochloris_asiatica	465	-	+	1	28306	28770	32260567	32261031	XP_006835548.1#94	NW_006408535.1	GCF_000296735.1
XP_006835609.1#94|Chrysochloris_asiatica	471	-	-	1	65038	65508	32223829	32224299	XP_006835547.1#94	NW_006408535.1	GCF_000296735.1



XP_054544905.1#41|Talpa_occidentalis	73	+	+	13	-14013	-13941	39019284	39019356	tRNA_41.1*#41	NW_023601104.1	GCF_014898055.3
XP_054544905.1#41|Talpa_occidentalis	89	+	+	13	-12850	-12762	39020447	39020535	tRNA_41.7*#41	NW_023601104.1	GCF_014898055.3
XP_054544905.1#41|Talpa_occidentalis	73	+	+	13	-14013	-13941	39019284	39019356	tRNA_41.1*#41	NW_023601104.1	GCF_014898055.3
XP_054544905.1#41|Talpa_occidentalis	18969	+	+	1	-11980	6988	39021317	39040285	XP_037358849.1#41	NW_023601104.1	GCF_014898055.3
XP_054544905.1#41|Talpa_occidentalis	1010	+	+	12	1	1010	39033298	39034307	XP_054544905.1#41	NW_023601104.1	GCF_014898055.3
XP_054544905.1#41|Talpa_occidentalis	21585	+	-	13	13316	34900	39046613	39068197	lncRNA_41.3*#41	NW_023601104.1	GCF_014898055.3
XP_054544905.1#41|Talpa_occidentalis	460	+	+	1	16825	17284	39050122	39050581	XP_037358853.1#41	NW_023601104.1	GCF_014898055.3
XP_054544905.1#41|Talpa_occidentalis	1331	+	+	1	33766	35096	39067063	39068393	XP_037358850.1#41	NW_023601104.1	GCF_014898055.3
XP_054544905.1#41|Talpa_occidentalis	556	+	-	1	46340	46895	39079637	39080192	XP_037357700.1#41	NW_023601104.1	GCF_014898055.3



