WP_375525206.1#19|Paenibacillus_terreus	108	+	+	42	-8597	-8490	79097	79204	WP_375525197.1#19	NZ_JBHILM010000010.1	GCF_042138645.1
WP_375525206.1#19|Paenibacillus_terreus	699	+	+	43	-8307	-7609	79387	80085	WP_375525198.1#19	NZ_JBHILM010000010.1	GCF_042138645.1
WP_375525206.1#19|Paenibacillus_terreus	294	+	-	44	-7480	-7187	80214	80507	WP_375525199.1#19	NZ_JBHILM010000010.1	GCF_042138645.1
WP_375525206.1#19|Paenibacillus_terreus	1206	+	+	45	-6956	-5751	80738	81943	WP_375525200.1#19	NZ_JBHILM010000010.1	GCF_042138645.1
WP_375525206.1#19|Paenibacillus_terreus	468	+	+	46	-5618	-5151	82076	82543	WP_375525201.1#19	NZ_JBHILM010000010.1	GCF_042138645.1
WP_375525206.1#19|Paenibacillus_terreus	708	+	+	7	-4945	-4238	82749	83456	WP_375525202.1#19	NZ_JBHILM010000010.1	GCF_042138645.1
WP_375525206.1#19|Paenibacillus_terreus	894	+	+	47	-4292	-3399	83402	84295	WP_375525203.1#19	NZ_JBHILM010000010.1	GCF_042138645.1
WP_375525206.1#19|Paenibacillus_terreus	1020	+	+	53	-3350	-2331	84344	85363	WP_375525282.1#19	NZ_JBHILM010000010.1	GCF_042138645.1
WP_375525206.1#19|Paenibacillus_terreus	1080	+	+	54	-1971	-892	85723	86802	WP_375525204.1#19	NZ_JBHILM010000010.1	GCF_042138645.1
WP_375525206.1#19|Paenibacillus_terreus	600	+	+	8	-716	-117	86978	87577	WP_375525205.1#19	NZ_JBHILM010000010.1	GCF_042138645.1
WP_375525206.1#19|Paenibacillus_terreus	513	+	+	56	1	513	87695	88207	WP_375525206.1#19	NZ_JBHILM010000010.1	GCF_042138645.1
WP_375525206.1#19|Paenibacillus_terreus	480	+	+	1	516	995	88210	88689	WP_375525207.1#19	NZ_JBHILM010000010.1	GCF_042138645.1
WP_375525206.1#19|Paenibacillus_terreus	360	+	+	48	1283	1642	88977	89336	WP_375525208.1#19	NZ_JBHILM010000010.1	GCF_042138645.1
WP_375525206.1#19|Paenibacillus_terreus	288	+	+	49	1737	2024	89431	89718	WP_375525209.1#19	NZ_JBHILM010000010.1	GCF_042138645.1
WP_375525206.1#19|Paenibacillus_terreus	276	+	-	40	2053	2328	89747	90022	WP_355323480.1#19	NZ_JBHILM010000010.1	GCF_042138645.1
WP_375525206.1#19|Paenibacillus_terreus	441	+	-	55	2811	3251	90505	90945	WP_375525210.1#19	NZ_JBHILM010000010.1	GCF_042138645.1
WP_375525206.1#19|Paenibacillus_terreus	165	+	-	50	3466	3630	91160	91324	WP_375525211.1#19	NZ_JBHILM010000010.1	GCF_042138645.1
WP_375525206.1#19|Paenibacillus_terreus	489	+	+	51	3859	4347	91553	92041	WP_375525212.1#19	NZ_JBHILM010000010.1	GCF_042138645.1
WP_375525206.1#19|Paenibacillus_terreus	1047	+	+	52	4447	5493	92141	93187	WP_375525213.1#19	NZ_JBHILM010000010.1	GCF_042138645.1
WP_375525206.1#19|Paenibacillus_terreus	276	+	-	0	5619	5894	93313	93588	WP_375525214.1#19	NZ_JBHILM010000010.1	GCF_042138645.1
WP_375525206.1#19|Paenibacillus_terreus	1488	+	-	0	5919	7406	93613	95100	WP_375525215.1#19	NZ_JBHILM010000010.1	GCF_042138645.1



WP_408976326.1#23|Paenibacillus_jiagnxiensis	699	+	+	43	-7970	-7272	73298	73996	WP_355323441.1#23	NZ_JBJURI010000028.1	GCF_046098255.1
WP_408976326.1#23|Paenibacillus_jiagnxiensis	99	+	-	42	-7195	-7097	74073	74171	WP_355323444.1#23	NZ_JBJURI010000028.1	GCF_046098255.1
WP_408976326.1#23|Paenibacillus_jiagnxiensis	312	+	-	44	-7059	-6748	74209	74520	WP_355323447.1#23	NZ_JBJURI010000028.1	GCF_046098255.1
WP_408976326.1#23|Paenibacillus_jiagnxiensis	1206	+	+	45	-6521	-5316	74747	75952	WP_355323450.1#23	NZ_JBJURI010000028.1	GCF_046098255.1
WP_408976326.1#23|Paenibacillus_jiagnxiensis	468	+	+	46	-5184	-4717	76084	76551	WP_355323453.1#23	NZ_JBJURI010000028.1	GCF_046098255.1
WP_408976326.1#23|Paenibacillus_jiagnxiensis	708	+	+	7	-4510	-3803	76758	77465	WP_355323456.1#23	NZ_JBJURI010000028.1	GCF_046098255.1
WP_408976326.1#23|Paenibacillus_jiagnxiensis	894	+	+	47	-3857	-2964	77411	78304	WP_355323459.1#23	NZ_JBJURI010000028.1	GCF_046098255.1
WP_408976326.1#23|Paenibacillus_jiagnxiensis	1020	+	+	53	-2916	-1897	78352	79371	WP_355323462.1#23	NZ_JBJURI010000028.1	GCF_046098255.1
WP_408976326.1#23|Paenibacillus_jiagnxiensis	1080	+	+	54	-1646	-567	79622	80701	WP_408976325.1#23	NZ_JBJURI010000028.1	GCF_046098255.1
WP_408976326.1#23|Paenibacillus_jiagnxiensis	255	+	+	8	-391	-137	80877	81131	WP_355323465.1#23	NZ_JBJURI010000028.1	GCF_046098255.1
WP_408976326.1#23|Paenibacillus_jiagnxiensis	840	+	+	56	1	840	81269	82108	WP_408976326.1#23	NZ_JBJURI010000028.1	GCF_046098255.1
WP_408976326.1#23|Paenibacillus_jiagnxiensis	480	+	+	1	843	1322	82111	82590	WP_355323471.1#23	NZ_JBJURI010000028.1	GCF_046098255.1
WP_408976326.1#23|Paenibacillus_jiagnxiensis	360	+	+	48	1546	1905	82814	83173	WP_355323474.1#23	NZ_JBJURI010000028.1	GCF_046098255.1
WP_408976326.1#23|Paenibacillus_jiagnxiensis	288	+	+	49	2000	2287	83268	83555	WP_355323477.1#23	NZ_JBJURI010000028.1	GCF_046098255.1
WP_408976326.1#23|Paenibacillus_jiagnxiensis	276	+	-	40	2320	2595	83588	83863	WP_355323480.1#23	NZ_JBJURI010000028.1	GCF_046098255.1
WP_408976326.1#23|Paenibacillus_jiagnxiensis	192	+	-	0	2791	2982	84059	84250	WP_355323483.1#23	NZ_JBJURI010000028.1	GCF_046098255.1
WP_408976326.1#23|Paenibacillus_jiagnxiensis	426	+	-	55	3080	3505	84348	84773	WP_408976327.1#23	NZ_JBJURI010000028.1	GCF_046098255.1
WP_408976326.1#23|Paenibacillus_jiagnxiensis	165	+	-	50	3757	3921	85025	85189	WP_355323488.1#23	NZ_JBJURI010000028.1	GCF_046098255.1
WP_408976326.1#23|Paenibacillus_jiagnxiensis	447	+	+	51	4191	4637	85459	85905	WP_355323534.1#23	NZ_JBJURI010000028.1	GCF_046098255.1
WP_408976326.1#23|Paenibacillus_jiagnxiensis	1350	+	+	19	4699	6048	85967	87316	WP_355323491.1#23	NZ_JBJURI010000028.1	GCF_046098255.1
WP_408976326.1#23|Paenibacillus_jiagnxiensis	1050	+	+	52	6182	7231	87450	88499	WP_355323494.1#23	NZ_JBJURI010000028.1	GCF_046098255.1



WP_174812124.1#27|Paenibacillus_barcinonensis	1956	-	+	25	-10818	-8863	1537368	1539323	WP_174812127.1#27	NZ_CP054614.1	GCF_013347305.1
WP_174812124.1#27|Paenibacillus_barcinonensis	957	-	-	0	-8942	-7986	1536491	1537447	WP_174812090.1#27	NZ_CP054614.1	GCF_013347305.1
WP_174812124.1#27|Paenibacillus_barcinonensis	800	-	+	58	-7873	-7074	1535579	1536378	pseudogene_27.9*#27	NZ_CP054614.1	GCF_013347305.1
WP_174812124.1#27|Paenibacillus_barcinonensis	1101	-	+	8	-6728	-5628	1534133	1535233	WP_167433874.1#27	NZ_CP054614.1	GCF_013347305.1
WP_174812124.1#27|Paenibacillus_barcinonensis	438	-	+	0	-5618	-5181	1533686	1534123	WP_110899750.1#27	NZ_CP054614.1	GCF_013347305.1
WP_174812124.1#27|Paenibacillus_barcinonensis	969	-	+	8	-4794	-3826	1532331	1533299	WP_244964924.1#27	NZ_CP054614.1	GCF_013347305.1
WP_174812124.1#27|Paenibacillus_barcinonensis	243	-	+	0	-3811	-3569	1532074	1532316	WP_110899755.1#27	NZ_CP054614.1	GCF_013347305.1
WP_174812124.1#27|Paenibacillus_barcinonensis	252	-	+	0	-2311	-2060	1530565	1530816	WP_110899756.1#27	NZ_CP054614.1	GCF_013347305.1
WP_174812124.1#27|Paenibacillus_barcinonensis	315	-	+	0	-1718	-1404	1529909	1530223	WP_146236242.1#27	NZ_CP054614.1	GCF_013347305.1
WP_174812124.1#27|Paenibacillus_barcinonensis	954	-	+	17	-1171	-218	1528723	1529676	WP_174812125.1#27	NZ_CP054614.1	GCF_013347305.1
WP_174812124.1#27|Paenibacillus_barcinonensis	1257	-	+	56	1	1257	1527248	1528504	WP_174812124.1#27	NZ_CP054614.1	GCF_013347305.1
WP_174812124.1#27|Paenibacillus_barcinonensis	498	-	+	1	1274	1771	1526734	1527231	WP_110899731.1#27	NZ_CP054614.1	GCF_013347305.1
WP_174812124.1#27|Paenibacillus_barcinonensis	150	-	+	0	1980	2129	1526376	1526525	WP_174812123.1#27	NZ_CP054614.1	GCF_013347305.1
WP_174812124.1#27|Paenibacillus_barcinonensis	339	-	+	0	2133	2471	1526034	1526372	WP_110899730.1#27	NZ_CP054614.1	GCF_013347305.1
WP_174812124.1#27|Paenibacillus_barcinonensis	498	-	+	0	2498	2995	1525510	1526007	WP_110899729.1#27	NZ_CP054614.1	GCF_013347305.1
WP_174812124.1#27|Paenibacillus_barcinonensis	963	-	+	17	3864	4826	1523679	1524641	WP_244214028.1#27	NZ_CP054614.1	GCF_013347305.1
WP_174812124.1#27|Paenibacillus_barcinonensis	354	-	+	0	4837	5190	1523315	1523668	WP_110899728.1#27	NZ_CP054614.1	GCF_013347305.1
WP_174812124.1#27|Paenibacillus_barcinonensis	1701	-	+	25	5541	7241	1521264	1522964	WP_174812122.1#27	NZ_CP054614.1	GCF_013347305.1
WP_174812124.1#27|Paenibacillus_barcinonensis	1248	-	+	8	7338	8585	1519920	1521167	WP_174812121.1#27	NZ_CP054614.1	GCF_013347305.1
WP_174812124.1#27|Paenibacillus_barcinonensis	603	-	+	24	8597	9199	1519306	1519908	WP_110895391.1#27	NZ_CP054614.1	GCF_013347305.1
WP_174812124.1#27|Paenibacillus_barcinonensis	957	-	+	58	9781	10737	1517768	1518724	pseudogene_27.20*#27	NZ_CP054614.1	GCF_013347305.1



WP_163243264.1#17|Bacillus_aquiflavi	3507	+	+	0	-15216	-11710	5254	8760	WP_163243258.1#17	NZ_JACEIO010000048.1	GCF_013867695.1
WP_163243264.1#17|Bacillus_aquiflavi	1542	+	+	0	-11606	-10065	8864	10405	WP_163243259.1#17	NZ_JACEIO010000048.1	GCF_013867695.1
WP_163243264.1#17|Bacillus_aquiflavi	2559	+	+	0	-9836	-7278	10634	13192	WP_163243260.1#17	NZ_JACEIO010000048.1	GCF_013867695.1
WP_163243264.1#17|Bacillus_aquiflavi	2058	+	+	0	-7253	-5196	13217	15274	WP_163243267.1#17	NZ_JACEIO010000048.1	GCF_013867695.1
WP_163243264.1#17|Bacillus_aquiflavi	309	+	+	0	-5099	-4791	15371	15679	WP_163243261.1#17	NZ_JACEIO010000048.1	GCF_013867695.1
WP_163243264.1#17|Bacillus_aquiflavi	498	+	-	0	-4758	-4261	15712	16209	WP_163243262.1#17	NZ_JACEIO010000048.1	GCF_013867695.1
WP_163243264.1#17|Bacillus_aquiflavi	1292	+	+	58	-4042	-2751	16428	17719	pseudogene_17.4*#17	NZ_JACEIO010000048.1	GCF_013867695.1
WP_163243264.1#17|Bacillus_aquiflavi	597	+	+	24	-2329	-1733	18141	18737	WP_163243263.1#17	NZ_JACEIO010000048.1	GCF_013867695.1
WP_163243264.1#17|Bacillus_aquiflavi	477	+	+	0	-878	-402	19592	20068	WP_262421814.1#17	NZ_JACEIO010000048.1	GCF_013867695.1
WP_163243264.1#17|Bacillus_aquiflavi	293	+	+	58	-462	-170	20008	20300	pseudogene_17.14*#17	NZ_JACEIO010000048.1	GCF_013867695.1
WP_163243264.1#17|Bacillus_aquiflavi	1383	+	+	56	1	1383	20471	21853	WP_163243264.1#17	NZ_JACEIO010000048.1	GCF_013867695.1
WP_163243264.1#17|Bacillus_aquiflavi	486	+	+	1	1396	1881	21866	22351	WP_163243265.1#17	NZ_JACEIO010000048.1	GCF_013867695.1
WP_163243264.1#17|Bacillus_aquiflavi	211	+	-	0	2054	2264	22524	22734	WP_218944039.1#17	NZ_JACEIO010000048.1	GCF_013867695.1



WP_166860094.1#28|Telluria_antibiotica	351	+	+	0	-7703	-7353	28087	28437	WP_166860081.1#28	NZ_JAAQOM010000009.1	GCF_011682055.1
WP_166860094.1#28|Telluria_antibiotica	345	+	+	0	-7353	-7009	28437	28781	WP_166860082.1#28	NZ_JAAQOM010000009.1	GCF_011682055.1
WP_166860094.1#28|Telluria_antibiotica	753	+	+	0	-7012	-6260	28778	29530	WP_166860084.1#28	NZ_JAAQOM010000009.1	GCF_011682055.1
WP_166860094.1#28|Telluria_antibiotica	726	+	+	0	-6225	-5500	29565	30290	WP_166860085.1#28	NZ_JAAQOM010000009.1	GCF_011682055.1
WP_166860094.1#28|Telluria_antibiotica	600	+	+	0	-5447	-4848	30343	30942	WP_166860086.1#28	NZ_JAAQOM010000009.1	GCF_011682055.1
WP_166860094.1#28|Telluria_antibiotica	369	+	+	0	-4832	-4464	30958	31326	WP_166860088.1#28	NZ_JAAQOM010000009.1	GCF_011682055.1
WP_166860094.1#28|Telluria_antibiotica	267	+	+	0	-4403	-4137	31387	31653	WP_166860089.1#28	NZ_JAAQOM010000009.1	GCF_011682055.1
WP_166860094.1#28|Telluria_antibiotica	759	+	+	0	-4125	-3367	31665	32423	WP_166860090.1#28	NZ_JAAQOM010000009.1	GCF_011682055.1
WP_166860094.1#28|Telluria_antibiotica	1086	+	+	0	-3366	-2281	32424	33509	WP_166860092.1#28	NZ_JAAQOM010000009.1	GCF_011682055.1
WP_166860094.1#28|Telluria_antibiotica	2040	+	+	0	-2281	-242	33509	35548	WP_166860093.1#28	NZ_JAAQOM010000009.1	GCF_011682055.1
WP_166860094.1#28|Telluria_antibiotica	25407	+	+	56	1	25407	35791	61197	WP_166860094.1#28	NZ_JAAQOM010000009.1	GCF_011682055.1
WP_166860094.1#28|Telluria_antibiotica	441	+	+	1	25417	25857	61207	61647	WP_166860096.1#28	NZ_JAAQOM010000009.1	GCF_011682055.1
WP_166860094.1#28|Telluria_antibiotica	528	+	+	0	25878	26405	61668	62195	WP_166860097.1#28	NZ_JAAQOM010000009.1	GCF_011682055.1
WP_166860094.1#28|Telluria_antibiotica	264	+	+	0	26515	26778	62305	62568	WP_166860098.1#28	NZ_JAAQOM010000009.1	GCF_011682055.1
WP_166860094.1#28|Telluria_antibiotica	987	+	-	0	26924	27910	62714	63700	WP_166860442.1#28	NZ_JAAQOM010000009.1	GCF_011682055.1
WP_166860094.1#28|Telluria_antibiotica	327	+	+	0	28643	28969	64433	64759	WP_166860100.1#28	NZ_JAAQOM010000009.1	GCF_011682055.1
WP_166860094.1#28|Telluria_antibiotica	744	+	+	0	29073	29816	64863	65606	WP_166860101.1#28	NZ_JAAQOM010000009.1	GCF_011682055.1
WP_166860094.1#28|Telluria_antibiotica	1533	+	+	0	29961	31493	65751	67283	WP_166860103.1#28	NZ_JAAQOM010000009.1	GCF_011682055.1
WP_166860094.1#28|Telluria_antibiotica	1923	+	+	0	31615	33537	67405	69327	WP_208296218.1#28	NZ_JAAQOM010000009.1	GCF_011682055.1
WP_166860094.1#28|Telluria_antibiotica	1053	+	+	0	33534	34586	69324	70376	WP_166860105.1#28	NZ_JAAQOM010000009.1	GCF_011682055.1
WP_166860094.1#28|Telluria_antibiotica	702	+	-	0	34589	35290	70379	71080	WP_166860107.1#28	NZ_JAAQOM010000009.1	GCF_011682055.1



WP_127082560.1#31|Dulcicalothrix_desertica_PCC_7102	153	+	-	0	-7917	-7765	364729	364881	WP_186538691.1#31	NZ_VLKB01000009.1	GCF_007830875.1
WP_127082560.1#31|Dulcicalothrix_desertica_PCC_7102	1041	+	-	0	-7755	-6715	364891	365931	WP_127087777.1#31	NZ_VLKB01000009.1	GCF_007830875.1
WP_127082560.1#31|Dulcicalothrix_desertica_PCC_7102	633	+	-	5	-6226	-5594	366420	367052	WP_127087776.1#31	NZ_VLKB01000009.1	GCF_007830875.1
WP_127082560.1#31|Dulcicalothrix_desertica_PCC_7102	1149	+	-	0	-5597	-4449	367049	368197	WP_127087775.1#31	NZ_VLKB01000009.1	GCF_007830875.1
WP_127082560.1#31|Dulcicalothrix_desertica_PCC_7102	468	+	+	0	-4245	-3778	368401	368868	WP_127087774.1#31	NZ_VLKB01000009.1	GCF_007830875.1
WP_127082560.1#31|Dulcicalothrix_desertica_PCC_7102	555	+	+	0	-3767	-3213	368879	369433	WP_127087773.1#31	NZ_VLKB01000009.1	GCF_007830875.1
WP_127082560.1#31|Dulcicalothrix_desertica_PCC_7102	124	+	+	57	-2818	-2695	369828	369951	tRNA_31.0*#31	NZ_VLKB01000009.1	GCF_007830875.1
WP_127082560.1#31|Dulcicalothrix_desertica_PCC_7102	1611	+	+	0	-2522	-912	370124	371734	WP_127082559.1#31	NZ_VLKB01000009.1	GCF_007830875.1
WP_127082560.1#31|Dulcicalothrix_desertica_PCC_7102	165	+	+	0	-898	-734	371748	371912	WP_158632856.1#31	NZ_VLKB01000009.1	GCF_007830875.1
WP_127082560.1#31|Dulcicalothrix_desertica_PCC_7102	90	+	-	58	-201	-112	372445	372534	pseudogene_31.19*#31	NZ_VLKB01000009.1	GCF_007830875.1
WP_127082560.1#31|Dulcicalothrix_desertica_PCC_7102	537	+	+	56	1	537	372647	373183	WP_127082560.1#31	NZ_VLKB01000009.1	GCF_007830875.1
WP_127082560.1#31|Dulcicalothrix_desertica_PCC_7102	492	+	+	1	547	1038	373193	373684	WP_127082561.1#31	NZ_VLKB01000009.1	GCF_007830875.1
WP_127082560.1#31|Dulcicalothrix_desertica_PCC_7102	396	+	-	0	1020	1415	373666	374061	WP_233787389.1#31	NZ_VLKB01000009.1	GCF_007830875.1
WP_127082560.1#31|Dulcicalothrix_desertica_PCC_7102	1008	+	+	0	1941	2948	374587	375594	WP_127082562.1#31	NZ_VLKB01000009.1	GCF_007830875.1
WP_127082560.1#31|Dulcicalothrix_desertica_PCC_7102	237	+	+	0	2952	3188	375598	375834	WP_127082563.1#31	NZ_VLKB01000009.1	GCF_007830875.1
WP_127082560.1#31|Dulcicalothrix_desertica_PCC_7102	1563	+	+	0	3213	4775	375859	377421	WP_127082564.1#31	NZ_VLKB01000009.1	GCF_007830875.1
WP_127082560.1#31|Dulcicalothrix_desertica_PCC_7102	588	+	+	0	4859	5446	377505	378092	WP_127082565.1#31	NZ_VLKB01000009.1	GCF_007830875.1
WP_127082560.1#31|Dulcicalothrix_desertica_PCC_7102	1158	+	-	0	5449	6606	378095	379252	WP_127082566.1#31	NZ_VLKB01000009.1	GCF_007830875.1
WP_127082560.1#31|Dulcicalothrix_desertica_PCC_7102	1305	+	-	0	6700	8004	379346	380650	WP_127082567.1#31	NZ_VLKB01000009.1	GCF_007830875.1
WP_127082560.1#31|Dulcicalothrix_desertica_PCC_7102	492	+	+	0	8250	8741	380896	381387	WP_127082568.1#31	NZ_VLKB01000009.1	GCF_007830875.1
WP_127082560.1#31|Dulcicalothrix_desertica_PCC_7102	447	+	-	0	8871	9317	381517	381963	WP_019489390.1#31	NZ_VLKB01000009.1	GCF_007830875.1



WP_229750147.1#22|Paenibacillus_nasutitermitis	693	-	-	0	-8544	-7852	2033299	2033991	WP_188990999.1#22	NZ_BMHP01000001.1	GCF_014641075.1
WP_229750147.1#22|Paenibacillus_nasutitermitis	870	-	-	0	-7689	-6820	2032267	2033136	WP_188990997.1#22	NZ_BMHP01000001.1	GCF_014641075.1
WP_229750147.1#22|Paenibacillus_nasutitermitis	597	-	-	0	-6475	-5879	2031326	2031922	WP_188990995.1#22	NZ_BMHP01000001.1	GCF_014641075.1
WP_229750147.1#22|Paenibacillus_nasutitermitis	786	-	-	14	-5691	-4906	2030353	2031138	WP_188990993.1#22	NZ_BMHP01000001.1	GCF_014641075.1
WP_229750147.1#22|Paenibacillus_nasutitermitis	1020	-	-	0	-4859	-3840	2029287	2030306	WP_188990992.1#22	NZ_BMHP01000001.1	GCF_014641075.1
WP_229750147.1#22|Paenibacillus_nasutitermitis	696	-	-	36	-3723	-3028	2028475	2029170	WP_268239490.1#22	NZ_BMHP01000001.1	GCF_014641075.1
WP_229750147.1#22|Paenibacillus_nasutitermitis	357	-	-	31	-2649	-2293	2027740	2028096	WP_229750148.1#22	NZ_BMHP01000001.1	GCF_014641075.1
WP_229750147.1#22|Paenibacillus_nasutitermitis	663	-	-	0	-2079	-1417	2026864	2027526	WP_188990988.1#22	NZ_BMHP01000001.1	GCF_014641075.1
WP_229750147.1#22|Paenibacillus_nasutitermitis	633	-	-	0	-1345	-713	2026160	2026792	WP_188990986.1#22	NZ_BMHP01000001.1	GCF_014641075.1
WP_229750147.1#22|Paenibacillus_nasutitermitis	327	-	-	0	-713	-387	2025834	2026160	WP_188990984.1#22	NZ_BMHP01000001.1	GCF_014641075.1
WP_229750147.1#22|Paenibacillus_nasutitermitis	2109	-	+	56	1	2109	2023338	2025446	WP_229750147.1#22	NZ_BMHP01000001.1	GCF_014641075.1
WP_229750147.1#22|Paenibacillus_nasutitermitis	501	-	+	1	2126	2626	2022821	2023321	WP_188990982.1#22	NZ_BMHP01000001.1	GCF_014641075.1
WP_229750147.1#22|Paenibacillus_nasutitermitis	918	-	-	0	2714	3631	2021816	2022733	WP_188990980.1#22	NZ_BMHP01000001.1	GCF_014641075.1
WP_229750147.1#22|Paenibacillus_nasutitermitis	1956	-	-	0	3839	5794	2019653	2021608	WP_188990978.1#22	NZ_BMHP01000001.1	GCF_014641075.1
WP_229750147.1#22|Paenibacillus_nasutitermitis	1227	-	-	0	6042	7268	2018179	2019405	WP_188990976.1#22	NZ_BMHP01000001.1	GCF_014641075.1
WP_229750147.1#22|Paenibacillus_nasutitermitis	447	-	-	0	7314	7760	2017687	2018133	WP_188990974.1#22	NZ_BMHP01000001.1	GCF_014641075.1
WP_229750147.1#22|Paenibacillus_nasutitermitis	489	-	-	0	7917	8405	2017042	2017530	WP_188990972.1#22	NZ_BMHP01000001.1	GCF_014641075.1
WP_229750147.1#22|Paenibacillus_nasutitermitis	1287	-	+	26	8602	9888	2015559	2016845	WP_188990970.1#22	NZ_BMHP01000001.1	GCF_014641075.1
WP_229750147.1#22|Paenibacillus_nasutitermitis	225	-	+	0	9960	10184	2015263	2015487	WP_188990968.1#22	NZ_BMHP01000001.1	GCF_014641075.1
WP_229750147.1#22|Paenibacillus_nasutitermitis	762	-	-	0	10189	10950	2014497	2015258	WP_188990966.1#22	NZ_BMHP01000001.1	GCF_014641075.1
WP_229750147.1#22|Paenibacillus_nasutitermitis	1089	-	-	17	11490	12578	2012869	2013957	WP_188990964.1#22	NZ_BMHP01000001.1	GCF_014641075.1



WP_312880615.1#21|Paenibacillus_phytorum	1293	-	-	0	-10367	-9075	12069	13361	WP_171649577.1#21	NZ_WHOA01000256.1	GCF_013141715.1
WP_312880615.1#21|Paenibacillus_phytorum	267	-	+	0	-8164	-7898	10892	11158	WP_171649576.1#21	NZ_WHOA01000256.1	GCF_013141715.1
WP_312880615.1#21|Paenibacillus_phytorum	705	-	-	0	-6772	-6068	9062	9766	WP_171649575.1#21	NZ_WHOA01000256.1	GCF_013141715.1
WP_312880615.1#21|Paenibacillus_phytorum	357	-	+	0	-5711	-5355	8349	8705	WP_171649574.1#21	NZ_WHOA01000256.1	GCF_013141715.1
WP_312880615.1#21|Paenibacillus_phytorum	399	-	+	0	-5059	-4661	7655	8053	WP_171649573.1#21	NZ_WHOA01000256.1	GCF_013141715.1
WP_312880615.1#21|Paenibacillus_phytorum	2295	-	+	30	-3794	-1500	4494	6788	WP_171649572.1#21	NZ_WHOA01000256.1	GCF_013141715.1
WP_312880615.1#21|Paenibacillus_phytorum	2211	-	+	56	1	2211	783	2993	WP_312880615.1#21	NZ_WHOA01000256.1	GCF_013141715.1
WP_312880615.1#21|Paenibacillus_phytorum	501	-	+	1	2227	2727	267	767	WP_171649571.1#21	NZ_WHOA01000256.1	GCF_013141715.1



WP_258389482.1#24|Paenibacillus_spongiae	1419	+	+	32	-11541	-10123	3711964	3713382	WP_258389473.1#24	NZ_CP091430.1	GCF_024734895.1
WP_258389482.1#24|Paenibacillus_spongiae	1266	+	+	0	-9925	-8660	3713580	3714845	WP_258389474.1#24	NZ_CP091430.1	GCF_024734895.1
WP_258389482.1#24|Paenibacillus_spongiae	693	+	+	5	-8199	-7507	3715306	3715998	WP_258389475.1#24	NZ_CP091430.1	GCF_024734895.1
WP_258389482.1#24|Paenibacillus_spongiae	924	+	+	7	-7425	-6502	3716080	3717003	WP_258389476.1#24	NZ_CP091430.1	GCF_024734895.1
WP_258389482.1#24|Paenibacillus_spongiae	750	+	+	0	-6509	-5760	3716996	3717745	WP_258389477.1#24	NZ_CP091430.1	GCF_024734895.1
WP_258389482.1#24|Paenibacillus_spongiae	906	+	+	38	-5748	-4843	3717757	3718662	WP_309252403.1#24	NZ_CP091430.1	GCF_024734895.1
WP_258389482.1#24|Paenibacillus_spongiae	576	+	-	0	-4765	-4190	3718740	3719315	WP_258389478.1#24	NZ_CP091430.1	GCF_024734895.1
WP_258389482.1#24|Paenibacillus_spongiae	1650	+	+	19	-4026	-2377	3719479	3721128	WP_258389479.1#24	NZ_CP091430.1	GCF_024734895.1
WP_258389482.1#24|Paenibacillus_spongiae	459	+	+	0	-2219	-1761	3721286	3721744	WP_258389480.1#24	NZ_CP091430.1	GCF_024734895.1
WP_258389482.1#24|Paenibacillus_spongiae	1428	+	+	0	-1673	-246	3721832	3723259	WP_258389481.1#24	NZ_CP091430.1	GCF_024734895.1
WP_258389482.1#24|Paenibacillus_spongiae	2091	+	+	56	1	2091	3723506	3725596	WP_258389482.1#24	NZ_CP091430.1	GCF_024734895.1
WP_258389482.1#24|Paenibacillus_spongiae	504	+	+	1	2107	2610	3725612	3726115	WP_258389483.1#24	NZ_CP091430.1	GCF_024734895.1
WP_258389482.1#24|Paenibacillus_spongiae	1227	+	+	0	2991	4217	3726496	3727722	WP_258389484.1#24	NZ_CP091430.1	GCF_024734895.1
WP_258389482.1#24|Paenibacillus_spongiae	570	+	+	5	4301	4870	3727806	3728375	WP_258389485.1#24	NZ_CP091430.1	GCF_024734895.1
WP_258389482.1#24|Paenibacillus_spongiae	1455	+	-	38	4862	6316	3728367	3729821	WP_258389486.1#24	NZ_CP091430.1	GCF_024734895.1
WP_258389482.1#24|Paenibacillus_spongiae	339	+	+	0	6542	6880	3730047	3730385	WP_258389487.1#24	NZ_CP091430.1	GCF_024734895.1
WP_258389482.1#24|Paenibacillus_spongiae	1641	+	+	0	6873	8513	3730378	3732018	WP_258389488.1#24	NZ_CP091430.1	GCF_024734895.1
WP_258389482.1#24|Paenibacillus_spongiae	1425	+	+	0	8755	10179	3732260	3733684	WP_258389489.1#24	NZ_CP091430.1	GCF_024734895.1
WP_258389482.1#24|Paenibacillus_spongiae	654	+	-	0	10346	10999	3733851	3734504	WP_258389490.1#24	NZ_CP091430.1	GCF_024734895.1
WP_258389482.1#24|Paenibacillus_spongiae	567	+	-	0	11221	11787	3734726	3735292	WP_258389491.1#24	NZ_CP091430.1	GCF_024734895.1
WP_258389482.1#24|Paenibacillus_spongiae	474	+	+	0	12179	12652	3735684	3736157	WP_258389492.1#24	NZ_CP091430.1	GCF_024734895.1



WP_262683714.1#20|Paenibacillus_baimaensis	843	+	+	0	-19225	-18383	160722	161564	WP_076236233.1#20	NZ_JAOQIO010000022.1	GCF_025567575.1
WP_262683714.1#20|Paenibacillus_baimaensis	1737	+	+	0	-18279	-16543	161668	163404	WP_262683705.1#20	NZ_JAOQIO010000022.1	GCF_025567575.1
WP_262683714.1#20|Paenibacillus_baimaensis	1584	+	+	5	-16517	-14934	163430	165013	WP_262683706.1#20	NZ_JAOQIO010000022.1	GCF_025567575.1
WP_262683714.1#20|Paenibacillus_baimaensis	1332	+	+	0	-14844	-13513	165103	166434	WP_262683707.1#20	NZ_JAOQIO010000022.1	GCF_025567575.1
WP_262683714.1#20|Paenibacillus_baimaensis	1014	+	+	0	-13484	-12471	166463	167476	WP_262683708.1#20	NZ_JAOQIO010000022.1	GCF_025567575.1
WP_262683714.1#20|Paenibacillus_baimaensis	1101	+	+	0	-12381	-11281	167566	168666	WP_262683709.1#20	NZ_JAOQIO010000022.1	GCF_025567575.1
WP_262683714.1#20|Paenibacillus_baimaensis	6870	+	+	30	-10584	-3715	169363	176232	WP_262683710.1#20	NZ_JAOQIO010000022.1	GCF_025567575.1
WP_262683714.1#20|Paenibacillus_baimaensis	927	+	+	31	-3524	-2598	176423	177349	WP_262683711.1#20	NZ_JAOQIO010000022.1	GCF_025567575.1
WP_262683714.1#20|Paenibacillus_baimaensis	315	+	-	0	-2389	-2075	177558	177872	WP_262683712.1#20	NZ_JAOQIO010000022.1	GCF_025567575.1
WP_262683714.1#20|Paenibacillus_baimaensis	708	+	+	0	-1316	-609	178631	179338	WP_262683713.1#20	NZ_JAOQIO010000022.1	GCF_025567575.1
WP_262683714.1#20|Paenibacillus_baimaensis	2208	+	+	56	1	2208	179948	182155	WP_262683714.1#20	NZ_JAOQIO010000022.1	GCF_025567575.1
WP_262683714.1#20|Paenibacillus_baimaensis	501	+	+	1	2224	2724	182171	182671	WP_262683715.1#20	NZ_JAOQIO010000022.1	GCF_025567575.1
WP_262683714.1#20|Paenibacillus_baimaensis	1356	+	+	0	2905	4260	182852	184207	WP_262683716.1#20	NZ_JAOQIO010000022.1	GCF_025567575.1
WP_262683714.1#20|Paenibacillus_baimaensis	531	+	+	0	4431	4961	184378	184908	WP_262683717.1#20	NZ_JAOQIO010000022.1	GCF_025567575.1
WP_262683714.1#20|Paenibacillus_baimaensis	1644	+	+	32	5288	6931	185235	186878	WP_262683719.1#20	NZ_JAOQIO010000022.1	GCF_025567575.1
WP_262683714.1#20|Paenibacillus_baimaensis	1401	+	+	0	7000	8400	186947	188347	WP_262683720.1#20	NZ_JAOQIO010000022.1	GCF_025567575.1
WP_262683714.1#20|Paenibacillus_baimaensis	975	+	+	0	8451	9425	188398	189372	WP_262683721.1#20	NZ_JAOQIO010000022.1	GCF_025567575.1
WP_262683714.1#20|Paenibacillus_baimaensis	2289	+	+	0	9685	11973	189632	191920	WP_262683722.1#20	NZ_JAOQIO010000022.1	GCF_025567575.1
WP_262683714.1#20|Paenibacillus_baimaensis	1116	+	+	0	12249	13364	192196	193311	WP_262683723.1#20	NZ_JAOQIO010000022.1	GCF_025567575.1
WP_262683714.1#20|Paenibacillus_baimaensis	489	+	+	33	13411	13899	193358	193846	WP_262683724.1#20	NZ_JAOQIO010000022.1	GCF_025567575.1
WP_262683714.1#20|Paenibacillus_baimaensis	177	+	-	0	13890	14066	193837	194013	WP_262683725.1#20	NZ_JAOQIO010000022.1	GCF_025567575.1



WP_312895026.1#26|Paenibacillus_eucommiae	786	+	-	0	-9233	-8448	15164	15949	WP_209979406.1#26	NZ_JAGGLB010000055.1	GCF_017874215.1
WP_312895026.1#26|Paenibacillus_eucommiae	477	+	+	0	-8097	-7621	16300	16776	WP_209979408.1#26	NZ_JAGGLB010000055.1	GCF_017874215.1
WP_312895026.1#26|Paenibacillus_eucommiae	411	+	+	0	-7476	-7066	16921	17331	WP_209979410.1#26	NZ_JAGGLB010000055.1	GCF_017874215.1
WP_312895026.1#26|Paenibacillus_eucommiae	462	+	-	0	-6727	-6266	17670	18131	WP_376774563.1#26	NZ_JAGGLB010000055.1	GCF_017874215.1
WP_312895026.1#26|Paenibacillus_eucommiae	546	+	-	0	-6233	-5688	18164	18709	WP_209979462.1#26	NZ_JAGGLB010000055.1	GCF_017874215.1
WP_312895026.1#26|Paenibacillus_eucommiae	948	+	-	0	-5622	-4675	18775	19722	WP_209979412.1#26	NZ_JAGGLB010000055.1	GCF_017874215.1
WP_312895026.1#26|Paenibacillus_eucommiae	534	+	-	0	-3907	-3374	20490	21023	WP_209979414.1#26	NZ_JAGGLB010000055.1	GCF_017874215.1
WP_312895026.1#26|Paenibacillus_eucommiae	468	+	-	0	-2273	-1806	22124	22591	WP_209979415.1#26	NZ_JAGGLB010000055.1	GCF_017874215.1
WP_312895026.1#26|Paenibacillus_eucommiae	135	+	-	0	-1056	-922	23341	23475	WP_281068946.1#26	NZ_JAGGLB010000055.1	GCF_017874215.1
WP_312895026.1#26|Paenibacillus_eucommiae	258	+	-	15	-792	-535	23605	23862	WP_209979417.1#26	NZ_JAGGLB010000055.1	GCF_017874215.1
WP_312895026.1#26|Paenibacillus_eucommiae	2139	+	+	56	1	2139	24398	26536	WP_312895026.1#26	NZ_JAGGLB010000055.1	GCF_017874215.1
WP_312895026.1#26|Paenibacillus_eucommiae	501	+	+	1	2155	2655	26552	27052	WP_209979418.1#26	NZ_JAGGLB010000055.1	GCF_017874215.1
WP_312895026.1#26|Paenibacillus_eucommiae	492	+	-	0	3514	4005	27911	28402	WP_209979420.1#26	NZ_JAGGLB010000055.1	GCF_017874215.1
WP_312895026.1#26|Paenibacillus_eucommiae	552	+	-	15	4637	5188	29034	29585	WP_209979422.1#26	NZ_JAGGLB010000055.1	GCF_017874215.1
WP_312895026.1#26|Paenibacillus_eucommiae	468	+	-	0	5527	5994	29924	30391	WP_209979465.1#26	NZ_JAGGLB010000055.1	GCF_017874215.1
WP_312895026.1#26|Paenibacillus_eucommiae	339	+	-	0	6068	6406	30465	30803	WP_209979467.1#26	NZ_JAGGLB010000055.1	GCF_017874215.1
WP_312895026.1#26|Paenibacillus_eucommiae	624	+	-	0	6406	7029	30803	31426	WP_209979425.1#26	NZ_JAGGLB010000055.1	GCF_017874215.1
WP_312895026.1#26|Paenibacillus_eucommiae	570	+	-	15	7295	7864	31692	32261	WP_209979426.1#26	NZ_JAGGLB010000055.1	GCF_017874215.1
WP_312895026.1#26|Paenibacillus_eucommiae	147	+	-	0	7960	8106	32357	32503	WP_209979428.1#26	NZ_JAGGLB010000055.1	GCF_017874215.1
WP_312895026.1#26|Paenibacillus_eucommiae	795	+	-	0	8111	8905	32508	33302	WP_209979430.1#26	NZ_JAGGLB010000055.1	GCF_017874215.1
WP_312895026.1#26|Paenibacillus_eucommiae	558	+	-	0	9431	9988	33828	34385	WP_209979432.1#26	NZ_JAGGLB010000055.1	GCF_017874215.1



WP_301253529.1#16|Erwinia_sp__PsM31	351	-	-	4	-5790	-5440	7373	7723	WP_301253535.1#16	NZ_JARUWZ010000050.1	GCF_030433775.1
WP_301253529.1#16|Erwinia_sp__PsM31	243	-	-	58	-5368	-5126	7059	7301	pseudogene_16.21*#16	NZ_JARUWZ010000050.1	GCF_030433775.1
WP_301253529.1#16|Erwinia_sp__PsM31	1050	-	+	37	-5206	-4157	6090	7139	WP_301253533.1#16	NZ_JARUWZ010000050.1	GCF_030433775.1
WP_301253529.1#16|Erwinia_sp__PsM31	279	-	+	0	-4100	-3822	5755	6033	WP_301253532.1#16	NZ_JARUWZ010000050.1	GCF_030433775.1
WP_301253529.1#16|Erwinia_sp__PsM31	240	-	+	0	-3825	-3586	5519	5758	WP_301253531.1#16	NZ_JARUWZ010000050.1	GCF_030433775.1
WP_301253529.1#16|Erwinia_sp__PsM31	210	-	+	58	-2683	-2474	4407	4616	pseudogene_16.4*#16	NZ_JARUWZ010000050.1	GCF_030433775.1
WP_301253529.1#16|Erwinia_sp__PsM31	552	-	+	2	-2383	-1832	3765	4316	WP_301253530.1#16	NZ_JARUWZ010000050.1	GCF_030433775.1
WP_301253529.1#16|Erwinia_sp__PsM31	225	-	+	41	-1835	-1611	3544	3768	WP_367317874.1#16	NZ_JARUWZ010000050.1	GCF_030433775.1
WP_301253529.1#16|Erwinia_sp__PsM31	484	-	+	58	-1557	-1074	3007	3490	pseudogene_16.11*#16	NZ_JARUWZ010000050.1	GCF_030433775.1
WP_301253529.1#16|Erwinia_sp__PsM31	366	-	+	18	-445	-80	2013	2378	WP_089414322.1#16	NZ_JARUWZ010000050.1	GCF_030433775.1
WP_301253529.1#16|Erwinia_sp__PsM31	867	-	+	56	1	867	1066	1932	WP_301253529.1#16	NZ_JARUWZ010000050.1	GCF_030433775.1
WP_301253529.1#16|Erwinia_sp__PsM31	474	-	+	1	864	1337	596	1069	WP_301253528.1#16	NZ_JARUWZ010000050.1	GCF_030433775.1



WP_149288933.1#30|Kosakonia_radicincitans	93	-	+	0	-5260	-5168	3555141	3555233	WP_418766854.1#30	NZ_CP040392.1	GCF_008330085.1
WP_149288933.1#30|Kosakonia_radicincitans	288	-	+	0	-5193	-4906	3554879	3555166	WP_149288937.1#30	NZ_CP040392.1	GCF_008330085.1
WP_149288933.1#30|Kosakonia_radicincitans	279	-	+	0	-4787	-4509	3554482	3554760	WP_149288936.1#30	NZ_CP040392.1	GCF_008330085.1
WP_149288933.1#30|Kosakonia_radicincitans	352	-	+	58	-4337	-3986	3553959	3554310	pseudogene_30.8*#30	NZ_CP040392.1	GCF_008330085.1
WP_149288933.1#30|Kosakonia_radicincitans	360	-	+	0	-3810	-3451	3553424	3553783	WP_071920590.1#30	NZ_CP040392.1	GCF_008330085.1
WP_149288933.1#30|Kosakonia_radicincitans	774	-	+	58	-3155	-2382	3552355	3553128	pseudogene_30.15*#30	NZ_CP040392.1	GCF_008330085.1
WP_149288933.1#30|Kosakonia_radicincitans	195	-	+	28	-2385	-2191	3552164	3552358	WP_071920592.1#30	NZ_CP040392.1	GCF_008330085.1
WP_149288933.1#30|Kosakonia_radicincitans	654	-	+	29	-1730	-1077	3551050	3551703	WP_149288934.1#30	NZ_CP040392.1	GCF_008330085.1
WP_149288933.1#30|Kosakonia_radicincitans	366	-	+	18	-1068	-703	3550676	3551041	WP_035886424.1#30	NZ_CP040392.1	GCF_008330085.1
WP_149288933.1#30|Kosakonia_radicincitans	297	-	+	10	-603	-307	3550280	3550576	WP_139201264.1#30	NZ_CP040392.1	GCF_008330085.1
WP_149288933.1#30|Kosakonia_radicincitans	1386	-	+	56	1	1386	3548587	3549972	WP_149288933.1#30	NZ_CP040392.1	GCF_008330085.1
WP_149288933.1#30|Kosakonia_radicincitans	480	-	+	1	1541	2020	3547953	3548432	WP_007374272.1#30	NZ_CP040392.1	GCF_008330085.1
WP_149288933.1#30|Kosakonia_radicincitans	528	-	+	0	2468	2995	3546978	3547505	WP_072441413.1#30	NZ_CP040392.1	GCF_008330085.1
WP_149288933.1#30|Kosakonia_radicincitans	156	-	+	28	3217	3372	3546601	3546756	WP_244156975.1#30	NZ_CP040392.1	GCF_008330085.1
WP_149288933.1#30|Kosakonia_radicincitans	1305	-	+	0	3551	4855	3545118	3546422	WP_051643980.1#30	NZ_CP040392.1	GCF_008330085.1
WP_149288933.1#30|Kosakonia_radicincitans	966	-	-	0	4959	5924	3544049	3545014	WP_149288932.1#30	NZ_CP040392.1	GCF_008330085.1
WP_149288933.1#30|Kosakonia_radicincitans	1038	-	-	0	5933	6970	3543003	3544040	WP_007374276.1#30	NZ_CP040392.1	GCF_008330085.1
WP_149288933.1#30|Kosakonia_radicincitans	921	-	+	13	7096	8016	3541957	3542877	WP_007374277.1#30	NZ_CP040392.1	GCF_008330085.1
WP_149288933.1#30|Kosakonia_radicincitans	1155	-	-	0	8008	9162	3540811	3541965	WP_149288931.1#30	NZ_CP040392.1	GCF_008330085.1
WP_149288933.1#30|Kosakonia_radicincitans	1383	-	+	26	9431	10813	3539160	3540542	WP_149288930.1#30	NZ_CP040392.1	GCF_008330085.1
WP_149288933.1#30|Kosakonia_radicincitans	501	-	+	0	10791	11291	3538682	3539182	WP_035886241.1#30	NZ_CP040392.1	GCF_008330085.1



WP_302467655.1#10|Pseudomonas_muyukensis	201	-	+	0	-23202	-23002	4261221	4261421	WP_217848591.1#10	NZ_CP077073.1	GCF_019139535.1
WP_302467655.1#10|Pseudomonas_muyukensis	1815	-	+	7	-22678	-20864	4259083	4260897	WP_217848590.1#10	NZ_CP077073.1	GCF_019139535.1
WP_302467655.1#10|Pseudomonas_muyukensis	1185	-	-	19	-20765	-19581	4257800	4258984	WP_367616929.1#10	NZ_CP077073.1	GCF_019139535.1
WP_302467655.1#10|Pseudomonas_muyukensis	768	-	-	0	-19384	-18617	4256836	4257603	WP_374119874.1#10	NZ_CP077073.1	GCF_019139535.1
WP_302467655.1#10|Pseudomonas_muyukensis	1086	-	-	58	-18529	-17444	4255663	4256748	pseudogene_10.3*#10	NZ_CP077073.1	GCF_019139535.1
WP_302467655.1#10|Pseudomonas_muyukensis	1731	-	+	3	-17128	-15398	4253617	4255347	WP_217848587.1#10	NZ_CP077073.1	GCF_019139535.1
WP_302467655.1#10|Pseudomonas_muyukensis	13197	-	+	2	-15370	-2174	4240393	4253589	WP_217848586.1#10	NZ_CP077073.1	GCF_019139535.1
WP_302467655.1#10|Pseudomonas_muyukensis	486	-	+	16	-2177	-1692	4239911	4240396	WP_217848584.1#10	NZ_CP077073.1	GCF_019139535.1
WP_302467655.1#10|Pseudomonas_muyukensis	492	-	+	16	-1665	-1174	4239393	4239884	WP_217848582.1#10	NZ_CP077073.1	GCF_019139535.1
WP_302467655.1#10|Pseudomonas_muyukensis	720	-	-	0	-1023	-304	4238523	4239242	WP_437179558.1#10	NZ_CP077073.1	GCF_019139535.1
WP_302467655.1#10|Pseudomonas_muyukensis	1638	-	+	56	1	1638	4236581	4238218	WP_302467655.1#10	NZ_CP077073.1	GCF_019139535.1
WP_302467655.1#10|Pseudomonas_muyukensis	501	-	+	1	1647	2147	4236072	4236572	WP_217848578.1#10	NZ_CP077073.1	GCF_019139535.1
WP_302467655.1#10|Pseudomonas_muyukensis	552	-	+	0	2811	3362	4234857	4235408	WP_217848576.1#10	NZ_CP077073.1	GCF_019139535.1
WP_302467655.1#10|Pseudomonas_muyukensis	399	-	+	0	3545	3943	4234276	4234674	WP_217848574.1#10	NZ_CP077073.1	GCF_019139535.1
WP_302467655.1#10|Pseudomonas_muyukensis	2211	-	+	27	4091	6301	4231918	4234128	WP_217848573.1#10	NZ_CP077073.1	GCF_019139535.1
WP_302467655.1#10|Pseudomonas_muyukensis	1365	-	-	0	6925	8289	4229930	4231294	WP_217848572.1#10	NZ_CP077073.1	GCF_019139535.1
WP_302467655.1#10|Pseudomonas_muyukensis	450	-	-	0	8365	8814	4229405	4229854	WP_217848571.1#10	NZ_CP077073.1	GCF_019139535.1
WP_302467655.1#10|Pseudomonas_muyukensis	435	-	-	0	8830	9264	4228955	4229389	WP_217848570.1#10	NZ_CP077073.1	GCF_019139535.1
WP_302467655.1#10|Pseudomonas_muyukensis	1677	-	-	6	9267	10943	4227276	4228952	WP_217848569.1#10	NZ_CP077073.1	GCF_019139535.1
WP_302467655.1#10|Pseudomonas_muyukensis	927	-	-	0	10955	11881	4226338	4227264	WP_225935530.1#10	NZ_CP077073.1	GCF_019139535.1
WP_302467655.1#10|Pseudomonas_muyukensis	477	-	-	0	11994	12470	4225749	4226225	WP_225935529.1#10	NZ_CP077073.1	GCF_019139535.1



WP_275899373.1#6|Pectobacterium_brasiliense	192	-	+	0	-12648	-12457	4159710	4159901	WP_010681704.1#6	NZ_CP047495.1	GCF_009873295.1
WP_275899373.1#6|Pectobacterium_brasiliense	348	-	+	0	-12464	-12117	4159370	4159717	WP_010681705.1#6	NZ_CP047495.1	GCF_009873295.1
WP_275899373.1#6|Pectobacterium_brasiliense	1071	-	+	0	-11972	-10902	4158155	4159225	WP_010681706.1#6	NZ_CP047495.1	GCF_009873295.1
WP_275899373.1#6|Pectobacterium_brasiliense	459	-	+	0	-10591	-10133	4157386	4157844	WP_010681708.1#6	NZ_CP047495.1	GCF_009873295.1
WP_275899373.1#6|Pectobacterium_brasiliense	324	-	-	0	-10005	-9682	4156935	4157258	WP_010681709.1#6	NZ_CP047495.1	GCF_009873295.1
WP_275899373.1#6|Pectobacterium_brasiliense	1431	-	-	0	-9680	-8250	4155503	4156933	WP_010681710.1#6	NZ_CP047495.1	GCF_009873295.1
WP_275899373.1#6|Pectobacterium_brasiliense	4884	-	+	0	-8076	-3193	4150446	4155329	WP_010681711.1#6	NZ_CP047495.1	GCF_009873295.1
WP_275899373.1#6|Pectobacterium_brasiliense	423	-	+	0	-3157	-2735	4149988	4150410	WP_010681712.1#6	NZ_CP047495.1	GCF_009873295.1
WP_275899373.1#6|Pectobacterium_brasiliense	666	-	-	36	-2714	-2049	4149302	4149967	WP_010681714.1#6	NZ_CP047495.1	GCF_009873295.1
WP_275899373.1#6|Pectobacterium_brasiliense	1665	-	+	3	-1714	-50	4147303	4148967	WP_039319859.1#6	NZ_CP047495.1	GCF_009873295.1
WP_275899373.1#6|Pectobacterium_brasiliense	19455	-	+	56	1	19455	4127798	4147252	WP_275899373.1#6	NZ_CP047495.1	GCF_009873295.1
WP_275899373.1#6|Pectobacterium_brasiliense	498	-	+	1	19452	19949	4127304	4127801	WP_010287151.1#6	NZ_CP047495.1	GCF_009873295.1
WP_275899373.1#6|Pectobacterium_brasiliense	822	-	+	58	20093	20914	4126339	4127160	pseudogene_6.17*#6	NZ_CP047495.1	GCF_009873295.1
WP_275899373.1#6|Pectobacterium_brasiliense	258	-	+	20	21044	21301	4125952	4126209	WP_010287160.1#6	NZ_CP047495.1	GCF_009873295.1
WP_275899373.1#6|Pectobacterium_brasiliense	117	-	-	4	21369	21485	4125768	4125884	WP_010287166.1#6	NZ_CP047495.1	GCF_009873295.1
WP_275899373.1#6|Pectobacterium_brasiliense	78	-	+	58	21521	21598	4125655	4125732	pseudogene_6.7*#6	NZ_CP047495.1	GCF_009873295.1
WP_275899373.1#6|Pectobacterium_brasiliense	306	-	+	0	21762	22067	4125186	4125491	WP_010287179.1#6	NZ_CP047495.1	GCF_009873295.1
WP_275899373.1#6|Pectobacterium_brasiliense	1677	-	+	2	22239	23915	4123338	4125014	WP_057295753.1#6	NZ_CP047495.1	GCF_009873295.1
WP_275899373.1#6|Pectobacterium_brasiliense	420	-	+	0	23917	24336	4122917	4123336	WP_010285643.1#6	NZ_CP047495.1	GCF_009873295.1
WP_275899373.1#6|Pectobacterium_brasiliense	552	-	+	0	24470	25021	4122232	4122783	WP_010285646.1#6	NZ_CP047495.1	GCF_009873295.1
WP_275899373.1#6|Pectobacterium_brasiliense	384	-	+	0	25071	25454	4121799	4122182	WP_010285653.1#6	NZ_CP047495.1	GCF_009873295.1



WP_099074019.1#25|Proteus_alimentorum	489	-	+	2	-1451	-963	2207	2695	WP_164996128.1#25	NZ_CAWNQR010000007.1	GCF_963876675.1
WP_099074019.1#25|Proteus_alimentorum	135	-	+	2	-960	-826	2070	2204	WP_276307758.1#25	NZ_CAWNQR010000007.1	GCF_963876675.1
WP_099074019.1#25|Proteus_alimentorum	525	-	+	16	-829	-305	1549	2073	WP_240531511.1#25	NZ_CAWNQR010000007.1	GCF_963876675.1
WP_099074019.1#25|Proteus_alimentorum	108	-	-	58	-142	-35	1279	1386	pseudogene_25.16*#25	NZ_CAWNQR010000007.1	GCF_963876675.1
WP_099074019.1#25|Proteus_alimentorum	360	-	+	56	1	360	884	1243	WP_099074019.1#25	NZ_CAWNQR010000007.1	GCF_963876675.1
WP_099074019.1#25|Proteus_alimentorum	372	-	+	1	561	932	312	683	WP_129586842.1#25	NZ_CAWNQR010000007.1	GCF_963876675.1



WP_069368302.1#15|Proteus_vulgaris	843	+	-	0	-25771	-24929	1540226	1541068	WP_069368293.1#15	NZ_CP137920.1	GCF_033708015.1
WP_069368302.1#15|Proteus_vulgaris	1095	+	-	0	-24762	-23668	1541235	1542329	WP_171729924.1#15	NZ_CP137920.1	GCF_033708015.1
WP_069368302.1#15|Proteus_vulgaris	894	+	+	13	-23483	-22590	1542514	1543407	WP_069368295.1#15	NZ_CP137920.1	GCF_033708015.1
WP_069368302.1#15|Proteus_vulgaris	1488	+	+	12	-22471	-20984	1543526	1545013	WP_069368296.1#15	NZ_CP137920.1	GCF_033708015.1
WP_069368302.1#15|Proteus_vulgaris	1980	+	+	27	-20387	-18408	1545610	1547589	WP_069368297.1#15	NZ_CP137920.1	GCF_033708015.1
WP_069368302.1#15|Proteus_vulgaris	210	+	+	0	-17643	-17434	1548354	1548563	WP_074454084.1#15	NZ_CP137920.1	GCF_033708015.1
WP_069368302.1#15|Proteus_vulgaris	1380	+	+	12	-17444	-16065	1548553	1549932	WP_069368298.1#15	NZ_CP137920.1	GCF_033708015.1
WP_069368302.1#15|Proteus_vulgaris	1680	+	+	3	-15562	-13883	1550435	1552114	WP_286138882.1#15	NZ_CP137920.1	GCF_033708015.1
WP_069368302.1#15|Proteus_vulgaris	13281	+	+	2	-13801	-521	1552196	1565476	WP_318860041.1#15	NZ_CP137920.1	GCF_033708015.1
WP_069368302.1#15|Proteus_vulgaris	486	+	+	1	-508	-23	1565489	1565974	WP_069368301.1#15	NZ_CP137920.1	GCF_033708015.1
WP_069368302.1#15|Proteus_vulgaris	1020	+	+	56	1	1020	1565998	1567017	WP_069368302.1#15	NZ_CP137920.1	GCF_033708015.1
WP_069368302.1#15|Proteus_vulgaris	501	+	+	1	1004	1504	1567001	1567501	WP_069368303.1#15	NZ_CP137920.1	GCF_033708015.1
WP_069368302.1#15|Proteus_vulgaris	381	+	+	2	1719	2099	1567716	1568096	WP_069368304.1#15	NZ_CP137920.1	GCF_033708015.1
WP_069368302.1#15|Proteus_vulgaris	636	+	+	0	2149	2784	1568146	1568781	WP_069368305.1#15	NZ_CP137920.1	GCF_033708015.1
WP_069368302.1#15|Proteus_vulgaris	603	+	+	2	2933	3535	1568930	1569532	WP_171729925.1#15	NZ_CP137920.1	GCF_033708015.1
WP_069368302.1#15|Proteus_vulgaris	1026	+	+	2	3622	4647	1569619	1570644	WP_069368307.1#15	NZ_CP137920.1	GCF_033708015.1
WP_069368302.1#15|Proteus_vulgaris	966	+	+	39	4740	5705	1570737	1571702	WP_318860045.1#15	NZ_CP137920.1	GCF_033708015.1
WP_069368302.1#15|Proteus_vulgaris	234	+	+	0	6714	6947	1572711	1572944	WP_069369152.1#15	NZ_CP137920.1	GCF_033708015.1
WP_069368302.1#15|Proteus_vulgaris	366	+	+	0	7053	7418	1573050	1573415	WP_139151998.1#15	NZ_CP137920.1	GCF_033708015.1
WP_069368302.1#15|Proteus_vulgaris	291	+	+	39	7747	8037	1573744	1574034	WP_318860047.1#15	NZ_CP137920.1	GCF_033708015.1
WP_069368302.1#15|Proteus_vulgaris	1650	+	-	0	9068	10717	1575065	1576714	WP_069368100.1#15	NZ_CP137920.1	GCF_033708015.1



WP_435947351.1#2|Dryocola_mayonis	1213	+	-	58	-17727	-16515	946022	947234	pseudogene_2.20*#2	NZ_CP150452.1	GCF_051307045.1
WP_435947351.1#2|Dryocola_mayonis	690	+	+	5	-16332	-15643	947417	948106	WP_121265288.1#2	NZ_CP150452.1	GCF_051307045.1
WP_435947351.1#2|Dryocola_mayonis	1306	+	+	58	-15620	-14315	948129	949434	pseudogene_2.6*#2	NZ_CP150452.1	GCF_051307045.1
WP_435947351.1#2|Dryocola_mayonis	1323	+	+	0	-13863	-12541	949886	951208	WP_435947347.1#2	NZ_CP150452.1	GCF_051307045.1
WP_435947351.1#2|Dryocola_mayonis	1374	+	+	12	-12470	-11097	951279	952652	WP_435947348.1#2	NZ_CP150452.1	GCF_051307045.1
WP_435947351.1#2|Dryocola_mayonis	8938	+	+	58	-10744	-1807	953005	961942	pseudogene_2.18*#2	NZ_CP150452.1	GCF_051307045.1
WP_435947351.1#2|Dryocola_mayonis	228	+	+	58	-1389	-1162	962360	962587	pseudogene_2.0*#2	NZ_CP150452.1	GCF_051307045.1
WP_435947351.1#2|Dryocola_mayonis	270	+	+	0	-1165	-896	962584	962853	WP_435947349.1#2	NZ_CP150452.1	GCF_051307045.1
WP_435947351.1#2|Dryocola_mayonis	285	+	-	4	-829	-545	962920	963204	WP_435948244.1#2	NZ_CP150452.1	GCF_051307045.1
WP_435947351.1#2|Dryocola_mayonis	381	+	-	0	-366	14	963383	963763	WP_435947350.1#2	NZ_CP150452.1	GCF_051307045.1
WP_435947351.1#2|Dryocola_mayonis	1326	+	+	56	1	1326	963750	965075	WP_435947351.1#2	NZ_CP150452.1	GCF_051307045.1
WP_435947351.1#2|Dryocola_mayonis	486	+	+	1	1323	1808	965072	965557	WP_435947352.1#2	NZ_CP150452.1	GCF_051307045.1
WP_435947351.1#2|Dryocola_mayonis	516	+	+	58	2028	2543	965777	966292	pseudogene_2.16*#2	NZ_CP150452.1	GCF_051307045.1
WP_435947351.1#2|Dryocola_mayonis	297	+	+	0	2918	3214	966667	966963	WP_435947353.1#2	NZ_CP150452.1	GCF_051307045.1
WP_435947351.1#2|Dryocola_mayonis	273	+	-	4	3275	3547	967024	967296	WP_435947354.1#2	NZ_CP150452.1	GCF_051307045.1
WP_435947351.1#2|Dryocola_mayonis	1818	+	+	0	4226	6043	967975	969792	WP_435947355.1#2	NZ_CP150452.1	GCF_051307045.1
WP_435947351.1#2|Dryocola_mayonis	603	+	-	0	6118	6720	969867	970469	WP_121265297.1#2	NZ_CP150452.1	GCF_051307045.1
WP_435947351.1#2|Dryocola_mayonis	582	+	-	0	6921	7502	970670	971251	WP_435947356.1#2	NZ_CP150452.1	GCF_051307045.1
WP_435947351.1#2|Dryocola_mayonis	1072	+	+	58	7607	8678	971356	972427	pseudogene_2.9*#2	NZ_CP150452.1	GCF_051307045.1
WP_435947351.1#2|Dryocola_mayonis	1128	+	+	0	8760	9887	972509	973636	WP_435947357.1#2	NZ_CP150452.1	GCF_051307045.1
WP_435947351.1#2|Dryocola_mayonis	333	+	+	0	9909	10241	973658	973990	WP_121265305.1#2	NZ_CP150452.1	GCF_051307045.1



WP_223851237.1#3|Citrobacter_werkmanii	1452	+	+	0	-13914	-12463	1362059	1363510	WP_042310272.1#3	NZ_CP044101.1	GCF_008693645.1
WP_223851237.1#3|Citrobacter_werkmanii	1887	+	+	6	-12422	-10536	1363551	1365437	WP_150344717.1#3	NZ_CP044101.1	GCF_008693645.1
WP_223851237.1#3|Citrobacter_werkmanii	273	+	-	0	-10489	-10217	1365484	1365756	WP_038637992.1#3	NZ_CP044101.1	GCF_008693645.1
WP_223851237.1#3|Citrobacter_werkmanii	1254	+	-	0	-10061	-8808	1365912	1367165	WP_069323906.1#3	NZ_CP044101.1	GCF_008693645.1
WP_223851237.1#3|Citrobacter_werkmanii	3078	+	-	0	-8750	-5673	1367223	1370300	WP_150344718.1#3	NZ_CP044101.1	GCF_008693645.1
WP_223851237.1#3|Citrobacter_werkmanii	1092	+	-	0	-5551	-4460	1370422	1371513	WP_141700239.1#3	NZ_CP044101.1	GCF_008693645.1
WP_223851237.1#3|Citrobacter_werkmanii	606	+	+	0	-4304	-3699	1371669	1372274	WP_038638003.1#3	NZ_CP044101.1	GCF_008693645.1
WP_223851237.1#3|Citrobacter_werkmanii	951	+	-	5	-3702	-2752	1372271	1373221	WP_150344719.1#3	NZ_CP044101.1	GCF_008693645.1
WP_223851237.1#3|Citrobacter_werkmanii	777	+	-	0	-2733	-1957	1373240	1374016	WP_121528656.1#3	NZ_CP044101.1	GCF_008693645.1
WP_223851237.1#3|Citrobacter_werkmanii	1638	+	+	3	-1649	-12	1374324	1375961	WP_223851245.1#3	NZ_CP044101.1	GCF_008693645.1
WP_223851237.1#3|Citrobacter_werkmanii	12057	+	+	56	1	12057	1375974	1388030	WP_223851237.1#3	NZ_CP044101.1	GCF_008693645.1
WP_223851237.1#3|Citrobacter_werkmanii	486	+	+	1	12054	12539	1388027	1388512	WP_101700592.1#3	NZ_CP044101.1	GCF_008693645.1
WP_223851237.1#3|Citrobacter_werkmanii	162	+	+	0	12724	12885	1388697	1388858	WP_190971860.1#3	NZ_CP044101.1	GCF_008693645.1
WP_223851237.1#3|Citrobacter_werkmanii	246	+	+	0	13328	13573	1389301	1389546	WP_069323914.1#3	NZ_CP044101.1	GCF_008693645.1
WP_223851237.1#3|Citrobacter_werkmanii	477	+	+	0	13660	14136	1389633	1390109	WP_038638021.1#3	NZ_CP044101.1	GCF_008693645.1
WP_223851237.1#3|Citrobacter_werkmanii	717	+	+	0	14519	15235	1390492	1391208	WP_038638023.1#3	NZ_CP044101.1	GCF_008693645.1
WP_223851237.1#3|Citrobacter_werkmanii	858	+	-	0	15350	16207	1391323	1392180	WP_069323915.1#3	NZ_CP044101.1	GCF_008693645.1
WP_223851237.1#3|Citrobacter_werkmanii	813	+	-	0	16376	17188	1392349	1393161	WP_051594508.1#3	NZ_CP044101.1	GCF_008693645.1
WP_223851237.1#3|Citrobacter_werkmanii	1665	+	+	0	17379	19043	1393352	1395016	WP_137351108.1#3	NZ_CP044101.1	GCF_008693645.1
WP_223851237.1#3|Citrobacter_werkmanii	945	+	+	0	19045	19989	1395018	1395962	WP_150344721.1#3	NZ_CP044101.1	GCF_008693645.1
WP_223851237.1#3|Citrobacter_werkmanii	867	+	+	0	20018	20884	1395991	1396857	WP_069323918.1#3	NZ_CP044101.1	GCF_008693645.1



WP_041164677.1#13|Dickeya_parazeae_Ech586	258	-	+	20	-10212	-9955	4537642	4537899	WP_012886573.1#13	NC_013592.1	GCF_000025065.1
WP_041164677.1#13|Dickeya_parazeae_Ech586	3261	-	+	2	-9912	-6652	4534339	4537599	WP_012886572.1#13	NC_013592.1	GCF_000025065.1
WP_041164677.1#13|Dickeya_parazeae_Ech586	348	-	+	10	-6649	-6302	4533989	4534336	WP_012886571.1#13	NC_013592.1	GCF_000025065.1
WP_041164677.1#13|Dickeya_parazeae_Ech586	555	-	+	0	-5992	-5438	4533125	4533679	WP_012886569.1#13	NC_013592.1	GCF_000025065.1
WP_041164677.1#13|Dickeya_parazeae_Ech586	321	-	-	9	-5138	-4818	4532505	4532825	WP_012886568.1#13	NC_013592.1	GCF_000025065.1
WP_041164677.1#13|Dickeya_parazeae_Ech586	258	-	+	21	-4719	-4462	4532149	4532406	WP_012886567.1#13	NC_013592.1	GCF_000025065.1
WP_041164677.1#13|Dickeya_parazeae_Ech586	333	-	-	9	-4454	-4122	4531809	4532141	WP_012886566.1#13	NC_013592.1	GCF_000025065.1
WP_041164677.1#13|Dickeya_parazeae_Ech586	1833	-	+	2	-3637	-1805	4529492	4531324	WP_228669802.1#13	NC_013592.1	GCF_000025065.1
WP_041164677.1#13|Dickeya_parazeae_Ech586	330	-	+	0	-1595	-1266	4528953	4529282	WP_228669720.1#13	NC_013592.1	GCF_000025065.1
WP_041164677.1#13|Dickeya_parazeae_Ech586	450	-	+	0	-1269	-820	4528507	4528956	WP_012886565.1#13	NC_013592.1	GCF_000025065.1
WP_041164677.1#13|Dickeya_parazeae_Ech586	276	-	+	56	1	276	4527411	4527686	WP_041164677.1#13	NC_013592.1	GCF_000025065.1
WP_041164677.1#13|Dickeya_parazeae_Ech586	498	-	+	1	384	881	4526806	4527303	WP_012886563.1#13	NC_013592.1	GCF_000025065.1
WP_041164677.1#13|Dickeya_parazeae_Ech586	163	-	-	58	928	1090	4526597	4526759	pseudogene_13.10*#13	NC_013592.1	GCF_000025065.1
WP_041164677.1#13|Dickeya_parazeae_Ech586	348	-	+	0	1311	1658	4526029	4526376	WP_012886561.1#13	NC_013592.1	GCF_000025065.1
WP_041164677.1#13|Dickeya_parazeae_Ech586	216	-	+	41	1911	2126	4525561	4525776	WP_041164675.1#13	NC_013592.1	GCF_000025065.1
WP_041164677.1#13|Dickeya_parazeae_Ech586	555	-	+	0	2237	2791	4524896	4525450	WP_012886559.1#13	NC_013592.1	GCF_000025065.1
WP_041164677.1#13|Dickeya_parazeae_Ech586	405	-	+	0	3866	4270	4523417	4523821	WP_012886557.1#13	NC_013592.1	GCF_000025065.1
WP_041164677.1#13|Dickeya_parazeae_Ech586	327	-	+	22	4559	4885	4522802	4523128	WP_012886556.1#13	NC_013592.1	GCF_000025065.1
WP_041164677.1#13|Dickeya_parazeae_Ech586	330	-	+	10	5221	5550	4522137	4522466	WP_012886555.1#13	NC_013592.1	GCF_000025065.1
WP_041164677.1#13|Dickeya_parazeae_Ech586	444	-	+	0	5741	6184	4521503	4521946	WP_012886554.1#13	NC_013592.1	GCF_000025065.1
WP_041164677.1#13|Dickeya_parazeae_Ech586	609	-	+	0	6348	6956	4520731	4521339	WP_157668909.1#13	NC_013592.1	GCF_000025065.1



WP_248944791.1#4|Serratia_silvae	771	+	+	0	-7096	-6326	271822	272592	WP_248944778.1#4	NZ_JAGQDC010000003.1	GCF_023282985.1
WP_248944791.1#4|Serratia_silvae	165	+	+	0	-6170	-6006	272748	272912	WP_248944780.1#4	NZ_JAGQDC010000003.1	GCF_023282985.1
WP_248944791.1#4|Serratia_silvae	426	+	+	0	-5770	-5345	273148	273573	WP_248944782.1#4	NZ_JAGQDC010000003.1	GCF_023282985.1
WP_248944791.1#4|Serratia_silvae	873	+	-	0	-5281	-4409	273637	274509	WP_248944783.1#4	NZ_JAGQDC010000003.1	GCF_023282985.1
WP_248944791.1#4|Serratia_silvae	552	+	+	0	-4186	-3635	274732	275283	WP_248944784.1#4	NZ_JAGQDC010000003.1	GCF_023282985.1
WP_248944791.1#4|Serratia_silvae	168	+	+	0	-3484	-3317	275434	275601	WP_248944786.1#4	NZ_JAGQDC010000003.1	GCF_023282985.1
WP_248944791.1#4|Serratia_silvae	330	+	+	0	-3317	-2988	275601	275930	WP_248944787.1#4	NZ_JAGQDC010000003.1	GCF_023282985.1
WP_248944791.1#4|Serratia_silvae	633	+	+	0	-2976	-2344	275942	276574	WP_248944789.1#4	NZ_JAGQDC010000003.1	GCF_023282985.1
WP_248944791.1#4|Serratia_silvae	300	+	+	0	-2323	-2024	276595	276894	WP_248944972.1#4	NZ_JAGQDC010000003.1	GCF_023282985.1
WP_248944791.1#4|Serratia_silvae	1731	+	+	3	-1785	-55	277133	278863	WP_248944790.1#4	NZ_JAGQDC010000003.1	GCF_023282985.1
WP_248944791.1#4|Serratia_silvae	10983	+	+	56	1	10983	278919	289901	WP_248944791.1#4	NZ_JAGQDC010000003.1	GCF_023282985.1
WP_248944791.1#4|Serratia_silvae	486	+	+	1	10980	11465	289898	290383	WP_248944793.1#4	NZ_JAGQDC010000003.1	GCF_023282985.1
WP_248944791.1#4|Serratia_silvae	114	+	-	58	11513	11626	290431	290544	pseudogene_4.2*#4	NZ_JAGQDC010000003.1	GCF_023282985.1
WP_248944791.1#4|Serratia_silvae	354	+	+	0	11580	11933	290498	290851	WP_375540721.1#4	NZ_JAGQDC010000003.1	GCF_023282985.1
WP_248944791.1#4|Serratia_silvae	192	+	+	0	11953	12144	290871	291062	WP_248944794.1#4	NZ_JAGQDC010000003.1	GCF_023282985.1
WP_248944791.1#4|Serratia_silvae	333	+	-	0	12201	12533	291119	291451	WP_248944796.1#4	NZ_JAGQDC010000003.1	GCF_023282985.1
WP_248944791.1#4|Serratia_silvae	246	+	-	0	12530	12775	291448	291693	WP_142016786.1#4	NZ_JAGQDC010000003.1	GCF_023282985.1
WP_248944791.1#4|Serratia_silvae	210	+	-	4	12790	12999	291708	291917	WP_248944798.1#4	NZ_JAGQDC010000003.1	GCF_023282985.1
WP_248944791.1#4|Serratia_silvae	245	+	-	58	13056	13300	291974	292218	pseudogene_4.12*#4	NZ_JAGQDC010000003.1	GCF_023282985.1
WP_248944791.1#4|Serratia_silvae	230	+	+	58	13293	13522	292211	292440	pseudogene_4.13*#4	NZ_JAGQDC010000003.1	GCF_023282985.1
WP_248944791.1#4|Serratia_silvae	1446	+	-	0	13690	15135	292608	294053	WP_248944800.1#4	NZ_JAGQDC010000003.1	GCF_023282985.1



WP_118894906.1#5|Lonsdalea_britannica	930	+	+	13	-9000	-8071	1916243	1917172	WP_162896340.1#5	NZ_CP023009.1	GCF_003515985.1
WP_118894906.1#5|Lonsdalea_britannica	693	+	-	0	-7952	-7260	1917291	1917983	WP_162896341.1#5	NZ_CP023009.1	GCF_003515985.1
WP_118894906.1#5|Lonsdalea_britannica	912	+	-	0	-7183	-6272	1918060	1918971	WP_085653612.1#5	NZ_CP023009.1	GCF_003515985.1
WP_118894906.1#5|Lonsdalea_britannica	570	+	-	0	-6268	-5699	1918975	1919544	WP_094117790.1#5	NZ_CP023009.1	GCF_003515985.1
WP_118894906.1#5|Lonsdalea_britannica	438	+	-	0	-5702	-5265	1919541	1919978	WP_118894904.1#5	NZ_CP023009.1	GCF_003515985.1
WP_118894906.1#5|Lonsdalea_britannica	279	+	-	0	-5258	-4980	1919985	1920263	WP_085653615.1#5	NZ_CP023009.1	GCF_003515985.1
WP_118894906.1#5|Lonsdalea_britannica	1338	+	-	0	-4934	-3597	1920309	1921646	WP_094117789.1#5	NZ_CP023009.1	GCF_003515985.1
WP_118894906.1#5|Lonsdalea_britannica	291	+	-	0	-3582	-3292	1921661	1921951	WP_026738698.1#5	NZ_CP023009.1	GCF_003515985.1
WP_118894906.1#5|Lonsdalea_britannica	981	+	-	23	-3282	-2302	1921961	1922941	WP_085653617.1#5	NZ_CP023009.1	GCF_003515985.1
WP_118894906.1#5|Lonsdalea_britannica	1641	+	+	3	-1712	-72	1923531	1925171	WP_244201043.1#5	NZ_CP023009.1	GCF_003515985.1
WP_118894906.1#5|Lonsdalea_britannica	10761	+	+	56	1	10761	1925244	1936004	WP_118894906.1#5	NZ_CP023009.1	GCF_003515985.1
WP_118894906.1#5|Lonsdalea_britannica	486	+	+	1	10758	11243	1936001	1936486	WP_094117786.1#5	NZ_CP023009.1	GCF_003515985.1
WP_118894906.1#5|Lonsdalea_britannica	211	+	-	58	11291	11501	1936534	1936744	pseudogene_5.8*#5	NZ_CP023009.1	GCF_003515985.1
WP_118894906.1#5|Lonsdalea_britannica	393	+	+	2	11714	12106	1936957	1937349	WP_244201025.1#5	NZ_CP023009.1	GCF_003515985.1
WP_118894906.1#5|Lonsdalea_britannica	6378	+	-	14	12198	18575	1937441	1943818	WP_118894908.1#5	NZ_CP023009.1	GCF_003515985.1
WP_118894906.1#5|Lonsdalea_britannica	1566	+	-	6	19237	20802	1944480	1946045	WP_094117785.1#5	NZ_CP023009.1	GCF_003515985.1
WP_118894906.1#5|Lonsdalea_britannica	924	+	+	0	21420	22343	1946663	1947586	WP_094117784.1#5	NZ_CP023009.1	GCF_003515985.1
WP_118894906.1#5|Lonsdalea_britannica	1263	+	-	0	22592	23854	1947835	1949097	WP_094117783.1#5	NZ_CP023009.1	GCF_003515985.1
WP_118894906.1#5|Lonsdalea_britannica	76	+	-	57	24016	24091	1949259	1949334	tRNA_5.2*#5	NZ_CP023009.1	GCF_003515985.1
WP_118894906.1#5|Lonsdalea_britannica	2154	+	+	0	24700	26853	1949943	1952096	WP_118894910.1#5	NZ_CP023009.1	GCF_003515985.1
WP_118894906.1#5|Lonsdalea_britannica	1479	+	-	12	26904	28382	1952147	1953625	WP_094117782.1#5	NZ_CP023009.1	GCF_003515985.1



WP_102802545.1#12|Dickeya_zeae	1131	-	+	0	-9334	-8204	4477437	4478567	WP_102802552.1#12	NZ_CP053013.1	GCF_021614775.1
WP_102802545.1#12|Dickeya_zeae	465	-	-	33	-8171	-7707	4476940	4477404	WP_102802551.1#12	NZ_CP053013.1	GCF_021614775.1
WP_102802545.1#12|Dickeya_zeae	471	-	+	0	-7504	-7034	4476267	4476737	WP_102802550.1#12	NZ_CP053013.1	GCF_021614775.1
WP_102802545.1#12|Dickeya_zeae	903	-	+	0	-6838	-5936	4475169	4476071	WP_019846430.1#12	NZ_CP053013.1	GCF_021614775.1
WP_102802545.1#12|Dickeya_zeae	963	-	+	23	-5737	-4775	4474008	4474970	WP_102802548.1#12	NZ_CP053013.1	GCF_021614775.1
WP_102802545.1#12|Dickeya_zeae	171	-	+	0	-4773	-4603	4473836	4474006	WP_158653997.1#12	NZ_CP053013.1	GCF_021614775.1
WP_102802545.1#12|Dickeya_zeae	885	-	+	0	-4471	-3587	4472820	4473704	WP_016942829.1#12	NZ_CP053013.1	GCF_021614775.1
WP_102802545.1#12|Dickeya_zeae	1098	-	+	0	-3583	-2486	4471719	4472816	WP_102802547.1#12	NZ_CP053013.1	GCF_021614775.1
WP_102802545.1#12|Dickeya_zeae	1731	-	+	3	-2291	-561	4469794	4471524	WP_102802546.1#12	NZ_CP053013.1	GCF_021614775.1
WP_102802545.1#12|Dickeya_zeae	537	-	+	0	-548	-12	4469245	4469781	WP_038905980.1#12	NZ_CP053013.1	GCF_021614775.1
WP_102802545.1#12|Dickeya_zeae	8829	-	+	56	1	8829	4460404	4469232	WP_102802545.1#12	NZ_CP053013.1	GCF_021614775.1
WP_102802545.1#12|Dickeya_zeae	495	-	+	1	8829	9323	4459910	4460404	WP_199770308.1#12	NZ_CP053013.1	GCF_021614775.1
WP_102802545.1#12|Dickeya_zeae	321	-	-	9	9683	10003	4459230	4459550	WP_102802543.1#12	NZ_CP053013.1	GCF_021614775.1
WP_102802545.1#12|Dickeya_zeae	258	-	+	21	10102	10359	4458874	4459131	WP_027713493.1#12	NZ_CP053013.1	GCF_021614775.1
WP_102802545.1#12|Dickeya_zeae	333	-	-	9	10367	10699	4458534	4458866	WP_102802542.1#12	NZ_CP053013.1	GCF_021614775.1
WP_102802545.1#12|Dickeya_zeae	1002	-	+	2	11165	12166	4457067	4458068	WP_233789001.1#12	NZ_CP053013.1	GCF_021614775.1
WP_102802545.1#12|Dickeya_zeae	1206	-	+	2	12194	13399	4455834	4457039	WP_233789000.1#12	NZ_CP053013.1	GCF_021614775.1
WP_102802545.1#12|Dickeya_zeae	351	-	+	0	13447	13797	4455436	4455786	WP_158653996.1#12	NZ_CP053013.1	GCF_021614775.1
WP_102802545.1#12|Dickeya_zeae	486	-	+	1	14001	14486	4454747	4455232	WP_102802540.1#12	NZ_CP053013.1	GCF_021614775.1
WP_102802545.1#12|Dickeya_zeae	348	-	+	10	14891	15238	4453995	4454342	WP_102802539.1#12	NZ_CP053013.1	GCF_021614775.1
WP_102802545.1#12|Dickeya_zeae	327	-	+	22	15433	15759	4453474	4453800	WP_102802538.1#12	NZ_CP053013.1	GCF_021614775.1



WP_206194074.1#9|Serratia_microhaemolytica	303	+	+	0	-431	-129	207	509	WP_127960483.1#9	NZ_SBEF01000093.1	GCF_004011885.1
WP_206194074.1#9|Serratia_microhaemolytica	636	+	+	56	1	636	639	1274	WP_206194074.1#9	NZ_SBEF01000093.1	GCF_004011885.1
WP_206194074.1#9|Serratia_microhaemolytica	489	+	+	1	636	1124	1274	1762	WP_127960484.1#9	NZ_SBEF01000093.1	GCF_004011885.1



WP_072161830.1#18|Photorhabdus_heterorhabditis	648	-	-	0	-12160	-11513	41378	42025	WP_054477342.1#18	NZ_CAWMRL010000012.1	GCF_963869725.1
WP_072161830.1#18|Photorhabdus_heterorhabditis	531	-	+	0	-11458	-10928	40793	41323	WP_054477340.1#18	NZ_CAWMRL010000012.1	GCF_963869725.1
WP_072161830.1#18|Photorhabdus_heterorhabditis	321	-	-	0	-10892	-10572	40437	40757	WP_054477338.1#18	NZ_CAWMRL010000012.1	GCF_963869725.1
WP_072161830.1#18|Photorhabdus_heterorhabditis	1917	-	-	0	-10513	-8597	38462	40378	WP_054477336.1#18	NZ_CAWMRL010000012.1	GCF_963869725.1
WP_072161830.1#18|Photorhabdus_heterorhabditis	1668	-	+	0	-8223	-6556	36421	38088	WP_054477334.1#18	NZ_CAWMRL010000012.1	GCF_963869725.1
WP_072161830.1#18|Photorhabdus_heterorhabditis	783	-	-	7	-6518	-5736	35601	36383	WP_235525409.1#18	NZ_CAWMRL010000012.1	GCF_963869725.1
WP_072161830.1#18|Photorhabdus_heterorhabditis	1248	-	-	0	-4977	-3730	33595	34842	WP_054477332.1#18	NZ_CAWMRL010000012.1	GCF_963869725.1
WP_072161830.1#18|Photorhabdus_heterorhabditis	1383	-	-	0	-3717	-2335	32200	33582	WP_054477331.1#18	NZ_CAWMRL010000012.1	GCF_963869725.1
WP_072161830.1#18|Photorhabdus_heterorhabditis	978	-	-	0	-2310	-1333	31198	32175	WP_054477330.1#18	NZ_CAWMRL010000012.1	GCF_963869725.1
WP_072161830.1#18|Photorhabdus_heterorhabditis	639	-	+	0	-1216	-578	30443	31081	WP_054477328.1#18	NZ_CAWMRL010000012.1	GCF_963869725.1
WP_072161830.1#18|Photorhabdus_heterorhabditis	348	-	+	56	1	348	29517	29864	WP_072161830.1#18	NZ_CAWMRL010000012.1	GCF_963869725.1
WP_072161830.1#18|Photorhabdus_heterorhabditis	192	-	+	1	345	536	29329	29520	WP_235525408.1#18	NZ_CAWMRL010000012.1	GCF_963869725.1
WP_072161830.1#18|Photorhabdus_heterorhabditis	144	-	-	35	918	1061	28804	28947	WP_161804217.1#18	NZ_CAWMRL010000012.1	GCF_963869725.1
WP_072161830.1#18|Photorhabdus_heterorhabditis	471	-	-	0	1195	1665	28200	28670	WP_054477324.1#18	NZ_CAWMRL010000012.1	GCF_963869725.1
WP_072161830.1#18|Photorhabdus_heterorhabditis	390	-	-	0	1808	2197	27668	28057	WP_054477322.1#18	NZ_CAWMRL010000012.1	GCF_963869725.1
WP_072161830.1#18|Photorhabdus_heterorhabditis	4395	-	-	6	2207	6601	23264	27658	WP_054477321.1#18	NZ_CAWMRL010000012.1	GCF_963869725.1
WP_072161830.1#18|Photorhabdus_heterorhabditis	1839	-	-	6	6591	8429	21436	23274	WP_054477319.1#18	NZ_CAWMRL010000012.1	GCF_963869725.1
WP_072161830.1#18|Photorhabdus_heterorhabditis	228	-	+	0	9240	9467	20398	20625	WP_152911980.1#18	NZ_CAWMRL010000012.1	GCF_963869725.1
WP_072161830.1#18|Photorhabdus_heterorhabditis	786	-	+	14	9488	10273	19592	20377	WP_054477318.1#18	NZ_CAWMRL010000012.1	GCF_963869725.1
WP_072161830.1#18|Photorhabdus_heterorhabditis	633	-	+	0	10299	10931	18934	19566	WP_054477316.1#18	NZ_CAWMRL010000012.1	GCF_963869725.1
WP_072161830.1#18|Photorhabdus_heterorhabditis	2022	-	+	0	10981	13002	16863	18884	WP_083451887.1#18	NZ_CAWMRL010000012.1	GCF_963869725.1



WP_175494914.1#8|Xenorhabdus_mauleonii	1782	+	+	56	1	1782	1	1782	WP_175494914.1#8	NZ_FORG01000004.1	GCF_900113945.1
WP_175494914.1#8|Xenorhabdus_mauleonii	489	+	+	1	1779	2267	1779	2267	WP_092508515.1#8	NZ_FORG01000004.1	GCF_900113945.1
WP_175494914.1#8|Xenorhabdus_mauleonii	243	+	-	4	2324	2566	2324	2566	WP_092508517.1#8	NZ_FORG01000004.1	GCF_900113945.1
WP_175494914.1#8|Xenorhabdus_mauleonii	399	+	-	0	2640	3038	2640	3038	WP_092508519.1#8	NZ_FORG01000004.1	GCF_900113945.1
WP_175494914.1#8|Xenorhabdus_mauleonii	3321	+	+	0	3138	6458	3138	6458	WP_092508521.1#8	NZ_FORG01000004.1	GCF_900113945.1
WP_175494914.1#8|Xenorhabdus_mauleonii	1128	+	+	37	6445	7572	6445	7572	WP_092508523.1#8	NZ_FORG01000004.1	GCF_900113945.1
WP_175494914.1#8|Xenorhabdus_mauleonii	171	+	-	0	7821	7991	7821	7991	WP_175494915.1#8	NZ_FORG01000004.1	GCF_900113945.1
WP_175494914.1#8|Xenorhabdus_mauleonii	351	+	-	0	8180	8530	8180	8530	WP_169924661.1#8	NZ_FORG01000004.1	GCF_900113945.1
WP_175494914.1#8|Xenorhabdus_mauleonii	894	+	+	29	8593	9486	8593	9486	WP_244590572.1#8	NZ_FORG01000004.1	GCF_900113945.1
WP_175494914.1#8|Xenorhabdus_mauleonii	378	+	+	0	9483	9860	9483	9860	WP_092508525.1#8	NZ_FORG01000004.1	GCF_900113945.1
WP_175494914.1#8|Xenorhabdus_mauleonii	243	+	-	4	9926	10168	9926	10168	WP_092508527.1#8	NZ_FORG01000004.1	GCF_900113945.1



WP_105397024.1#11|Photorhabdus_hindustanensis	155	-	-	0	-535	-381	1784	1938	WP_146111138.1#11	NZ_PUWT01000140.1	GCF_002968995.1
WP_105397024.1#11|Photorhabdus_hindustanensis	177	-	+	0	-277	-101	1504	1680	WP_181150305.1#11	NZ_PUWT01000140.1	GCF_002968995.1
WP_105397024.1#11|Photorhabdus_hindustanensis	390	-	+	56	1	390	1013	1402	WP_105397024.1#11	NZ_PUWT01000140.1	GCF_002968995.1
WP_105397024.1#11|Photorhabdus_hindustanensis	492	-	+	1	387	878	525	1016	WP_105397023.1#11	NZ_PUWT01000140.1	GCF_002968995.1
WP_105397024.1#11|Photorhabdus_hindustanensis	396	-	+	58	1007	1402	1	396	pseudogene_11.5*#11	NZ_PUWT01000140.1	GCF_002968995.1



WP_240002124.1#7|Photorhabdus_bodei	1550	-	+	56	1	1550	1887	3436	WP_240002124.1#7	NZ_CAWNYH010000098.1	GCF_963878445.1
WP_240002124.1#7|Photorhabdus_bodei	489	-	+	1	1547	2035	1402	1890	WP_112896967.1#7	NZ_CAWNYH010000098.1	GCF_963878445.1
WP_240002124.1#7|Photorhabdus_bodei	273	-	+	0	2498	2770	667	939	WP_112896966.1#7	NZ_CAWNYH010000098.1	GCF_963878445.1
WP_240002124.1#7|Photorhabdus_bodei	318	-	+	0	2767	3084	353	670	WP_112896965.1#7	NZ_CAWNYH010000098.1	GCF_963878445.1



WP_265378963.1#29|Photorhabdus_aballayi	3333	-	+	58	-5137	-1805	106756	110088	pseudogene_29.20*#29	NZ_JAPFCD010000013.1	GCF_026153155.1
WP_265378963.1#29|Photorhabdus_aballayi	366	-	+	18	-795	-430	105381	105746	WP_265378965.1#29	NZ_JAPFCD010000013.1	GCF_026153155.1
WP_265378963.1#29|Photorhabdus_aballayi	270	-	+	0	-312	-43	104994	105263	WP_265378964.1#29	NZ_JAPFCD010000013.1	GCF_026153155.1
WP_265378963.1#29|Photorhabdus_aballayi	681	-	+	56	1	681	104270	104950	WP_265378963.1#29	NZ_JAPFCD010000013.1	GCF_026153155.1
WP_265378963.1#29|Photorhabdus_aballayi	492	-	+	1	704	1195	103756	104247	WP_265378962.1#29	NZ_JAPFCD010000013.1	GCF_026153155.1
WP_265378963.1#29|Photorhabdus_aballayi	198	-	-	35	1342	1539	103412	103609	WP_265378961.1#29	NZ_JAPFCD010000013.1	GCF_026153155.1
WP_265378963.1#29|Photorhabdus_aballayi	465	-	-	34	1617	2081	102870	103334	WP_265378960.1#29	NZ_JAPFCD010000013.1	GCF_026153155.1
WP_265378963.1#29|Photorhabdus_aballayi	2031	-	-	11	2575	4605	100346	102376	WP_265378959.1#29	NZ_JAPFCD010000013.1	GCF_026153155.1
WP_265378963.1#29|Photorhabdus_aballayi	4488	-	-	0	4608	9095	95856	100343	WP_265378958.1#29	NZ_JAPFCD010000013.1	GCF_026153155.1
WP_265378963.1#29|Photorhabdus_aballayi	1368	-	+	0	9581	10948	94003	95370	WP_265378957.1#29	NZ_JAPFCD010000013.1	GCF_026153155.1
WP_265378963.1#29|Photorhabdus_aballayi	1155	-	+	0	10966	12120	92831	93985	WP_265378956.1#29	NZ_JAPFCD010000013.1	GCF_026153155.1
WP_265378963.1#29|Photorhabdus_aballayi	717	-	-	0	12212	12928	92023	92739	WP_265378955.1#29	NZ_JAPFCD010000013.1	GCF_026153155.1
WP_265378963.1#29|Photorhabdus_aballayi	1224	-	-	0	13005	14228	90723	91946	WP_265378954.1#29	NZ_JAPFCD010000013.1	GCF_026153155.1
WP_265378963.1#29|Photorhabdus_aballayi	1323	-	-	0	14299	15621	89330	90652	WP_265378953.1#29	NZ_JAPFCD010000013.1	GCF_026153155.1



WP_282183124.1#14|Photorhabdus_hindustanensis	2297	-	+	56	1	2297	53276	55572	WP_282183124.1#14	NZ_PUWT01000055.1	GCF_002968995.1
WP_282183124.1#14|Photorhabdus_hindustanensis	486	-	+	1	2297	2782	52791	53276	WP_105396405.1#14	NZ_PUWT01000055.1	GCF_002968995.1
WP_282183124.1#14|Photorhabdus_hindustanensis	247	-	+	58	2921	3167	52406	52652	pseudogene_14.0*#14	NZ_PUWT01000055.1	GCF_002968995.1
WP_282183124.1#14|Photorhabdus_hindustanensis	192	-	-	0	3210	3401	52172	52363	WP_146111074.1#14	NZ_PUWT01000055.1	GCF_002968995.1
WP_282183124.1#14|Photorhabdus_hindustanensis	465	-	-	34	3512	3976	51597	52061	WP_052105826.1#14	NZ_PUWT01000055.1	GCF_002968995.1
WP_282183124.1#14|Photorhabdus_hindustanensis	255	-	+	0	5626	5880	49693	49947	WP_040150445.1#14	NZ_PUWT01000055.1	GCF_002968995.1
WP_282183124.1#14|Photorhabdus_hindustanensis	420	-	+	0	5877	6296	49277	49696	WP_040150443.1#14	NZ_PUWT01000055.1	GCF_002968995.1
WP_282183124.1#14|Photorhabdus_hindustanensis	789	-	-	11	6392	7180	48393	49181	WP_105396404.1#14	NZ_PUWT01000055.1	GCF_002968995.1
WP_282183124.1#14|Photorhabdus_hindustanensis	600	-	-	11	7246	7845	47728	48327	WP_146111073.1#14	NZ_PUWT01000055.1	GCF_002968995.1
WP_282183124.1#14|Photorhabdus_hindustanensis	471	-	-	11	7778	8248	47325	47795	WP_105396402.1#14	NZ_PUWT01000055.1	GCF_002968995.1
WP_282183124.1#14|Photorhabdus_hindustanensis	516	-	-	58	8416	8931	46642	47157	pseudogene_14.11*#14	NZ_PUWT01000055.1	GCF_002968995.1



