WP_279829900.1#20|Moraxella_porci	702	-	+	0	-2359	-1658	5947	6648	WP_279829906.1#20	NZ_JARVTM010000033.1	GCF_029845525.1
WP_279829900.1#20|Moraxella_porci	585	-	+	0	-1661	-1077	5366	5950	WP_279829904.1#20	NZ_JARVTM010000033.1	GCF_029845525.1
WP_279829900.1#20|Moraxella_porci	372	-	+	0	-1069	-698	4987	5358	WP_279829902.1#20	NZ_JARVTM010000033.1	GCF_029845525.1
WP_279829900.1#20|Moraxella_porci	66	-	+	34	-647	-582	4871	4936	pseudogene_20.0*#20	NZ_JARVTM010000033.1	GCF_029845525.1
WP_279829900.1#20|Moraxella_porci	1398	-	+	32	1	1398	2891	4288	WP_279829900.1#20	NZ_JARVTM010000033.1	GCF_029845525.1
WP_279829900.1#20|Moraxella_porci	216	-	+	1	1410	1625	2664	2879	WP_143821241.1#20	NZ_JARVTM010000033.1	GCF_029845525.1
WP_279829900.1#20|Moraxella_porci	192	-	+	34	1763	1954	2335	2526	pseudogene_20.3*#20	NZ_JARVTM010000033.1	GCF_029845525.1
WP_279829900.1#20|Moraxella_porci	1581	-	+	0	2060	3640	649	2229	WP_279829897.1#20	NZ_JARVTM010000033.1	GCF_029845525.1
WP_279829900.1#20|Moraxella_porci	438	-	+	0	3658	4095	194	631	WP_279829895.1#20	NZ_JARVTM010000033.1	GCF_029845525.1



WP_271432969.1#19|Thalassococcus_lentus	723	+	-	34	-3160	-2438	9505	10227	pseudogene_19.7*#19	NZ_JAQIOY010000004.1	GCF_028023555.1
WP_271432969.1#19|Thalassococcus_lentus	426	+	-	0	-1970	-1545	10695	11120	WP_271432967.1#19	NZ_JAQIOY010000004.1	GCF_028023555.1
WP_271432969.1#19|Thalassococcus_lentus	684	+	-	0	-1510	-827	11155	11838	WP_271432968.1#19	NZ_JAQIOY010000004.1	GCF_028023555.1
WP_271432969.1#19|Thalassococcus_lentus	338	+	+	34	-671	-334	11994	12331	pseudogene_19.4*#19	NZ_JAQIOY010000004.1	GCF_028023555.1
WP_271432969.1#19|Thalassococcus_lentus	6312	+	+	32	1	6312	12666	18977	WP_271432969.1#19	NZ_JAQIOY010000004.1	GCF_028023555.1
WP_271432969.1#19|Thalassococcus_lentus	129	+	+	0	6582	6710	19247	19375	WP_271432970.1#19	NZ_JAQIOY010000004.1	GCF_028023555.1
WP_271432969.1#19|Thalassococcus_lentus	507	+	+	0	7226	7732	19891	20397	WP_271432971.1#19	NZ_JAQIOY010000004.1	GCF_028023555.1
WP_271432969.1#19|Thalassococcus_lentus	426	+	+	0	7740	8165	20405	20830	WP_271432972.1#19	NZ_JAQIOY010000004.1	GCF_028023555.1
WP_271432969.1#19|Thalassococcus_lentus	594	+	-	0	8123	8716	20788	21381	WP_271432973.1#19	NZ_JAQIOY010000004.1	GCF_028023555.1



WP_275236821.1#8|Luteipulveratus_flavus	1146	-	-	6	-2916	-1771	6302	7447	WP_409347709.1#8	NZ_JARFJC010000011.1	GCF_029080175.1
WP_275236821.1#8|Luteipulveratus_flavus	408	-	-	0	-1774	-1367	5898	6305	WP_275236824.1#8	NZ_JARFJC010000011.1	GCF_029080175.1
WP_275236821.1#8|Luteipulveratus_flavus	288	-	-	0	-1157	-870	5401	5688	WP_275236823.1#8	NZ_JARFJC010000011.1	GCF_029080175.1
WP_275236821.1#8|Luteipulveratus_flavus	480	-	+	0	-475	4	4527	5006	WP_275236822.1#8	NZ_JARFJC010000011.1	GCF_029080175.1
WP_275236821.1#8|Luteipulveratus_flavus	1482	-	+	32	1	1482	3049	4530	WP_275236821.1#8	NZ_JARFJC010000011.1	GCF_029080175.1
WP_275236821.1#8|Luteipulveratus_flavus	216	-	+	1	1479	1694	2837	3052	WP_275236820.1#8	NZ_JARFJC010000011.1	GCF_029080175.1
WP_275236821.1#8|Luteipulveratus_flavus	450	-	+	0	1771	2220	2311	2760	WP_457852254.1#8	NZ_JARFJC010000011.1	GCF_029080175.1
WP_275236821.1#8|Luteipulveratus_flavus	894	-	+	0	2445	3338	1193	2086	WP_275236819.1#8	NZ_JARFJC010000011.1	GCF_029080175.1
WP_275236821.1#8|Luteipulveratus_flavus	906	-	+	0	3414	4319	212	1117	WP_275236818.1#8	NZ_JARFJC010000011.1	GCF_029080175.1



WP_282510837.1#21|Streptomyces_solicavernae	963	-	-	0	-3261	-2299	18910	19872	WP_282510848.1#21	NZ_JASCIR010000003.1	GCF_029968095.1
WP_282510837.1#21|Streptomyces_solicavernae	765	-	-	0	-2166	-1402	18013	18777	WP_282510846.1#21	NZ_JASCIR010000003.1	GCF_029968095.1
WP_282510837.1#21|Streptomyces_solicavernae	483	-	+	25	-1110	-628	17239	17721	WP_282510843.1#21	NZ_JASCIR010000003.1	GCF_029968095.1
WP_282510837.1#21|Streptomyces_solicavernae	633	-	+	24	-631	1	16610	17242	WP_282510840.1#21	NZ_JASCIR010000003.1	GCF_029968095.1
WP_282510837.1#21|Streptomyces_solicavernae	4671	-	+	32	1	4671	11940	16610	WP_282510837.1#21	NZ_JASCIR010000003.1	GCF_029968095.1
WP_282510837.1#21|Streptomyces_solicavernae	774	-	-	0	5213	5986	10625	11398	WP_282510834.1#21	NZ_JASCIR010000003.1	GCF_029968095.1
WP_282510837.1#21|Streptomyces_solicavernae	1191	-	+	0	6461	7651	8960	10150	WP_282510828.1#21	NZ_JASCIR010000003.1	GCF_029968095.1
WP_282510837.1#21|Streptomyces_solicavernae	309	-	+	0	7738	8046	8565	8873	WP_282510825.1#21	NZ_JASCIR010000003.1	GCF_029968095.1
WP_282510837.1#21|Streptomyces_solicavernae	1203	-	-	0	8089	9291	7320	8522	WP_282510822.1#21	NZ_JASCIR010000003.1	GCF_029968095.1



WP_070011168.1#11|Streptomyces_abyssalis	732	-	+	0	-2322	-1591	1327569	1328300	WP_420856174.1#11	NZ_LJGS01000039.1	GCF_001751345.1
WP_070011168.1#11|Streptomyces_abyssalis	180	-	-	0	-1495	-1316	1327294	1327473	WP_070011171.1#11	NZ_LJGS01000039.1	GCF_001751345.1
WP_070011168.1#11|Streptomyces_abyssalis	432	-	+	25	-996	-565	1326543	1326974	WP_070011170.1#11	NZ_LJGS01000039.1	GCF_001751345.1
WP_070011168.1#11|Streptomyces_abyssalis	570	-	+	24	-568	1	1325977	1326546	WP_070011169.1#11	NZ_LJGS01000039.1	GCF_001751345.1
WP_070011168.1#11|Streptomyces_abyssalis	4671	-	+	32	1	4671	1321307	1325977	WP_070011168.1#11	NZ_LJGS01000039.1	GCF_001751345.1
WP_070011168.1#11|Streptomyces_abyssalis	1053	-	-	0	5433	6485	1319493	1320545	WP_070011167.1#11	NZ_LJGS01000039.1	GCF_001751345.1
WP_070011168.1#11|Streptomyces_abyssalis	801	-	+	0	6790	7590	1318388	1319188	WP_070011166.1#11	NZ_LJGS01000039.1	GCF_001751345.1
WP_070011168.1#11|Streptomyces_abyssalis	1323	-	+	0	8172	9494	1316484	1317806	WP_070011165.1#11	NZ_LJGS01000039.1	GCF_001751345.1
WP_070011168.1#11|Streptomyces_abyssalis	693	-	+	0	9974	10666	1315312	1316004	WP_070011164.1#11	NZ_LJGS01000039.1	GCF_001751345.1



WP_189569360.1#15|Pseudoduganella_plicata	678	-	+	32	1	678	31032	31709	WP_189569360.1#15	NZ_BMWW01000016.1	GCF_014651435.1
WP_189569360.1#15|Pseudoduganella_plicata	1177	-	+	34	1143	2319	29391	30567	pseudogene_15.6*#15	NZ_BMWW01000016.1	GCF_014651435.1
WP_189569360.1#15|Pseudoduganella_plicata	393	-	+	0	2615	3007	28703	29095	WP_166793546.1#15	NZ_BMWW01000016.1	GCF_014651435.1
WP_189569360.1#15|Pseudoduganella_plicata	76	-	-	33	3297	3372	28338	28413	tRNA_15.1*#15	NZ_BMWW01000016.1	GCF_014651435.1
WP_189569360.1#15|Pseudoduganella_plicata	76	-	-	33	3297	3372	28338	28413	tRNA_15.1*#15	NZ_BMWW01000016.1	GCF_014651435.1



WP_308727015.1#3|Burkholderia_cenocepacia	630	+	+	32	1	630	1	630	WP_308727015.1#3	not_found	not_found	not_found



WP_150776456.1#43|Pseudomonas_sp__S49	138	-	+	34	-4423	-4286	4498289	4498426	pseudogene_43.0*#43	NZ_CP019432.1	GCF_009866785.1
WP_150776456.1#43|Pseudomonas_sp__S49	243	-	-	0	-4120	-3878	4497881	4498123	WP_224794690.1#43	NZ_CP019432.1	GCF_009866785.1
WP_150776456.1#43|Pseudomonas_sp__S49	516	-	+	0	-3545	-3030	4497033	4497548	WP_123593248.1#43	NZ_CP019432.1	GCF_009866785.1
WP_150776456.1#43|Pseudomonas_sp__S49	2907	-	+	0	-2902	4	4493999	4496905	WP_160041131.1#43	NZ_CP019432.1	GCF_009866785.1
WP_150776456.1#43|Pseudomonas_sp__S49	4647	-	+	32	1	4647	4489356	4494002	WP_150776456.1#43	NZ_CP019432.1	GCF_009866785.1
WP_150776456.1#43|Pseudomonas_sp__S49	216	-	+	1	4656	4871	4489132	4489347	WP_150776455.1#43	NZ_CP019432.1	GCF_009866785.1
WP_150776456.1#43|Pseudomonas_sp__S49	264	-	+	0	4954	5217	4488786	4489049	WP_102900435.1#43	NZ_CP019432.1	GCF_009866785.1
WP_150776456.1#43|Pseudomonas_sp__S49	400	-	+	34	5349	5748	4488255	4488654	pseudogene_43.3*#43	NZ_CP019432.1	GCF_009866785.1
WP_150776456.1#43|Pseudomonas_sp__S49	492	-	+	6	6102	6593	4487410	4487901	WP_127929085.1#43	NZ_CP019432.1	GCF_009866785.1



WP_108064772.1#37|Burkholderia_sp__LA_2_3_30_S1_D2	438	+	+	0	-7625	-7188	117710	118147	WP_059604025.1#37	NZ_CP013385.1	GCF_001523915.2
WP_108064772.1#37|Burkholderia_sp__LA_2_3_30_S1_D2	4809	+	+	5	-7092	-2284	118243	123051	WP_059604022.1#37	NZ_CP013385.1	GCF_001523915.2
WP_108064772.1#37|Burkholderia_sp__LA_2_3_30_S1_D2	882	+	+	19	-1939	-1058	123396	124277	WP_159086596.1#37	NZ_CP013385.1	GCF_001523915.2
WP_108064772.1#37|Burkholderia_sp__LA_2_3_30_S1_D2	846	+	+	19	-989	-144	124346	125191	WP_159086597.1#37	NZ_CP013385.1	GCF_001523915.2
WP_108064772.1#37|Burkholderia_sp__LA_2_3_30_S1_D2	4698	+	+	32	1	4698	125336	130033	WP_108064772.1#37	NZ_CP013385.1	GCF_001523915.2
WP_108064772.1#37|Burkholderia_sp__LA_2_3_30_S1_D2	165	+	+	20	4928	5092	130263	130427	WP_159086598.1#37	NZ_CP013385.1	GCF_001523915.2
WP_108064772.1#37|Burkholderia_sp__LA_2_3_30_S1_D2	1088	+	+	16	5153	6240	130488	131575	WP_108064773.1#37	NZ_CP013385.1	GCF_001523915.2
WP_108064772.1#37|Burkholderia_sp__LA_2_3_30_S1_D2	147	+	+	20	6348	6494	131683	131829	WP_159086599.1#37	NZ_CP013385.1	GCF_001523915.2
WP_108064772.1#37|Burkholderia_sp__LA_2_3_30_S1_D2	177	+	+	34	6541	6717	131876	132052	pseudogene_37.1*#37	NZ_CP013385.1	GCF_001523915.2



WP_132373195.1#40|Melghiribacillus_thermohalophilus	129	-	+	0	-1721	-1593	18994	19122	WP_279388281.1#40	NZ_SMAN01000034.1	GCF_004342905.1
WP_132373195.1#40|Melghiribacillus_thermohalophilus	435	-	-	0	-1573	-1139	18540	18974	WP_132373199.1#40	NZ_SMAN01000034.1	GCF_004342905.1
WP_132373195.1#40|Melghiribacillus_thermohalophilus	456	-	-	0	-1103	-648	18049	18504	WP_132373197.1#40	NZ_SMAN01000034.1	GCF_004342905.1
WP_132373195.1#40|Melghiribacillus_thermohalophilus	8463	-	+	32	1	8463	8938	17400	WP_132373195.1#40	NZ_SMAN01000034.1	GCF_004342905.1
WP_132373195.1#40|Melghiribacillus_thermohalophilus	252	-	+	1	8494	8745	8656	8907	WP_424399171.1#40	NZ_SMAN01000034.1	GCF_004342905.1
WP_132373195.1#40|Melghiribacillus_thermohalophilus	201	-	-	13	9059	9259	8142	8342	WP_026089141.1#40	NZ_SMAN01000034.1	GCF_004342905.1
WP_132373195.1#40|Melghiribacillus_thermohalophilus	778	-	+	34	9425	10202	7199	7976	pseudogene_40.4*#40	NZ_SMAN01000034.1	GCF_004342905.1
WP_132373195.1#40|Melghiribacillus_thermohalophilus	1200	-	+	0	10334	11533	5868	7067	WP_132373193.1#40	NZ_SMAN01000034.1	GCF_004342905.1



WP_119112986.1#12|Mesobacillus_zeae	924	+	+	7	-3655	-2732	88611	89534	WP_119112981.1#12	NZ_QWVT01000018.1	GCF_003570705.1
WP_119112986.1#12|Mesobacillus_zeae	606	+	+	7	-2742	-2137	89524	90129	WP_119112982.1#12	NZ_QWVT01000018.1	GCF_003570705.1
WP_119112986.1#12|Mesobacillus_zeae	381	+	-	0	-1456	-1076	90810	91190	WP_181213358.1#12	NZ_QWVT01000018.1	GCF_003570705.1
WP_119112986.1#12|Mesobacillus_zeae	237	+	+	5	-347	-111	91919	92155	WP_119112985.1#12	NZ_QWVT01000018.1	GCF_003570705.1
WP_119112986.1#12|Mesobacillus_zeae	723	+	+	32	1	723	92267	92989	WP_119112986.1#12	NZ_QWVT01000018.1	GCF_003570705.1
WP_119112986.1#12|Mesobacillus_zeae	240	+	+	1	753	992	93019	93258	WP_119112987.1#12	NZ_QWVT01000018.1	GCF_003570705.1
WP_119112986.1#12|Mesobacillus_zeae	405	+	+	14	1614	2018	93880	94284	WP_119112988.1#12	NZ_QWVT01000018.1	GCF_003570705.1
WP_119112986.1#12|Mesobacillus_zeae	447	+	+	0	2409	2855	94675	95121	WP_119112989.1#12	NZ_QWVT01000018.1	GCF_003570705.1
WP_119112986.1#12|Mesobacillus_zeae	474	+	+	0	2927	3400	95193	95666	WP_119112990.1#12	NZ_QWVT01000018.1	GCF_003570705.1



WP_235356053.1#45|Aneurinibacillus_migulanus	440	+	+	32	1	440	1	440	WP_235356053.1#45	NZ_JYBN01000106.1	GCF_000878885.1
WP_235356053.1#45|Aneurinibacillus_migulanus	240	+	+	1	464	703	464	703	WP_043072075.1#45	NZ_JYBN01000106.1	GCF_000878885.1
WP_235356053.1#45|Aneurinibacillus_migulanus	315	+	+	0	1191	1505	1191	1505	WP_052520720.1#45	NZ_JYBN01000106.1	GCF_000878885.1
WP_235356053.1#45|Aneurinibacillus_migulanus	243	+	+	0	1523	1765	1523	1765	WP_043072076.1#45	NZ_JYBN01000106.1	GCF_000878885.1
WP_235356053.1#45|Aneurinibacillus_migulanus	261	+	+	34	1907	2167	1907	2167	pseudogene_45.3*#45	NZ_JYBN01000106.1	GCF_000878885.1



WP_258279151.1#6|Paenibacillus_sp__SC116	888	+	+	0	-2894	-2007	86587	87474	WP_258279147.1#6	NZ_JANIOF010000004.1	GCF_024733555.1
WP_258279151.1#6|Paenibacillus_sp__SC116	279	+	+	0	-1839	-1561	87642	87920	WP_258279148.1#6	NZ_JANIOF010000004.1	GCF_024733555.1
WP_258279151.1#6|Paenibacillus_sp__SC116	336	+	+	0	-1480	-1145	88001	88336	WP_258279149.1#6	NZ_JANIOF010000004.1	GCF_024733555.1
WP_258279151.1#6|Paenibacillus_sp__SC116	768	+	+	0	-781	-14	88700	89467	WP_258279150.1#6	NZ_JANIOF010000004.1	GCF_024733555.1
WP_258279151.1#6|Paenibacillus_sp__SC116	8310	+	+	32	1	8310	89482	97791	WP_258279151.1#6	NZ_JANIOF010000004.1	GCF_024733555.1
WP_258279151.1#6|Paenibacillus_sp__SC116	369	+	+	0	8889	9257	98370	98738	WP_258279152.1#6	NZ_JANIOF010000004.1	GCF_024733555.1
WP_258279151.1#6|Paenibacillus_sp__SC116	306	+	+	0	9526	9831	99007	99312	WP_258279153.1#6	NZ_JANIOF010000004.1	GCF_024733555.1
WP_258279151.1#6|Paenibacillus_sp__SC116	534	+	+	34	10110	10643	99591	100124	pseudogene_6.9*#6	NZ_JANIOF010000004.1	GCF_024733555.1
WP_258279151.1#6|Paenibacillus_sp__SC116	765	+	+	10	10895	11659	100376	101140	WP_375163083.1#6	NZ_JANIOF010000004.1	GCF_024733555.1



WP_092559051.1#27|Anaeromicropila_populeti	303	+	+	16	-3996	-3694	1	303	WP_143099116.1#27	NZ_FOYZ01000002.1	GCF_900112775.1
WP_092559051.1#27|Anaeromicropila_populeti	2703	+	+	5	-3629	-927	368	3070	WP_092559050.1#27	NZ_FOYZ01000002.1	GCF_900112775.1
WP_092559051.1#27|Anaeromicropila_populeti	681	+	+	0	-910	-230	3087	3767	WP_092559428.1#27	NZ_FOYZ01000002.1	GCF_900112775.1
WP_092559051.1#27|Anaeromicropila_populeti	1416	+	+	32	1	1416	3998	5413	WP_092559051.1#27	NZ_FOYZ01000002.1	GCF_900112775.1
WP_092559051.1#27|Anaeromicropila_populeti	213	+	+	1	1434	1646	5431	5643	WP_092559052.1#27	NZ_FOYZ01000002.1	GCF_900112775.1
WP_092559051.1#27|Anaeromicropila_populeti	759	+	+	10	1850	2608	5847	6605	WP_177214499.1#27	NZ_FOYZ01000002.1	GCF_900112775.1
WP_092559051.1#27|Anaeromicropila_populeti	717	+	+	0	2599	3315	6596	7312	WP_092559054.1#27	NZ_FOYZ01000002.1	GCF_900112775.1
WP_092559051.1#27|Anaeromicropila_populeti	507	+	+	10	3374	3880	7371	7877	WP_092559055.1#27	NZ_FOYZ01000002.1	GCF_900112775.1



WP_091572874.1#46|Melghirimyces_thermohalophilus	226	+	-	34	-405	-180	1	226	pseudogene_46.2*#46	NZ_FMZA01000025.1	GCF_900102685.1
WP_091572874.1#46|Melghirimyces_thermohalophilus	573	+	+	32	1	573	407	979	WP_091572874.1#46	NZ_FMZA01000025.1	GCF_900102685.1
WP_091572874.1#46|Melghirimyces_thermohalophilus	114	+	+	8	1410	1523	1816	1929	WP_281220697.1#46	NZ_FMZA01000025.1	GCF_900102685.1
WP_091572874.1#46|Melghirimyces_thermohalophilus	123	+	+	0	1493	1615	1899	2021	WP_281220686.1#46	NZ_FMZA01000025.1	GCF_900102685.1
WP_091572874.1#46|Melghirimyces_thermohalophilus	411	+	+	0	1628	2038	2034	2444	WP_091572879.1#46	NZ_FMZA01000025.1	GCF_900102685.1
WP_091572874.1#46|Melghirimyces_thermohalophilus	177	+	+	0	2431	2607	2837	3013	WP_176758021.1#46	NZ_FMZA01000025.1	GCF_900102685.1



WP_199870447.1#51|Clostridium_senegalense	1518	-	+	0	-3843	-2326	10873	12390	WP_199870451.1#51	NZ_JAAGPU010000026.1	GCF_010692705.1
WP_199870447.1#51|Clostridium_senegalense	663	-	+	10	-2110	-1448	9995	10657	WP_199870450.1#51	NZ_JAAGPU010000026.1	GCF_010692705.1
WP_199870447.1#51|Clostridium_senegalense	324	-	+	0	-1333	-1010	9557	9880	WP_199870449.1#51	NZ_JAAGPU010000026.1	GCF_010692705.1
WP_199870447.1#51|Clostridium_senegalense	441	-	+	0	-979	-539	9086	9526	WP_199870448.1#51	NZ_JAAGPU010000026.1	GCF_010692705.1
WP_199870447.1#51|Clostridium_senegalense	378	-	+	32	1	378	8169	8546	WP_199870447.1#51	NZ_JAAGPU010000026.1	GCF_010692705.1
WP_199870447.1#51|Clostridium_senegalense	213	-	+	1	392	604	7943	8155	WP_199870446.1#51	NZ_JAAGPU010000026.1	GCF_010692705.1
WP_199870447.1#51|Clostridium_senegalense	198	-	+	34	1580	1777	6770	6967	pseudogene_51.0*#51	NZ_JAAGPU010000026.1	GCF_010692705.1
WP_199870447.1#51|Clostridium_senegalense	384	-	+	0	1799	2182	6365	6748	WP_199870445.1#51	NZ_JAAGPU010000026.1	GCF_010692705.1
WP_199870447.1#51|Clostridium_senegalense	456	-	+	0	2304	2759	5788	6243	WP_199870444.1#51	NZ_JAAGPU010000026.1	GCF_010692705.1



WP_052268011.1#23|Clostridium_argentinense	864	+	+	0	-4835	-3972	1845841	1846704	WP_039631505.1#23	NZ_CP014176.1	GCF_002074155.1
WP_052268011.1#23|Clostridium_argentinense	651	+	+	0	-3975	-3325	1846701	1847351	WP_039631508.1#23	NZ_CP014176.1	GCF_002074155.1
WP_052268011.1#23|Clostridium_argentinense	633	+	+	0	-3323	-2691	1847353	1847985	WP_039631510.1#23	NZ_CP014176.1	GCF_002074155.1
WP_052268011.1#23|Clostridium_argentinense	2319	+	+	0	-2506	-188	1848170	1850488	WP_039631512.1#23	NZ_CP014176.1	GCF_002074155.1
WP_052268011.1#23|Clostridium_argentinense	10506	+	+	32	1	10506	1850677	1861182	WP_052268011.1#23	NZ_CP014176.1	GCF_002074155.1
WP_052268011.1#23|Clostridium_argentinense	213	+	+	1	10524	10736	1861200	1861412	WP_039631514.1#23	NZ_CP014176.1	GCF_002074155.1
WP_052268011.1#23|Clostridium_argentinense	429	+	+	14	11349	11777	1862025	1862453	WP_039631516.1#23	NZ_CP014176.1	GCF_002074155.1
WP_052268011.1#23|Clostridium_argentinense	180	+	+	5	12185	12364	1862861	1863040	WP_039631518.1#23	NZ_CP014176.1	GCF_002074155.1
WP_052268011.1#23|Clostridium_argentinense	1053	+	+	5	12496	13548	1863172	1864224	WP_080618918.1#23	NZ_CP014176.1	GCF_002074155.1



WP_160647541.1#48|Chengkuizengella_marina	1291	-	+	5	-2050	-760	11575	12865	WP_328699973.1#48	NZ_SIJB01000037.1	GCF_009910845.1
WP_160647541.1#48|Chengkuizengella_marina	393	-	+	0	-737	-345	11160	11552	WP_160647542.1#48	NZ_SIJB01000037.1	GCF_009910845.1
WP_160647541.1#48|Chengkuizengella_marina	1488	-	+	32	1	1488	9327	10814	WP_160647541.1#48	NZ_SIJB01000037.1	GCF_009910845.1
WP_160647541.1#48|Chengkuizengella_marina	255	-	+	1	1509	1763	9052	9306	WP_160647540.1#48	NZ_SIJB01000037.1	GCF_009910845.1
WP_160647541.1#48|Chengkuizengella_marina	318	-	+	0	2166	2483	8332	8649	WP_160647539.1#48	NZ_SIJB01000037.1	GCF_009910845.1
WP_160647541.1#48|Chengkuizengella_marina	315	-	+	0	2626	2940	7875	8189	WP_160647538.1#48	NZ_SIJB01000037.1	GCF_009910845.1
WP_160647541.1#48|Chengkuizengella_marina	1737	-	+	0	2918	4654	6161	7897	WP_235929938.1#48	NZ_SIJB01000037.1	GCF_009910845.1



WP_122910076.1#13|Brevibacillus_invocatus	3921	+	+	32	1	3921	43	3963	WP_122910076.1#13	NZ_RHHR01000031.1	GCF_003710915.1
WP_122910076.1#13|Brevibacillus_invocatus	213	+	+	1	3949	4161	3991	4203	WP_122910077.1#13	NZ_RHHR01000031.1	GCF_003710915.1
WP_122910076.1#13|Brevibacillus_invocatus	265	+	+	34	4349	4613	4391	4655	pseudogene_13.6*#13	NZ_RHHR01000031.1	GCF_003710915.1



WP_065067409.1#24|Brevibacillus_sp__WF146	105	+	+	34	-4668	-4564	583652	583756	pseudogene_24.8*#24	NZ_CP109943.1	GCF_001673705.2
WP_065067409.1#24|Brevibacillus_sp__WF146	2499	+	+	0	-4415	-1917	583905	586403	WP_176703308.1#24	NZ_CP109943.1	GCF_001673705.2
WP_065067409.1#24|Brevibacillus_sp__WF146	423	+	-	0	-1590	-1168	586730	587152	WP_319800799.1#24	NZ_CP109943.1	GCF_001673705.2
WP_065067409.1#24|Brevibacillus_sp__WF146	765	+	+	0	-787	-23	587533	588297	WP_264622390.1#24	NZ_CP109943.1	GCF_001673705.2
WP_065067409.1#24|Brevibacillus_sp__WF146	5442	+	+	32	1	5442	588321	593762	WP_065067409.1#24	NZ_CP109943.1	GCF_001673705.2
WP_065067409.1#24|Brevibacillus_sp__WF146	267	+	+	1	5460	5726	593780	594046	WP_083989840.1#24	NZ_CP109943.1	GCF_001673705.2
WP_065067409.1#24|Brevibacillus_sp__WF146	1221	+	+	0	5856	7076	594176	595396	WP_065068429.1#24	NZ_CP109943.1	GCF_001673705.2
WP_065067409.1#24|Brevibacillus_sp__WF146	887	+	+	34	7529	8415	595849	596735	pseudogene_24.9*#24	NZ_CP109943.1	GCF_001673705.2
WP_065067409.1#24|Brevibacillus_sp__WF146	768	+	-	0	8470	9237	596790	597557	WP_065067407.1#24	NZ_CP109943.1	GCF_001673705.2



WP_258957891.1#17|Brevibacillus_centrosporus	243	-	+	0	-4389	-4147	66494	66736	WP_003843341.1#17	NZ_FORT01000019.1	GCF_900114075.1
WP_258957891.1#17|Brevibacillus_centrosporus	2514	-	+	0	-4003	-1490	63837	66350	WP_092275261.1#17	NZ_FORT01000019.1	GCF_900114075.1
WP_258957891.1#17|Brevibacillus_centrosporus	474	-	+	0	-1371	-898	63245	63718	WP_055745511.1#17	NZ_FORT01000019.1	GCF_900114075.1
WP_258957891.1#17|Brevibacillus_centrosporus	357	-	+	33	-642	-286	62633	62989	tmRNA_17.5*#17	NZ_FORT01000019.1	GCF_900114075.1
WP_258957891.1#17|Brevibacillus_centrosporus	3876	-	+	32	1	3876	58471	62346	WP_258957891.1#17	NZ_FORT01000019.1	GCF_900114075.1
WP_258957891.1#17|Brevibacillus_centrosporus	261	-	+	1	3900	4160	58187	58447	WP_309599990.1#17	NZ_FORT01000019.1	GCF_900114075.1
WP_258957891.1#17|Brevibacillus_centrosporus	849	-	+	0	4772	5620	56727	57575	WP_092275255.1#17	NZ_FORT01000019.1	GCF_900114075.1
WP_258957891.1#17|Brevibacillus_centrosporus	207	-	-	13	5623	5829	56518	56724	WP_092275252.1#17	NZ_FORT01000019.1	GCF_900114075.1
WP_258957891.1#17|Brevibacillus_centrosporus	777	-	+	0	5990	6766	55581	56357	WP_092275249.1#17	NZ_FORT01000019.1	GCF_900114075.1



WP_201630179.1#52|Tumebacillus_amylolyticus	741	+	+	0	-5261	-4521	44044	44784	WP_201630171.1#52	NZ_JAEQNB010000001.1	GCF_016722965.1
WP_201630179.1#52|Tumebacillus_amylolyticus	969	+	+	0	-4524	-3556	44781	45749	WP_201630173.1#52	NZ_JAEQNB010000001.1	GCF_016722965.1
WP_201630179.1#52|Tumebacillus_amylolyticus	594	+	+	0	-3432	-2839	45873	46466	WP_201630175.1#52	NZ_JAEQNB010000001.1	GCF_016722965.1
WP_201630179.1#52|Tumebacillus_amylolyticus	2310	+	+	0	-2640	-331	46665	48974	WP_283809031.1#52	NZ_JAEQNB010000001.1	GCF_016722965.1
WP_201630179.1#52|Tumebacillus_amylolyticus	2718	+	+	32	1	2718	49306	52023	WP_201630179.1#52	NZ_JAEQNB010000001.1	GCF_016722965.1
WP_201630179.1#52|Tumebacillus_amylolyticus	252	+	+	1	2737	2988	52042	52293	WP_201630181.1#52	NZ_JAEQNB010000001.1	GCF_016722965.1
WP_201630179.1#52|Tumebacillus_amylolyticus	627	+	+	0	3136	3762	52441	53067	WP_201630183.1#52	NZ_JAEQNB010000001.1	GCF_016722965.1
WP_201630179.1#52|Tumebacillus_amylolyticus	288	+	+	0	3793	4080	53098	53385	WP_201630184.1#52	NZ_JAEQNB010000001.1	GCF_016722965.1
WP_201630179.1#52|Tumebacillus_amylolyticus	420	+	-	0	4188	4607	53493	53912	WP_430727211.1#52	NZ_JAEQNB010000001.1	GCF_016722965.1



WP_205245165.1#34|Desulfovibrio_psychrotolerans	1164	+	+	32	1	1164	1	1164	WP_205245165.1#34	NZ_BLVP01000043.1	GCF_013340305.1
WP_205245165.1#34|Desulfovibrio_psychrotolerans	324	+	+	1	1177	1500	1177	1500	WP_174411089.1#34	NZ_BLVP01000043.1	GCF_013340305.1
WP_205245165.1#34|Desulfovibrio_psychrotolerans	330	+	+	0	1781	2110	1781	2110	WP_174411090.1#34	NZ_BLVP01000043.1	GCF_013340305.1
WP_205245165.1#34|Desulfovibrio_psychrotolerans	369	+	+	0	2091	2459	2091	2459	WP_174411091.1#34	NZ_BLVP01000043.1	GCF_013340305.1
WP_205245165.1#34|Desulfovibrio_psychrotolerans	600	+	+	2	2619	3218	2619	3218	WP_174411092.1#34	NZ_BLVP01000043.1	GCF_013340305.1



WP_128328744.1#47|Pseudodesulfovibrio_sp__S3	306	+	+	0	-2648	-2343	168564	168869	WP_128328740.1#47	NZ_QTZO01000007.1	GCF_004025585.1
WP_128328744.1#47|Pseudodesulfovibrio_sp__S3	660	+	+	15	-2247	-1588	168965	169624	WP_128328741.1#47	NZ_QTZO01000007.1	GCF_004025585.1
WP_128328744.1#47|Pseudodesulfovibrio_sp__S3	306	+	+	0	-1402	-1097	169810	170115	WP_128328742.1#47	NZ_QTZO01000007.1	GCF_004025585.1
WP_128328744.1#47|Pseudodesulfovibrio_sp__S3	660	+	+	15	-702	-43	170510	171169	WP_128328743.1#47	NZ_QTZO01000007.1	GCF_004025585.1
WP_128328744.1#47|Pseudodesulfovibrio_sp__S3	537	+	+	32	1	537	171213	171749	WP_128328744.1#47	NZ_QTZO01000007.1	GCF_004025585.1
WP_128328744.1#47|Pseudodesulfovibrio_sp__S3	330	+	+	1	546	875	171758	172087	WP_128328745.1#47	NZ_QTZO01000007.1	GCF_004025585.1



WP_310913347.1#9|Lipingzhangella_rawalii	1242	-	+	0	-4676	-3435	76652	77893	WP_310913350.1#9	NZ_JAVLVT010000008.1	GCF_031628175.1
WP_310913347.1#9|Lipingzhangella_rawalii	969	-	+	6	-3311	-2343	75560	76528	WP_310913349.1#9	NZ_JAVLVT010000008.1	GCF_031628175.1
WP_310913347.1#9|Lipingzhangella_rawalii	1185	-	+	0	-2206	-1022	74239	75423	WP_310913348.1#9	NZ_JAVLVT010000008.1	GCF_031628175.1
WP_310913347.1#9|Lipingzhangella_rawalii	360	-	-	34	-1011	-652	73869	74228	pseudogene_9.1*#9	NZ_JAVLVT010000008.1	GCF_031628175.1
WP_310913347.1#9|Lipingzhangella_rawalii	1779	-	+	32	1	1779	71438	73216	WP_310913347.1#9	NZ_JAVLVT010000008.1	GCF_031628175.1
WP_310913347.1#9|Lipingzhangella_rawalii	618	-	-	0	2385	3002	70215	70832	WP_310913346.1#9	NZ_JAVLVT010000008.1	GCF_031628175.1
WP_310913347.1#9|Lipingzhangella_rawalii	1086	-	-	0	3142	4227	68990	70075	WP_310913345.1#9	NZ_JAVLVT010000008.1	GCF_031628175.1
WP_310913347.1#9|Lipingzhangella_rawalii	1728	-	-	31	4446	6173	67044	68771	WP_310913344.1#9	NZ_JAVLVT010000008.1	GCF_031628175.1
WP_310913347.1#9|Lipingzhangella_rawalii	825	-	-	0	6170	6994	66223	67047	WP_310913343.1#9	NZ_JAVLVT010000008.1	GCF_031628175.1



WP_078851461.1#5|Streptomyces_sp__NRRL_S_237	1581	+	+	11	-4347	-2767	75649	77229	WP_030724525.1#5	NZ_JODA01000021.1	GCF_000718935.1
WP_078851461.1#5|Streptomyces_sp__NRRL_S_237	609	+	+	12	-2714	-2106	77282	77890	WP_051774137.1#5	NZ_JODA01000021.1	GCF_000718935.1
WP_078851461.1#5|Streptomyces_sp__NRRL_S_237	618	+	+	12	-2070	-1453	77926	78543	WP_030724529.1#5	NZ_JODA01000021.1	GCF_000718935.1
WP_078851461.1#5|Streptomyces_sp__NRRL_S_237	1122	+	+	11	-1298	-177	78698	79819	WP_030724531.1#5	NZ_JODA01000021.1	GCF_000718935.1
WP_078851461.1#5|Streptomyces_sp__NRRL_S_237	4293	+	+	32	1	4293	79997	84289	WP_078851461.1#5	NZ_JODA01000021.1	GCF_000718935.1
WP_078851461.1#5|Streptomyces_sp__NRRL_S_237	633	+	-	0	4758	5390	84754	85386	WP_030724536.1#5	NZ_JODA01000021.1	GCF_000718935.1
WP_078851461.1#5|Streptomyces_sp__NRRL_S_237	369	+	+	0	5482	5850	85478	85846	WP_030724538.1#5	NZ_JODA01000021.1	GCF_000718935.1
WP_078851461.1#5|Streptomyces_sp__NRRL_S_237	1491	+	+	0	5865	7355	85861	87351	WP_030724541.1#5	NZ_JODA01000021.1	GCF_000718935.1
WP_078851461.1#5|Streptomyces_sp__NRRL_S_237	675	+	+	0	7370	8044	87366	88040	WP_030724544.1#5	NZ_JODA01000021.1	GCF_000718935.1



WP_223838035.1#35|Streptomyces_venezuelae	900	+	-	0	-7469	-6570	7401396	7402295	WP_150211694.1#35	NZ_CP029190.1	GCF_008642295.1
WP_223838035.1#35|Streptomyces_venezuelae	1917	+	-	0	-6440	-4524	7402425	7404341	WP_223838034.1#35	NZ_CP029190.1	GCF_008642295.1
WP_223838035.1#35|Streptomyces_venezuelae	1575	+	-	4	-4194	-2620	7404671	7406245	WP_150211695.1#35	NZ_CP029190.1	GCF_008642295.1
WP_223838035.1#35|Streptomyces_venezuelae	2004	+	-	4	-2510	-507	7406355	7408358	WP_150211696.1#35	NZ_CP029190.1	GCF_008642295.1
WP_223838035.1#35|Streptomyces_venezuelae	4056	+	+	32	1	4056	7408866	7412921	WP_223838035.1#35	NZ_CP029190.1	GCF_008642295.1
WP_223838035.1#35|Streptomyces_venezuelae	636	+	+	0	5172	5807	7414037	7414672	WP_150211697.1#35	NZ_CP029190.1	GCF_008642295.1
WP_223838035.1#35|Streptomyces_venezuelae	945	+	-	0	6059	7003	7414924	7415868	WP_150211698.1#35	NZ_CP029190.1	GCF_008642295.1
WP_223838035.1#35|Streptomyces_venezuelae	2190	+	-	0	7021	9210	7415886	7418075	WP_150211699.1#35	NZ_CP029190.1	GCF_008642295.1
WP_223838035.1#35|Streptomyces_venezuelae	462	+	-	0	9207	9668	7418072	7418533	WP_150211700.1#35	NZ_CP029190.1	GCF_008642295.1



WP_262003521.1#18|Streptomyces_sp__FIT100	510	-	-	0	-5805	-5296	769442	769951	WP_399013171.1#18	NZ_CP075715.1	GCF_024584805.1
WP_262003521.1#18|Streptomyces_sp__FIT100	2130	-	-	4	-4958	-2829	766975	769104	WP_262003526.1#18	NZ_CP075715.1	GCF_024584805.1
WP_262003521.1#18|Streptomyces_sp__FIT100	1524	-	-	4	-2787	-1264	765410	766933	WP_262003524.1#18	NZ_CP075715.1	GCF_024584805.1
WP_262003521.1#18|Streptomyces_sp__FIT100	513	-	-	4	-888	-376	764522	765034	WP_262003523.1#18	NZ_CP075715.1	GCF_024584805.1
WP_262003521.1#18|Streptomyces_sp__FIT100	3897	-	+	32	1	3897	760249	764145	WP_262003521.1#18	NZ_CP075715.1	GCF_024584805.1
WP_262003521.1#18|Streptomyces_sp__FIT100	333	-	+	34	4385	4717	759429	759761	pseudogene_18.0*#18	NZ_CP075715.1	GCF_024584805.1
WP_262003521.1#18|Streptomyces_sp__FIT100	522	-	-	0	4628	5149	758997	759518	WP_262003520.1#18	NZ_CP075715.1	GCF_024584805.1
WP_262003521.1#18|Streptomyces_sp__FIT100	885	-	-	0	5345	6229	757917	758801	WP_262003518.1#18	NZ_CP075715.1	GCF_024584805.1
WP_262003521.1#18|Streptomyces_sp__FIT100	2565	-	-	0	6245	8809	755337	757901	WP_262003516.1#18	NZ_CP075715.1	GCF_024584805.1



WP_194859083.1#50|Streptomyces_sp__SUK_48	756	-	-	0	-5334	-4579	8226320	8227075	WP_243878246.1#50	NZ_CP045740.1	GCF_009650765.1
WP_194859083.1#50|Streptomyces_sp__SUK_48	225	-	-	0	-4288	-4064	8225805	8226029	WP_153815676.1#50	NZ_CP045740.1	GCF_009650765.1
WP_194859083.1#50|Streptomyces_sp__SUK_48	2190	-	-	4	-3326	-1137	8222878	8225067	WP_243878431.1#50	NZ_CP045740.1	GCF_009650765.1
WP_194859083.1#50|Streptomyces_sp__SUK_48	372	-	-	4	-979	-608	8222349	8222720	WP_243878245.1#50	NZ_CP045740.1	GCF_009650765.1
WP_194859083.1#50|Streptomyces_sp__SUK_48	3816	-	+	32	1	3816	8217925	8221740	WP_194859083.1#50	NZ_CP045740.1	GCF_009650765.1
WP_194859083.1#50|Streptomyces_sp__SUK_48	222	-	+	1	3828	4049	8217692	8217913	WP_153815673.1#50	NZ_CP045740.1	GCF_009650765.1
WP_194859083.1#50|Streptomyces_sp__SUK_48	516	-	+	34	4371	4886	8216855	8217370	pseudogene_50.2*#50	NZ_CP045740.1	GCF_009650765.1
WP_194859083.1#50|Streptomyces_sp__SUK_48	1971	-	+	0	5151	7121	8214620	8216590	WP_153815672.1#50	NZ_CP045740.1	GCF_009650765.1
WP_194859083.1#50|Streptomyces_sp__SUK_48	519	-	-	0	7178	7696	8214045	8214563	WP_153815671.1#50	NZ_CP045740.1	GCF_009650765.1



WP_197010126.1#33|Actinomadura_viridis	1596	+	+	21	-3383	-1788	1539788	1541383	WP_197010122.1#33	NZ_JADOUA010000001.1	GCF_015751755.1
WP_197010126.1#33|Actinomadura_viridis	561	+	+	22	-1806	-1246	1541365	1541925	WP_197010123.1#33	NZ_JADOUA010000001.1	GCF_015751755.1
WP_197010126.1#33|Actinomadura_viridis	483	+	+	0	-1242	-760	1541929	1542411	WP_197010124.1#33	NZ_JADOUA010000001.1	GCF_015751755.1
WP_197010126.1#33|Actinomadura_viridis	453	+	+	0	-716	-264	1542455	1542907	WP_197010125.1#33	NZ_JADOUA010000001.1	GCF_015751755.1
WP_197010126.1#33|Actinomadura_viridis	1578	+	+	32	1	1578	1543172	1544749	WP_197010126.1#33	NZ_JADOUA010000001.1	GCF_015751755.1
WP_197010126.1#33|Actinomadura_viridis	741	+	+	1	1584	2324	1544755	1545495	WP_197010127.1#33	NZ_JADOUA010000001.1	GCF_015751755.1
WP_197010126.1#33|Actinomadura_viridis	1452	+	+	21	2476	3927	1545647	1547098	WP_197010128.1#33	NZ_JADOUA010000001.1	GCF_015751755.1
WP_197010126.1#33|Actinomadura_viridis	399	+	+	0	3964	4362	1547135	1547533	WP_197010129.1#33	NZ_JADOUA010000001.1	GCF_015751755.1
WP_197010126.1#33|Actinomadura_viridis	585	+	+	22	4457	5041	1547628	1548212	WP_197010130.1#33	NZ_JADOUA010000001.1	GCF_015751755.1



WP_145460096.1#30|Gimesia_panareensis	711	+	-	0	-3952	-3242	7851006	7851716	WP_145460092.1#30	NZ_CP036317.1	GCF_007751945.1
WP_145460096.1#30|Gimesia_panareensis	849	+	-	0	-3204	-2356	7851754	7852602	WP_145460093.1#30	NZ_CP036317.1	GCF_007751945.1
WP_145460096.1#30|Gimesia_panareensis	663	+	+	0	-2136	-1474	7852822	7853484	WP_145460094.1#30	NZ_CP036317.1	GCF_007751945.1
WP_145460096.1#30|Gimesia_panareensis	1317	+	+	0	-1342	-26	7853616	7854932	WP_145460095.1#30	NZ_CP036317.1	GCF_007751945.1
WP_145460096.1#30|Gimesia_panareensis	762	+	+	32	1	762	7854959	7855720	WP_145460096.1#30	NZ_CP036317.1	GCF_007751945.1
WP_145460096.1#30|Gimesia_panareensis	273	+	+	1	788	1060	7855746	7856018	WP_145460097.1#30	NZ_CP036317.1	GCF_007751945.1
WP_145460096.1#30|Gimesia_panareensis	909	+	-	0	1080	1988	7856038	7856946	WP_145460098.1#30	NZ_CP036317.1	GCF_007751945.1
WP_145460096.1#30|Gimesia_panareensis	1242	+	-	0	2306	3547	7857264	7858505	WP_145115318.1#30	NZ_CP036317.1	GCF_007751945.1
WP_145460096.1#30|Gimesia_panareensis	651	+	-	0	3623	4273	7858581	7859231	WP_145460099.1#30	NZ_CP036317.1	GCF_007751945.1



WP_146507999.1#31|Thalassoglobus_neptunius	612	+	+	6	-3359	-2748	1536804	1537415	WP_231740698.1#31	NZ_SIHI01000001.1	GCF_007859735.1
WP_146507999.1#31|Thalassoglobus_neptunius	513	+	+	17	-2728	-2216	1537435	1537947	WP_146507994.1#31	NZ_SIHI01000001.1	GCF_007859735.1
WP_146507999.1#31|Thalassoglobus_neptunius	1422	+	+	0	-2223	-802	1537940	1539361	WP_146507996.1#31	NZ_SIHI01000001.1	GCF_007859735.1
WP_146507999.1#31|Thalassoglobus_neptunius	714	+	+	7	-709	4	1539454	1540167	WP_146507997.1#31	NZ_SIHI01000001.1	GCF_007859735.1
WP_146507999.1#31|Thalassoglobus_neptunius	654	+	+	32	1	654	1540164	1540817	WP_146507999.1#31	NZ_SIHI01000001.1	GCF_007859735.1
WP_146507999.1#31|Thalassoglobus_neptunius	2025	+	-	18	760	2784	1540923	1542947	WP_146508001.1#31	NZ_SIHI01000001.1	GCF_007859735.1
WP_146507999.1#31|Thalassoglobus_neptunius	1716	+	-	23	2888	4603	1543051	1544766	WP_231740700.1#31	NZ_SIHI01000001.1	GCF_007859735.1
WP_146507999.1#31|Thalassoglobus_neptunius	1122	+	-	0	4849	5970	1545012	1546133	WP_146508003.1#31	NZ_SIHI01000001.1	GCF_007859735.1
WP_146507999.1#31|Thalassoglobus_neptunius	1575	+	-	23	6099	7673	1546262	1547836	WP_146508005.1#31	NZ_SIHI01000001.1	GCF_007859735.1



WP_145195934.1#42|Thalassoglobus_polymorphus	612	-	+	6	-3296	-2685	769672	770283	WP_231739882.1#42	NZ_CP036267.1	GCF_007744255.1
WP_145195934.1#42|Thalassoglobus_polymorphus	519	-	+	17	-2615	-2097	769084	769602	WP_145195940.1#42	NZ_CP036267.1	GCF_007744255.1
WP_145195934.1#42|Thalassoglobus_polymorphus	1347	-	+	0	-2110	-764	767751	769097	WP_145195938.1#42	NZ_CP036267.1	GCF_007744255.1
WP_145195934.1#42|Thalassoglobus_polymorphus	696	-	+	7	-764	-69	767056	767751	WP_145195936.1#42	NZ_CP036267.1	GCF_007744255.1
WP_145195934.1#42|Thalassoglobus_polymorphus	630	-	+	32	1	630	766357	766986	WP_145195934.1#42	NZ_CP036267.1	GCF_007744255.1
WP_145195934.1#42|Thalassoglobus_polymorphus	2040	-	-	18	1111	3150	763837	765876	WP_145195932.1#42	NZ_CP036267.1	GCF_007744255.1
WP_145195934.1#42|Thalassoglobus_polymorphus	1821	-	+	0	3408	5228	761759	763579	WP_145195930.1#42	NZ_CP036267.1	GCF_007744255.1
WP_145195934.1#42|Thalassoglobus_polymorphus	825	-	-	0	5513	6337	760650	761474	WP_145195928.1#42	NZ_CP036267.1	GCF_007744255.1
WP_145195934.1#42|Thalassoglobus_polymorphus	1092	-	+	0	6814	7905	759082	760173	WP_145195926.1#42	NZ_CP036267.1	GCF_007744255.1



WP_218048812.1#44|Curvivirga_aplysinae	7413	-	+	2	-8876	-1464	10391	17803	WP_155154839.1#44	NZ_SMMC01000178.1	GCF_009711445.1
WP_218048812.1#44|Curvivirga_aplysinae	237	-	+	0	-1447	-1211	10138	10374	WP_155154838.1#44	NZ_SMMC01000178.1	GCF_009711445.1
WP_218048812.1#44|Curvivirga_aplysinae	402	-	+	0	-919	-518	9445	9846	WP_155154837.1#44	NZ_SMMC01000178.1	GCF_009711445.1
WP_218048812.1#44|Curvivirga_aplysinae	315	-	+	2	-491	-177	9104	9418	WP_155154836.1#44	NZ_SMMC01000178.1	GCF_009711445.1
WP_218048812.1#44|Curvivirga_aplysinae	2805	-	+	32	1	2805	6122	8926	WP_218048812.1#44	NZ_SMMC01000178.1	GCF_009711445.1
WP_218048812.1#44|Curvivirga_aplysinae	678	-	+	0	3114	3791	5136	5813	WP_218048811.1#44	NZ_SMMC01000178.1	GCF_009711445.1
WP_218048812.1#44|Curvivirga_aplysinae	525	-	-	0	4262	4786	4141	4665	WP_218048810.1#44	NZ_SMMC01000178.1	GCF_009711445.1
WP_218048812.1#44|Curvivirga_aplysinae	1290	-	-	0	4836	6125	2802	4091	WP_218048809.1#44	NZ_SMMC01000178.1	GCF_009711445.1
WP_218048812.1#44|Curvivirga_aplysinae	744	-	-	31	6190	6933	1994	2737	WP_155154831.1#44	NZ_SMMC01000178.1	GCF_009711445.1



WP_164477604.1#32|Pannonibacter_phragmitetus	708	-	+	9	-9639	-8932	3802090	3802797	WP_164477606.1#32	NZ_CM011124.1	GCF_003723955.1
WP_164477604.1#32|Pannonibacter_phragmitetus	1764	-	+	3	-8935	-7172	3800330	3802093	WP_123194887.1#32	NZ_CM011124.1	GCF_003723955.1
WP_164477604.1#32|Pannonibacter_phragmitetus	6336	-	+	2	-7111	-776	3793934	3800269	WP_164477605.1#32	NZ_CM011124.1	GCF_003723955.1
WP_164477604.1#32|Pannonibacter_phragmitetus	501	-	+	0	-756	-256	3793414	3793914	WP_123194885.1#32	NZ_CM011124.1	GCF_003723955.1
WP_164477604.1#32|Pannonibacter_phragmitetus	477	-	+	32	1	477	3792681	3793157	WP_164477604.1#32	NZ_CM011124.1	GCF_003723955.1
WP_164477604.1#32|Pannonibacter_phragmitetus	186	-	+	1	528	713	3792445	3792630	WP_157757130.1#32	NZ_CM011124.1	GCF_003723955.1
WP_164477604.1#32|Pannonibacter_phragmitetus	789	-	+	0	1069	1857	3791301	3792089	WP_164477603.1#32	NZ_CM011124.1	GCF_003723955.1
WP_164477604.1#32|Pannonibacter_phragmitetus	804	-	+	0	1869	2672	3790486	3791289	WP_123194883.1#32	NZ_CM011124.1	GCF_003723955.1
WP_164477604.1#32|Pannonibacter_phragmitetus	621	-	-	0	2904	3524	3789634	3790254	WP_123194882.1#32	NZ_CM011124.1	GCF_003723955.1



WP_296813320.1#22|Methyloversatilis_sp_	777	+	+	0	-3545	-2769	458466	459242	WP_296813316.1#22	NZ_JANQAG010000005.1	GCF_024707175.1
WP_296813320.1#22|Methyloversatilis_sp_	198	+	-	30	-2763	-2566	459248	459445	WP_296813317.1#22	NZ_JANQAG010000005.1	GCF_024707175.1
WP_296813320.1#22|Methyloversatilis_sp_	1623	+	+	3	-2386	-764	459625	461247	WP_296813318.1#22	NZ_JANQAG010000005.1	GCF_024707175.1
WP_296813320.1#22|Methyloversatilis_sp_	729	+	+	29	-742	-14	461269	461997	WP_296813319.1#22	NZ_JANQAG010000005.1	GCF_024707175.1
WP_296813320.1#22|Methyloversatilis_sp_	4941	+	+	32	1	4941	462012	466952	WP_296813320.1#22	NZ_JANQAG010000005.1	GCF_024707175.1
WP_296813320.1#22|Methyloversatilis_sp_	807	+	-	0	5160	5966	467171	467977	WP_296813321.1#22	NZ_JANQAG010000005.1	GCF_024707175.1
WP_296813320.1#22|Methyloversatilis_sp_	663	+	-	28	5980	6642	467991	468653	WP_296813322.1#22	NZ_JANQAG010000005.1	GCF_024707175.1
WP_296813320.1#22|Methyloversatilis_sp_	759	+	-	27	6639	7397	468650	469408	WP_296813323.1#22	NZ_JANQAG010000005.1	GCF_024707175.1
WP_296813320.1#22|Methyloversatilis_sp_	579	+	-	26	7500	8078	469511	470089	WP_296813324.1#22	NZ_JANQAG010000005.1	GCF_024707175.1



WP_128238761.1#38|Paenirhodobacter_populi	180	+	-	0	-5276	-5097	13158	13337	WP_394342917.1#38	NZ_SAUX01000037.1	GCF_004022205.1
WP_128238761.1#38|Paenirhodobacter_populi	1602	+	-	3	-5049	-3448	13385	14986	WP_164881833.1#38	NZ_SAUX01000037.1	GCF_004022205.1
WP_128238761.1#38|Paenirhodobacter_populi	2310	+	-	2	-3376	-1067	15058	17367	WP_164882513.1#38	NZ_SAUX01000037.1	GCF_004022205.1
WP_128238761.1#38|Paenirhodobacter_populi	927	+	-	0	-1063	-137	17371	18297	WP_206613975.1#38	NZ_SAUX01000037.1	GCF_004022205.1
WP_128238761.1#38|Paenirhodobacter_populi	8730	+	+	32	1	8730	18435	27164	WP_128238761.1#38	NZ_SAUX01000037.1	GCF_004022205.1
WP_128238761.1#38|Paenirhodobacter_populi	297	+	-	0	9487	9783	27921	28217	WP_128238762.1#38	NZ_SAUX01000037.1	GCF_004022205.1
WP_128238761.1#38|Paenirhodobacter_populi	1629	+	-	0	9783	11411	28217	29845	WP_128238763.1#38	NZ_SAUX01000037.1	GCF_004022205.1
WP_128238761.1#38|Paenirhodobacter_populi	348	+	-	0	11474	11821	29908	30255	WP_128238764.1#38	NZ_SAUX01000037.1	GCF_004022205.1
WP_128238761.1#38|Paenirhodobacter_populi	369	+	-	0	11818	12186	30252	30620	WP_241560766.1#38	NZ_SAUX01000037.1	GCF_004022205.1



WP_184022595.1#14|Haloferula_luteola	300	+	+	32	1	300	108	407	WP_184022595.1#14	NZ_JACHFD010000083.1	GCF_014201715.1
WP_184022595.1#14|Haloferula_luteola	411	+	+	0	302	712	409	819	WP_184022597.1#14	NZ_JACHFD010000083.1	GCF_014201715.1



WP_066856695.1#10|Halodesulfovibrio_spirochaetisodalis	405	-	+	32	1	405	56398	56802	WP_066856695.1#10	NZ_JXMS01000023.1	GCF_001672295.1
WP_066856695.1#10|Halodesulfovibrio_spirochaetisodalis	324	-	+	1	416	739	56064	56387	WP_066856693.1#10	NZ_JXMS01000023.1	GCF_001672295.1
WP_066856695.1#10|Halodesulfovibrio_spirochaetisodalis	324	-	+	1	840	1163	55640	55963	WP_066856690.1#10	NZ_JXMS01000023.1	GCF_001672295.1
WP_066856695.1#10|Halodesulfovibrio_spirochaetisodalis	321	-	+	1	1354	1674	55129	55449	WP_066856687.1#10	NZ_JXMS01000023.1	GCF_001672295.1
WP_066856695.1#10|Halodesulfovibrio_spirochaetisodalis	648	-	+	2	1745	2392	54411	55058	WP_082936430.1#10	NZ_JXMS01000023.1	GCF_001672295.1



WP_162906653.1#49|Algihabitans_albus	1143	-	-	0	-6267	-5125	447898	449040	WP_119166742.1#49	NZ_QXNY01000003.1	GCF_003572205.1
WP_162906653.1#49|Algihabitans_albus	1653	-	+	0	-4632	-2980	445753	447405	WP_119166741.1#49	NZ_QXNY01000003.1	GCF_003572205.1
WP_162906653.1#49|Algihabitans_albus	531	-	+	9	-2365	-1835	444608	445138	WP_119166740.1#49	NZ_QXNY01000003.1	GCF_003572205.1
WP_162906653.1#49|Algihabitans_albus	1698	-	+	3	-1816	-119	442892	444589	WP_162906654.1#49	NZ_QXNY01000003.1	GCF_003572205.1
WP_162906653.1#49|Algihabitans_albus	7848	-	+	32	1	7848	434925	442772	WP_162906653.1#49	NZ_QXNY01000003.1	GCF_003572205.1
WP_162906653.1#49|Algihabitans_albus	273	-	+	34	8386	8658	434115	434387	pseudogene_49.2*#49	NZ_QXNY01000003.1	GCF_003572205.1
WP_162906653.1#49|Algihabitans_albus	351	-	+	2	8759	9109	433664	434014	WP_119166736.1#49	NZ_QXNY01000003.1	GCF_003572205.1
WP_162906653.1#49|Algihabitans_albus	639	-	-	0	9185	9823	432950	433588	WP_119166735.1#49	NZ_QXNY01000003.1	GCF_003572205.1
WP_162906653.1#49|Algihabitans_albus	1890	-	-	0	9955	11844	430929	432818	WP_119166734.1#49	NZ_QXNY01000003.1	GCF_003572205.1



WP_318580630.1#4|Ochrobactrum_sp__AN78	267	+	+	9	-2856	-2590	2206	2472	WP_318580627.1#4	NZ_JASAMU010000022.1	GCF_029909885.1
WP_318580630.1#4|Ochrobactrum_sp__AN78	276	+	+	9	-2589	-2314	2473	2748	WP_318580628.1#4	NZ_JASAMU010000022.1	GCF_029909885.1
WP_318580630.1#4|Ochrobactrum_sp__AN78	1770	+	+	3	-2302	-533	2760	4529	WP_412535063.1#4	NZ_JASAMU010000022.1	GCF_029909885.1
WP_318580630.1#4|Ochrobactrum_sp__AN78	453	+	+	0	-512	-60	4550	5002	WP_318580629.1#4	NZ_JASAMU010000022.1	GCF_029909885.1
WP_318580630.1#4|Ochrobactrum_sp__AN78	9834	+	+	32	1	9834	5063	14896	WP_318580630.1#4	NZ_JASAMU010000022.1	GCF_029909885.1
WP_318580630.1#4|Ochrobactrum_sp__AN78	225	+	+	1	9831	10055	14893	15117	WP_318580631.1#4	NZ_JASAMU010000022.1	GCF_029909885.1
WP_318580630.1#4|Ochrobactrum_sp__AN78	444	+	+	0	10547	10990	15609	16052	WP_318580632.1#4	NZ_JASAMU010000022.1	GCF_029909885.1
WP_318580630.1#4|Ochrobactrum_sp__AN78	1077	+	+	2	11095	12171	16157	17233	WP_318580633.1#4	NZ_JASAMU010000022.1	GCF_029909885.1
WP_318580630.1#4|Ochrobactrum_sp__AN78	273	+	+	0	12367	12639	17429	17701	WP_318580634.1#4	NZ_JASAMU010000022.1	GCF_029909885.1



WP_231118389.1#36|Neisseria_lactamica	621	+	+	8	-2136	-1516	2344	2964	WP_153064024.1#36	NZ_QQLS01000022.1	GCF_003492765.1
WP_231118389.1#36|Neisseria_lactamica	420	+	+	0	-1526	-1107	2954	3373	WP_003712433.1#36	NZ_QQLS01000022.1	GCF_003492765.1
WP_231118389.1#36|Neisseria_lactamica	591	+	+	8	-1097	-507	3383	3973	WP_153064216.1#36	NZ_QQLS01000022.1	GCF_003492765.1
WP_231118389.1#36|Neisseria_lactamica	441	+	+	0	-510	-70	3970	4410	WP_070461584.1#36	NZ_QQLS01000022.1	GCF_003492765.1
WP_231118389.1#36|Neisseria_lactamica	1035	+	+	32	1	1035	4481	5515	WP_231118389.1#36	NZ_QQLS01000022.1	GCF_003492765.1
WP_231118389.1#36|Neisseria_lactamica	249	+	+	1	1050	1298	5530	5778	WP_003680115.1#36	NZ_QQLS01000022.1	GCF_003492765.1
WP_231118389.1#36|Neisseria_lactamica	159	+	-	0	1295	1453	5775	5933	WP_155765808.1#36	NZ_QQLS01000022.1	GCF_003492765.1
WP_231118389.1#36|Neisseria_lactamica	837	+	+	8	1483	2319	5963	6799	WP_192880308.1#36	NZ_QQLS01000022.1	GCF_003492765.1
WP_231118389.1#36|Neisseria_lactamica	219	+	+	0	2455	2673	6935	7153	WP_070583538.1#36	NZ_QQLS01000022.1	GCF_003492765.1



WP_305631924.1#2|Methyloversatilis_sp_	198	-	-	30	-3409	-3212	18200	18397	WP_305631835.1#2	NZ_JAUYNV010000010.1	GCF_030698125.1
WP_305631924.1#2|Methyloversatilis_sp_	1626	-	+	3	-3020	-1395	16383	18008	WP_305631834.1#2	NZ_JAUYNV010000010.1	GCF_030698125.1
WP_305631924.1#2|Methyloversatilis_sp_	819	-	+	29	-1398	-580	15568	16386	WP_305631833.1#2	NZ_JAUYNV010000010.1	GCF_030698125.1
WP_305631924.1#2|Methyloversatilis_sp_	525	-	+	34	-567	-43	15031	15555	pseudogene_2.0*#2	NZ_JAUYNV010000010.1	GCF_030698125.1
WP_305631924.1#2|Methyloversatilis_sp_	4365	-	+	32	1	4365	10623	14987	WP_305631924.1#2	NZ_JAUYNV010000010.1	GCF_030698125.1
WP_305631924.1#2|Methyloversatilis_sp_	678	-	-	28	4624	5301	9687	10364	WP_305631832.1#2	NZ_JAUYNV010000010.1	GCF_030698125.1
WP_305631924.1#2|Methyloversatilis_sp_	759	-	-	27	5298	6056	8932	9690	WP_305631831.1#2	NZ_JAUYNV010000010.1	GCF_030698125.1
WP_305631924.1#2|Methyloversatilis_sp_	576	-	-	26	6068	6643	8345	8920	WP_305631830.1#2	NZ_JAUYNV010000010.1	GCF_030698125.1
WP_305631924.1#2|Methyloversatilis_sp_	2076	-	-	0	6682	8757	6231	8306	WP_305631829.1#2	NZ_JAUYNV010000010.1	GCF_030698125.1



WP_130107725.1#39|Iodobacter_fluviatilis	912	+	-	0	-7207	-6296	3951736	3952647	WP_130107721.1#39	NZ_CP025781.1	GCF_004194535.1
WP_130107725.1#39|Iodobacter_fluviatilis	933	+	+	0	-5955	-5023	3952988	3953920	WP_130107722.1#39	NZ_CP025781.1	GCF_004194535.1
WP_130107725.1#39|Iodobacter_fluviatilis	2031	+	+	0	-4522	-2492	3954421	3956451	WP_130107723.1#39	NZ_CP025781.1	GCF_004194535.1
WP_130107725.1#39|Iodobacter_fluviatilis	1713	+	+	3	-1762	-50	3957181	3958893	WP_130107724.1#39	NZ_CP025781.1	GCF_004194535.1
WP_130107725.1#39|Iodobacter_fluviatilis	6393	+	+	32	1	6393	3958944	3965336	WP_130107725.1#39	NZ_CP025781.1	GCF_004194535.1
WP_130107725.1#39|Iodobacter_fluviatilis	201	+	+	1	6407	6607	3965350	3965550	WP_130107726.1#39	NZ_CP025781.1	GCF_004194535.1
WP_130107725.1#39|Iodobacter_fluviatilis	267	+	+	0	6823	7089	3965766	3966032	WP_130107727.1#39	NZ_CP025781.1	GCF_004194535.1
WP_130107725.1#39|Iodobacter_fluviatilis	492	+	+	0	7097	7588	3966040	3966531	WP_130107728.1#39	NZ_CP025781.1	GCF_004194535.1
WP_130107725.1#39|Iodobacter_fluviatilis	351	+	+	0	7996	8346	3966939	3967289	WP_130107729.1#39	NZ_CP025781.1	GCF_004194535.1



WP_089035861.1#26|Neisseria_chenwenguii	786	+	+	0	-4139	-3354	966217	967002	WP_232462166.1#26	NZ_CP022278.1	GCF_002216145.1
WP_089035861.1#26|Neisseria_chenwenguii	462	+	+	0	-3304	-2843	967052	967513	WP_089035857.1#26	NZ_CP022278.1	GCF_002216145.1
WP_089035861.1#26|Neisseria_chenwenguii	561	+	+	0	-2868	-2308	967488	968048	WP_089035858.1#26	NZ_CP022278.1	GCF_002216145.1
WP_089035861.1#26|Neisseria_chenwenguii	1761	+	+	3	-1911	-151	968445	970205	WP_089035860.1#26	NZ_CP022278.1	GCF_002216145.1
WP_089035861.1#26|Neisseria_chenwenguii	5595	+	+	32	1	5595	970357	975951	WP_089035861.1#26	NZ_CP022278.1	GCF_002216145.1
WP_089035861.1#26|Neisseria_chenwenguii	273	+	+	1	5605	5877	975961	976233	WP_089035862.1#26	NZ_CP022278.1	GCF_002216145.1
WP_089035861.1#26|Neisseria_chenwenguii	159	+	+	0	5992	6150	976348	976506	WP_157694028.1#26	NZ_CP022278.1	GCF_002216145.1
WP_089035861.1#26|Neisseria_chenwenguii	431	+	+	34	6270	6700	976626	977056	pseudogene_26.9*#26	NZ_CP022278.1	GCF_002216145.1
WP_089035861.1#26|Neisseria_chenwenguii	936	+	+	0	6703	7638	977059	977994	WP_089035864.1#26	NZ_CP022278.1	GCF_002216145.1



WP_135005352.1#41|Pseudomonas_syringae_pv__cerasicola	193	-	+	0	-1400	-1208	1945	2137	WP_153014351.1#41	NZ_LIIG01000089.1	GCF_001537945.1
WP_135005352.1#41|Pseudomonas_syringae_pv__cerasicola	249	-	+	0	-1017	-769	1506	1754	WP_231993488.1#41	NZ_LIIG01000089.1	GCF_001537945.1
WP_135005352.1#41|Pseudomonas_syringae_pv__cerasicola	609	-	+	0	-772	-164	901	1509	WP_080395646.1#41	NZ_LIIG01000089.1	GCF_001537945.1
WP_135005352.1#41|Pseudomonas_syringae_pv__cerasicola	249	-	+	32	1	249	488	736	WP_135005352.1#41	NZ_LIIG01000089.1	GCF_001537945.1
WP_135005352.1#41|Pseudomonas_syringae_pv__cerasicola	137	-	+	34	600	736	1	137	pseudogene_41.4*#41	NZ_LIIG01000089.1	GCF_001537945.1



WP_103387181.1#28|Pseudomonas_sp__GW456_12_1_14_TSB6	258	+	+	0	-6140	-5883	87535	87792	WP_103387178.1#28	NZ_JACNAW010000018.1	GCF_017350165.1
WP_103387181.1#28|Pseudomonas_sp__GW456_12_1_14_TSB6	585	+	-	0	-5877	-5293	87798	88382	WP_103387179.1#28	NZ_JACNAW010000018.1	GCF_017350165.1
WP_103387181.1#28|Pseudomonas_sp__GW456_12_1_14_TSB6	3642	+	-	0	-5296	-1655	88379	92020	WP_103387180.1#28	NZ_JACNAW010000018.1	GCF_017350165.1
WP_103387181.1#28|Pseudomonas_sp__GW456_12_1_14_TSB6	1245	+	-	0	-1658	-414	92017	93261	WP_007959327.1#28	NZ_JACNAW010000018.1	GCF_017350165.1
WP_103387181.1#28|Pseudomonas_sp__GW456_12_1_14_TSB6	12954	+	+	32	1	12954	93676	106629	WP_103387181.1#28	NZ_JACNAW010000018.1	GCF_017350165.1
WP_103387181.1#28|Pseudomonas_sp__GW456_12_1_14_TSB6	531	+	+	0	13389	13919	107064	107594	WP_246883804.1#28	NZ_JACNAW010000018.1	GCF_017350165.1
WP_103387181.1#28|Pseudomonas_sp__GW456_12_1_14_TSB6	183	+	+	0	13989	14171	107664	107846	WP_103387182.1#28	NZ_JACNAW010000018.1	GCF_017350165.1
WP_103387181.1#28|Pseudomonas_sp__GW456_12_1_14_TSB6	465	+	+	0	14608	15072	108283	108747	WP_254778405.1#28	NZ_JACNAW010000018.1	GCF_017350165.1
WP_103387181.1#28|Pseudomonas_sp__GW456_12_1_14_TSB6	363	+	+	0	15630	15992	109305	109667	WP_074688559.1#28	NZ_JACNAW010000018.1	GCF_017350165.1



WP_271700005.1#1|Vibrio_sp__SCSIO_43137	1449	+	+	0	-5452	-4004	91041	92489	WP_271699999.1#1	NZ_CP116384.1	GCF_028201475.1
WP_271700005.1#1|Vibrio_sp__SCSIO_43137	939	+	+	0	-3489	-2551	93004	93942	WP_271700000.1#1	NZ_CP116384.1	GCF_028201475.1
WP_271700005.1#1|Vibrio_sp__SCSIO_43137	516	+	+	0	-2537	-2022	93956	94471	WP_271700002.1#1	NZ_CP116384.1	GCF_028201475.1
WP_271700005.1#1|Vibrio_sp__SCSIO_43137	1692	+	+	3	-1707	-16	94786	96477	WP_271700003.1#1	NZ_CP116384.1	GCF_028201475.1
WP_271700005.1#1|Vibrio_sp__SCSIO_43137	9048	+	+	32	1	9048	96494	105541	WP_271700005.1#1	NZ_CP116384.1	GCF_028201475.1
WP_271700005.1#1|Vibrio_sp__SCSIO_43137	207	+	+	1	9060	9266	105553	105759	WP_271700006.1#1	NZ_CP116384.1	GCF_028201475.1
WP_271700005.1#1|Vibrio_sp__SCSIO_43137	159	+	-	0	9535	9693	106028	106186	WP_271700008.1#1	NZ_CP116384.1	GCF_028201475.1
WP_271700005.1#1|Vibrio_sp__SCSIO_43137	4473	+	+	2	10061	14533	106554	111026	WP_271700009.1#1	NZ_CP116384.1	GCF_028201475.1
WP_271700005.1#1|Vibrio_sp__SCSIO_43137	246	+	+	0	14536	14781	111029	111274	WP_271700010.1#1	NZ_CP116384.1	GCF_028201475.1



WP_133604243.1#29|Roseateles_asaccharophilus	1473	-	+	0	-6419	-4947	261108	262580	WP_133604245.1#29	NZ_SNXE01000006.1	GCF_004362405.1
WP_133604243.1#29|Roseateles_asaccharophilus	1278	-	+	0	-4939	-3662	259823	261100	WP_246030835.1#29	NZ_SNXE01000006.1	GCF_004362405.1
WP_133604243.1#29|Roseateles_asaccharophilus	1635	-	+	0	-3649	-2015	258176	259810	WP_133604244.1#29	NZ_SNXE01000006.1	GCF_004362405.1
WP_133604243.1#29|Roseateles_asaccharophilus	1800	-	+	3	-1795	4	256157	257956	WP_246030834.1#29	NZ_SNXE01000006.1	GCF_004362405.1
WP_133604243.1#29|Roseateles_asaccharophilus	12915	-	+	32	1	12915	243246	256160	WP_133604243.1#29	NZ_SNXE01000006.1	GCF_004362405.1
WP_133604243.1#29|Roseateles_asaccharophilus	984	-	+	0	13266	14249	241912	242895	WP_211343874.1#29	NZ_SNXE01000006.1	GCF_004362405.1
WP_133604243.1#29|Roseateles_asaccharophilus	654	-	+	0	14296	14949	241212	241865	WP_133604241.1#29	NZ_SNXE01000006.1	GCF_004362405.1
WP_133604243.1#29|Roseateles_asaccharophilus	387	-	+	0	14967	15353	240808	241194	WP_133604240.1#29	NZ_SNXE01000006.1	GCF_004362405.1
WP_133604243.1#29|Roseateles_asaccharophilus	582	-	+	2	15400	15981	240180	240761	WP_162849533.1#29	NZ_SNXE01000006.1	GCF_004362405.1



WP_263391897.1#7|Xanthomonas_sp__CFBP_8445	1518	-	+	0	-5665	-4148	4801482	4802999	WP_263391900.1#7	NZ_CP102594.1	GCF_025666235.1
WP_263391897.1#7|Xanthomonas_sp__CFBP_8445	735	-	-	0	-3969	-3235	4800569	4801303	WP_263391899.1#7	NZ_CP102594.1	GCF_025666235.1
WP_263391897.1#7|Xanthomonas_sp__CFBP_8445	918	-	-	0	-3238	-2321	4799655	4800572	WP_242082749.1#7	NZ_CP102594.1	GCF_025666235.1
WP_263391897.1#7|Xanthomonas_sp__CFBP_8445	1746	-	+	3	-1824	-79	4797413	4799158	WP_263391898.1#7	NZ_CP102594.1	GCF_025666235.1
WP_263391897.1#7|Xanthomonas_sp__CFBP_8445	15537	-	+	32	1	15537	4781797	4797333	WP_263391897.1#7	NZ_CP102594.1	GCF_025666235.1
WP_263391897.1#7|Xanthomonas_sp__CFBP_8445	207	-	+	0	15995	16201	4781133	4781339	WP_263391896.1#7	NZ_CP102594.1	GCF_025666235.1
WP_263391897.1#7|Xanthomonas_sp__CFBP_8445	279	-	+	2	16482	16760	4780574	4780852	WP_263391895.1#7	NZ_CP102594.1	GCF_025666235.1
WP_263391897.1#7|Xanthomonas_sp__CFBP_8445	651	-	+	0	16970	17620	4779714	4780364	WP_019796817.1#7	NZ_CP102594.1	GCF_025666235.1
WP_263391897.1#7|Xanthomonas_sp__CFBP_8445	543	-	-	0	17843	18385	4778949	4779491	WP_019797989.1#7	NZ_CP102594.1	GCF_025666235.1



