WP_096465195.1#48|Aneurinibacillus_soli	447	-	+	5	-3211	-2765	78308	78754	WP_096465187.1#48	NZ_QJSZ01000002.1	GCF_003217555.1
WP_096465195.1#48|Aneurinibacillus_soli	906	-	+	1	-2753	-1848	77391	78296	WP_096465189.1#48	NZ_QJSZ01000002.1	GCF_003217555.1
WP_096465195.1#48|Aneurinibacillus_soli	1296	-	+	1	-1810	-515	76058	77353	WP_096465191.1#48	NZ_QJSZ01000002.1	GCF_003217555.1
WP_096465195.1#48|Aneurinibacillus_soli	489	-	+	3	-484	4	75539	76027	WP_096465193.1#48	NZ_QJSZ01000002.1	GCF_003217555.1
WP_096465195.1#48|Aneurinibacillus_soli	378	-	+	12	1	378	75165	75542	WP_096465195.1#48	NZ_QJSZ01000002.1	GCF_003217555.1
WP_096465195.1#48|Aneurinibacillus_soli	1059	-	+	2	463	1521	74022	75080	WP_096465197.1#48	NZ_QJSZ01000002.1	GCF_003217555.1
WP_096465195.1#48|Aneurinibacillus_soli	240	-	+	4	1594	1833	73710	73949	WP_096465199.1#48	NZ_QJSZ01000002.1	GCF_003217555.1
WP_096465195.1#48|Aneurinibacillus_soli	468	-	+	7	1826	2293	73250	73717	WP_096465200.1#48	NZ_QJSZ01000002.1	GCF_003217555.1
WP_096465195.1#48|Aneurinibacillus_soli	999	-	+	6	2332	3330	72213	73211	WP_096465202.1#48	NZ_QJSZ01000002.1	GCF_003217555.1



WP_027414600.1#39|Aneurinibacillus_terranovensis_DSM_18919	453	+	+	5	-3411	-2959	153191	153643	WP_027414597.1#39	NZ_AUMJ01000004.1	GCF_000430625.1
WP_027414600.1#39|Aneurinibacillus_terranovensis_DSM_18919	912	+	+	1	-2946	-2035	153656	154567	WP_027414598.1#39	NZ_AUMJ01000004.1	GCF_000430625.1
WP_027414600.1#39|Aneurinibacillus_terranovensis_DSM_18919	1467	+	+	1	-1970	-504	154632	156098	WP_027414599.1#39	NZ_AUMJ01000004.1	GCF_000430625.1
WP_027414600.1#39|Aneurinibacillus_terranovensis_DSM_18919	483	+	+	3	-483	-1	156119	156601	WP_051330707.1#39	NZ_AUMJ01000004.1	GCF_000430625.1
WP_027414600.1#39|Aneurinibacillus_terranovensis_DSM_18919	390	+	+	12	1	390	156603	156992	WP_027414600.1#39	NZ_AUMJ01000004.1	GCF_000430625.1
WP_027414600.1#39|Aneurinibacillus_terranovensis_DSM_18919	828	+	+	2	481	1308	157083	157910	WP_027414601.1#39	NZ_AUMJ01000004.1	GCF_000430625.1
WP_027414600.1#39|Aneurinibacillus_terranovensis_DSM_18919	240	+	+	4	1373	1612	157975	158214	WP_027414602.1#39	NZ_AUMJ01000004.1	GCF_000430625.1
WP_027414600.1#39|Aneurinibacillus_terranovensis_DSM_18919	456	+	+	7	1605	2060	158207	158662	WP_027414603.1#39	NZ_AUMJ01000004.1	GCF_000430625.1
WP_027414600.1#39|Aneurinibacillus_terranovensis_DSM_18919	996	+	+	6	2101	3096	158703	159698	WP_027414604.1#39	NZ_AUMJ01000004.1	GCF_000430625.1



WP_138127338.1#15|Exobacillus_caeni	459	+	+	5	-3167	-2709	69728	70186	WP_246055276.1#15	NZ_SWLG01000009.1	GCF_005747095.1
WP_138127338.1#15|Exobacillus_caeni	834	+	+	1	-2704	-1871	70191	71024	WP_138127332.1#15	NZ_SWLG01000009.1	GCF_005747095.1
WP_138127338.1#15|Exobacillus_caeni	1374	+	+	1	-1834	-461	71061	72434	WP_138127334.1#15	NZ_SWLG01000009.1	GCF_005747095.1
WP_138127338.1#15|Exobacillus_caeni	465	+	+	3	-450	14	72445	72909	WP_138127336.1#15	NZ_SWLG01000009.1	GCF_005747095.1
WP_138127338.1#15|Exobacillus_caeni	390	+	+	12	1	390	72896	73285	WP_138127338.1#15	NZ_SWLG01000009.1	GCF_005747095.1
WP_138127338.1#15|Exobacillus_caeni	840	+	+	2	481	1320	73376	74215	WP_138127340.1#15	NZ_SWLG01000009.1	GCF_005747095.1
WP_138127338.1#15|Exobacillus_caeni	213	+	+	4	1370	1582	74265	74477	WP_138127342.1#15	NZ_SWLG01000009.1	GCF_005747095.1
WP_138127338.1#15|Exobacillus_caeni	963	+	+	6	1627	2589	74522	75484	WP_171016854.1#15	NZ_SWLG01000009.1	GCF_005747095.1
WP_138127338.1#15|Exobacillus_caeni	1092	+	+	6	2586	3677	75481	76572	WP_138127346.1#15	NZ_SWLG01000009.1	GCF_005747095.1



WP_092450781.1#23|_Clostridium__fimetarium	459	+	+	5	-3399	-2941	346964	347422	WP_092450773.1#23	NZ_FOJI01000002.1	GCF_900111235.1
WP_092450781.1#23|_Clostridium__fimetarium	780	+	+	1	-2938	-2159	347425	348204	WP_092450775.1#23	NZ_FOJI01000002.1	GCF_900111235.1
WP_092450781.1#23|_Clostridium__fimetarium	1524	+	+	1	-2137	-614	348226	349749	WP_092450777.1#23	NZ_FOJI01000002.1	GCF_900111235.1
WP_092450781.1#23|_Clostridium__fimetarium	546	+	+	3	-581	-36	349782	350327	WP_170841285.1#23	NZ_FOJI01000002.1	GCF_900111235.1
WP_092450781.1#23|_Clostridium__fimetarium	414	+	+	12	1	414	350364	350777	WP_092450781.1#23	NZ_FOJI01000002.1	GCF_900111235.1
WP_092450781.1#23|_Clostridium__fimetarium	1308	+	+	2	501	1808	350864	352171	WP_207647421.1#23	NZ_FOJI01000002.1	GCF_900111235.1
WP_092450781.1#23|_Clostridium__fimetarium	198	+	+	4	2023	2220	352386	352583	WP_092450783.1#23	NZ_FOJI01000002.1	GCF_900111235.1
WP_092450781.1#23|_Clostridium__fimetarium	540	+	+	7	2292	2831	352655	353194	WP_092450785.1#23	NZ_FOJI01000002.1	GCF_900111235.1
WP_092450781.1#23|_Clostridium__fimetarium	984	+	+	6	2874	3857	353237	354220	WP_092450787.1#23	NZ_FOJI01000002.1	GCF_900111235.1



WP_012739060.1#36|Lachnospira_eligens	447	-	+	5	-3215	-2769	1533850	1534296	WP_012739056.1#36	NZ_CP085938.1	GCF_020735745.1
WP_012739060.1#36|Lachnospira_eligens	759	-	+	1	-2745	-1987	1533068	1533826	WP_012739057.1#36	NZ_CP085938.1	GCF_020735745.1
WP_012739060.1#36|Lachnospira_eligens	1323	-	+	1	-1909	-587	1531668	1532990	WP_012739058.1#36	NZ_CP085938.1	GCF_020735745.1
WP_012739060.1#36|Lachnospira_eligens	558	-	+	3	-562	-5	1531086	1531643	WP_012739059.1#36	NZ_CP085938.1	GCF_020735745.1
WP_012739060.1#36|Lachnospira_eligens	435	-	+	12	1	435	1530646	1531080	WP_012739060.1#36	NZ_CP085938.1	GCF_020735745.1
WP_012739060.1#36|Lachnospira_eligens	1326	-	+	2	541	1866	1529215	1530540	WP_041688041.1#36	NZ_CP085938.1	GCF_020735745.1
WP_012739060.1#36|Lachnospira_eligens	213	-	+	4	2019	2231	1528850	1529062	WP_012739062.1#36	NZ_CP085938.1	GCF_020735745.1
WP_012739060.1#36|Lachnospira_eligens	804	-	+	8	2269	3072	1528009	1528812	WP_012739063.1#36	NZ_CP085938.1	GCF_020735745.1
WP_012739060.1#36|Lachnospira_eligens	801	-	+	9	3072	3872	1527209	1528009	WP_012739064.1#36	NZ_CP085938.1	GCF_020735745.1



WP_330391454.1#35|Butyrivibrio_sp__YAB3001	459	+	+	5	-4075	-3617	66264	66722	WP_092321694.1#35	NZ_FOKR01000002.1	GCF_900112195.1
WP_330391454.1#35|Butyrivibrio_sp__YAB3001	957	+	+	1	-3592	-2636	66747	67703	WP_092321697.1#35	NZ_FOKR01000002.1	GCF_900112195.1
WP_330391454.1#35|Butyrivibrio_sp__YAB3001	1620	+	+	1	-2474	-855	67865	69484	WP_175560038.1#35	NZ_FOKR01000002.1	GCF_900112195.1
WP_330391454.1#35|Butyrivibrio_sp__YAB3001	729	+	+	3	-755	-27	69584	70312	WP_092321702.1#35	NZ_FOKR01000002.1	GCF_900112195.1
WP_330391454.1#35|Butyrivibrio_sp__YAB3001	426	+	+	12	1	426	70340	70765	WP_330391454.1#35	NZ_FOKR01000002.1	GCF_900112195.1
WP_330391454.1#35|Butyrivibrio_sp__YAB3001	1677	+	+	2	622	2298	70961	72637	WP_092321705.1#35	NZ_FOKR01000002.1	GCF_900112195.1
WP_330391454.1#35|Butyrivibrio_sp__YAB3001	186	+	+	4	2724	2909	73063	73248	WP_092321708.1#35	NZ_FOKR01000002.1	GCF_900112195.1
WP_330391454.1#35|Butyrivibrio_sp__YAB3001	807	+	+	8	2969	3775	73308	74114	WP_092321711.1#35	NZ_FOKR01000002.1	GCF_900112195.1
WP_330391454.1#35|Butyrivibrio_sp__YAB3001	831	+	+	9	3775	4605	74114	74944	WP_092321713.1#35	NZ_FOKR01000002.1	GCF_900112195.1



WP_120406311.1#26|Roseburia_sp__1XD42_69	453	+	+	5	-3657	-3205	130860	131312	WP_120406308.1#26	NZ_RAZG01000003.1	GCF_003612565.1
WP_120406311.1#26|Roseburia_sp__1XD42_69	924	+	+	1	-3167	-2244	131350	132273	WP_243119046.1#26	NZ_RAZG01000003.1	GCF_003612565.1
WP_120406311.1#26|Roseburia_sp__1XD42_69	1473	+	+	1	-2220	-748	132297	133769	WP_120406309.1#26	NZ_RAZG01000003.1	GCF_003612565.1
WP_120406311.1#26|Roseburia_sp__1XD42_69	717	+	+	3	-733	-17	133784	134500	WP_120406310.1#26	NZ_RAZG01000003.1	GCF_003612565.1
WP_120406311.1#26|Roseburia_sp__1XD42_69	399	+	+	12	1	399	134518	134916	WP_120406311.1#26	NZ_RAZG01000003.1	GCF_003612565.1
WP_120406311.1#26|Roseburia_sp__1XD42_69	1803	+	+	2	483	2285	135000	136802	WP_120406312.1#26	NZ_RAZG01000003.1	GCF_003612565.1
WP_120406311.1#26|Roseburia_sp__1XD42_69	786	+	+	8	2606	3391	137123	137908	WP_120406313.1#26	NZ_RAZG01000003.1	GCF_003612565.1
WP_120406311.1#26|Roseburia_sp__1XD42_69	804	+	+	9	3391	4194	137908	138711	WP_120406314.1#26	NZ_RAZG01000003.1	GCF_003612565.1
WP_120406311.1#26|Roseburia_sp__1XD42_69	516	+	+	7	4221	4736	138738	139253	WP_120406315.1#26	NZ_RAZG01000003.1	GCF_003612565.1



WP_058351220.1#42|Acetivibrio_ethanolgignens	450	+	+	5	-3566	-3117	107783	108232	WP_058351157.1#42	NZ_CABMMD010000001.1	GCF_902387445.1
WP_058351220.1#42|Acetivibrio_ethanolgignens	771	+	+	1	-3116	-2346	108233	109003	WP_058351158.1#42	NZ_CABMMD010000001.1	GCF_902387445.1
WP_058351220.1#42|Acetivibrio_ethanolgignens	1419	+	+	1	-2299	-881	109050	110468	WP_058351159.1#42	NZ_CABMMD010000001.1	GCF_902387445.1
WP_058351220.1#42|Acetivibrio_ethanolgignens	834	+	+	3	-857	-24	110492	111325	WP_058351160.1#42	NZ_CABMMD010000001.1	GCF_902387445.1
WP_058351220.1#42|Acetivibrio_ethanolgignens	405	+	+	12	1	405	111350	111754	WP_058351220.1#42	NZ_CABMMD010000001.1	GCF_902387445.1
WP_058351220.1#42|Acetivibrio_ethanolgignens	1491	+	+	2	504	1994	111853	113343	WP_058351161.1#42	NZ_CABMMD010000001.1	GCF_902387445.1
WP_058351220.1#42|Acetivibrio_ethanolgignens	198	+	+	4	2170	2367	113519	113716	WP_058351162.1#42	NZ_CABMMD010000001.1	GCF_902387445.1
WP_058351220.1#42|Acetivibrio_ethanolgignens	798	+	+	8	2395	3192	113744	114541	WP_058351163.1#42	NZ_CABMMD010000001.1	GCF_902387445.1
WP_058351220.1#42|Acetivibrio_ethanolgignens	816	+	+	9	3192	4007	114541	115356	WP_058351164.1#42	NZ_CABMMD010000001.1	GCF_902387445.1



WP_294488052.1#60|Anaerosporobacter_sp_	441	-	+	5	-3549	-3109	21552	21992	WP_312492560.1#60	NZ_DALZVI010000016.1	GCF_032012565.1
WP_294488052.1#60|Anaerosporobacter_sp_	765	-	+	1	-3106	-2342	20785	21549	WP_294488060.1#60	NZ_DALZVI010000016.1	GCF_032012565.1
WP_294488052.1#60|Anaerosporobacter_sp_	1341	-	+	1	-2196	-856	19299	20639	WP_312492559.1#60	NZ_DALZVI010000016.1	GCF_032012565.1
WP_294488052.1#60|Anaerosporobacter_sp_	780	-	+	3	-831	-52	18495	19274	WP_312492558.1#60	NZ_DALZVI010000016.1	GCF_032012565.1
WP_294488052.1#60|Anaerosporobacter_sp_	411	-	+	12	1	411	18032	18442	WP_294488052.1#60	NZ_DALZVI010000016.1	GCF_032012565.1
WP_294488052.1#60|Anaerosporobacter_sp_	1455	-	+	2	511	1965	16478	17932	WP_312492557.1#60	NZ_DALZVI010000016.1	GCF_032012565.1
WP_294488052.1#60|Anaerosporobacter_sp_	192	-	+	4	2148	2339	16104	16295	WP_294488047.1#60	NZ_DALZVI010000016.1	GCF_032012565.1
WP_294488052.1#60|Anaerosporobacter_sp_	819	-	+	8	2418	3236	15207	16025	WP_294488044.1#60	NZ_DALZVI010000016.1	GCF_032012565.1
WP_294488052.1#60|Anaerosporobacter_sp_	810	-	+	9	3229	4038	14405	15214	WP_294488042.1#60	NZ_DALZVI010000016.1	GCF_032012565.1



WP_073274055.1#21|Anaerocolumna_jejuensis_DSM_15929	447	-	+	5	-3649	-3203	55122	55568	WP_073274062.1#21	NZ_FRAC01000008.1	GCF_900142215.1
WP_073274055.1#21|Anaerocolumna_jejuensis_DSM_15929	777	-	+	1	-3191	-2415	54334	55110	WP_073274060.1#21	NZ_FRAC01000008.1	GCF_900142215.1
WP_073274055.1#21|Anaerocolumna_jejuensis_DSM_15929	1410	-	+	1	-2326	-917	52836	54245	WP_073274058.1#21	NZ_FRAC01000008.1	GCF_900142215.1
WP_073274055.1#21|Anaerocolumna_jejuensis_DSM_15929	819	-	+	3	-900	-82	52001	52819	WP_073274057.1#21	NZ_FRAC01000008.1	GCF_900142215.1
WP_073274055.1#21|Anaerocolumna_jejuensis_DSM_15929	393	-	+	12	1	393	51526	51918	WP_073274055.1#21	NZ_FRAC01000008.1	GCF_900142215.1
WP_073274055.1#21|Anaerocolumna_jejuensis_DSM_15929	1476	-	+	2	476	1951	49968	51443	WP_073274053.1#21	NZ_FRAC01000008.1	GCF_900142215.1
WP_073274055.1#21|Anaerocolumna_jejuensis_DSM_15929	201	-	+	4	2066	2266	49653	49853	WP_073274052.1#21	NZ_FRAC01000008.1	GCF_900142215.1
WP_073274055.1#21|Anaerocolumna_jejuensis_DSM_15929	519	-	+	7	2367	2885	49034	49552	WP_084123958.1#21	NZ_FRAC01000008.1	GCF_900142215.1
WP_073274055.1#21|Anaerocolumna_jejuensis_DSM_15929	978	-	+	6	2963	3940	47979	48956	WP_073274050.1#21	NZ_FRAC01000008.1	GCF_900142215.1



WP_134379484.1#14|Jeotgalibacillus_salarius	447	+	+	5	-2972	-2526	80583	81029	WP_134379476.1#14	NZ_SORX01000002.1	GCF_004405125.1
WP_134379484.1#14|Jeotgalibacillus_salarius	609	+	+	1	-2520	-1912	81035	81643	WP_134379478.1#14	NZ_SORX01000002.1	GCF_004405125.1
WP_134379484.1#14|Jeotgalibacillus_salarius	1242	+	+	1	-1887	-646	81668	82909	WP_134379480.1#14	NZ_SORX01000002.1	GCF_004405125.1
WP_134379484.1#14|Jeotgalibacillus_salarius	630	+	+	3	-642	-13	82913	83542	WP_134379482.1#14	NZ_SORX01000002.1	GCF_004405125.1
WP_134379484.1#14|Jeotgalibacillus_salarius	363	+	+	12	1	363	83556	83918	WP_134379484.1#14	NZ_SORX01000002.1	GCF_004405125.1
WP_134379484.1#14|Jeotgalibacillus_salarius	1197	+	+	2	434	1630	83989	85185	WP_134379486.1#14	NZ_SORX01000002.1	GCF_004405125.1
WP_134379484.1#14|Jeotgalibacillus_salarius	225	+	+	4	1682	1906	85237	85461	WP_134379488.1#14	NZ_SORX01000002.1	GCF_004405125.1
WP_134379484.1#14|Jeotgalibacillus_salarius	435	+	+	7	1896	2330	85451	85885	WP_134379490.1#14	NZ_SORX01000002.1	GCF_004405125.1
WP_134379484.1#14|Jeotgalibacillus_salarius	999	+	+	6	2363	3361	85918	86916	WP_134379492.1#14	NZ_SORX01000002.1	GCF_004405125.1



WP_221836094.1#31|Sporosarcina_aquimarina	450	-	+	5	-3207	-2758	141298	141747	WP_221836111.1#31	NZ_JACLBZ010000012.1	GCF_019748715.1
WP_221836094.1#31|Sporosarcina_aquimarina	609	-	+	1	-2753	-2145	140685	141293	WP_221836099.1#31	NZ_JACLBZ010000012.1	GCF_019748715.1
WP_221836094.1#31|Sporosarcina_aquimarina	1410	-	+	1	-2116	-707	139247	140656	WP_221836096.1#31	NZ_JACLBZ010000012.1	GCF_019748715.1
WP_221836094.1#31|Sporosarcina_aquimarina	687	-	+	3	-703	-17	138557	139243	WP_246602619.1#31	NZ_JACLBZ010000012.1	GCF_019748715.1
WP_221836094.1#31|Sporosarcina_aquimarina	378	-	+	12	1	378	138162	138539	WP_221836094.1#31	NZ_JACLBZ010000012.1	GCF_019748715.1
WP_221836094.1#31|Sporosarcina_aquimarina	819	-	+	2	466	1284	137256	138074	WP_221836090.1#31	NZ_JACLBZ010000012.1	GCF_019748715.1
WP_221836094.1#31|Sporosarcina_aquimarina	222	-	+	4	1341	1562	136978	137199	WP_221836087.1#31	NZ_JACLBZ010000012.1	GCF_019748715.1
WP_221836094.1#31|Sporosarcina_aquimarina	432	-	+	7	1552	1983	136557	136988	WP_221836083.1#31	NZ_JACLBZ010000012.1	GCF_019748715.1
WP_221836094.1#31|Sporosarcina_aquimarina	1002	-	+	6	2032	3033	135507	136508	WP_221836081.1#31	NZ_JACLBZ010000012.1	GCF_019748715.1



WP_231096745.1#32|Radiobacillus_kanasensis	444	+	+	5	-2930	-2487	1702181	1702624	WP_231096741.1#32	NZ_CP088020.1	GCF_021049245.1
WP_231096745.1#32|Radiobacillus_kanasensis	600	+	+	1	-2482	-1883	1702629	1703228	WP_231096742.1#32	NZ_CP088020.1	GCF_021049245.1
WP_231096745.1#32|Radiobacillus_kanasensis	1374	+	+	1	-1849	-476	1703262	1704635	WP_231096743.1#32	NZ_CP088020.1	GCF_021049245.1
WP_231096745.1#32|Radiobacillus_kanasensis	456	+	+	3	-475	-20	1704636	1705091	WP_331000847.1#32	NZ_CP088020.1	GCF_021049245.1
WP_231096745.1#32|Radiobacillus_kanasensis	378	+	+	12	1	378	1705112	1705489	WP_231096745.1#32	NZ_CP088020.1	GCF_021049245.1
WP_231096745.1#32|Radiobacillus_kanasensis	894	+	+	2	464	1357	1705575	1706468	WP_231096746.1#32	NZ_CP088020.1	GCF_021049245.1
WP_231096745.1#32|Radiobacillus_kanasensis	222	+	+	4	1429	1650	1706540	1706761	WP_231096747.1#32	NZ_CP088020.1	GCF_021049245.1
WP_231096745.1#32|Radiobacillus_kanasensis	429	+	+	7	1640	2068	1706751	1707179	WP_231096748.1#32	NZ_CP088020.1	GCF_021049245.1
WP_231096745.1#32|Radiobacillus_kanasensis	1002	+	+	6	2099	3100	1707210	1708211	WP_231096749.1#32	NZ_CP088020.1	GCF_021049245.1



WP_003462887.1#19|Gracilibacillus_halophilus_YIM_C55_5	447	-	+	5	-3010	-2564	26158	26604	WP_003462899.1#19	NZ_APML01000004.1	GCF_000359605.1
WP_003462887.1#19|Gracilibacillus_halophilus_YIM_C55_5	579	-	+	1	-2559	-1981	25575	26153	WP_003462896.1#19	NZ_APML01000004.1	GCF_000359605.1
WP_003462887.1#19|Gracilibacillus_halophilus_YIM_C55_5	1461	-	+	1	-1947	-487	24081	25541	WP_003462892.1#19	NZ_APML01000004.1	GCF_000359605.1
WP_003462887.1#19|Gracilibacillus_halophilus_YIM_C55_5	486	-	+	3	-477	8	23586	24071	WP_003462890.1#19	NZ_APML01000004.1	GCF_000359605.1
WP_003462887.1#19|Gracilibacillus_halophilus_YIM_C55_5	360	-	+	12	1	360	23234	23593	WP_003462887.1#19	NZ_APML01000004.1	GCF_000359605.1
WP_003462887.1#19|Gracilibacillus_halophilus_YIM_C55_5	1026	-	+	2	439	1464	22130	23155	WP_003462883.1#19	NZ_APML01000004.1	GCF_000359605.1
WP_003462887.1#19|Gracilibacillus_halophilus_YIM_C55_5	222	-	+	4	1509	1730	21864	22085	WP_003462880.1#19	NZ_APML01000004.1	GCF_000359605.1
WP_003462887.1#19|Gracilibacillus_halophilus_YIM_C55_5	414	-	+	7	1720	2133	21461	21874	WP_003462877.1#19	NZ_APML01000004.1	GCF_000359605.1
WP_003462887.1#19|Gracilibacillus_halophilus_YIM_C55_5	1002	-	+	6	2162	3163	20431	21432	WP_003462874.1#19	NZ_APML01000004.1	GCF_000359605.1



WP_283914293.1#59|Cytobacillus_firmus	444	+	+	5	-2811	-2368	1764315	1764758	WP_048009024.1#59	NZ_CP126102.1	GCF_030123225.1
WP_283914293.1#59|Cytobacillus_firmus	612	+	+	1	-2359	-1748	1764767	1765378	WP_163145095.1#59	NZ_CP126102.1	GCF_030123225.1
WP_283914293.1#59|Cytobacillus_firmus	1242	+	+	1	-1720	-479	1765406	1766647	WP_283914292.1#59	NZ_CP126102.1	GCF_030123225.1
WP_283914293.1#59|Cytobacillus_firmus	453	+	+	3	-466	-14	1766660	1767112	WP_048009021.1#59	NZ_CP126102.1	GCF_030123225.1
WP_283914293.1#59|Cytobacillus_firmus	393	+	+	12	1	393	1767127	1767519	WP_283914293.1#59	NZ_CP126102.1	GCF_030123225.1
WP_283914293.1#59|Cytobacillus_firmus	807	+	+	2	463	1269	1767589	1768395	WP_048009019.1#59	NZ_CP126102.1	GCF_030123225.1
WP_283914293.1#59|Cytobacillus_firmus	225	+	+	4	1323	1547	1768449	1768673	WP_048009018.1#59	NZ_CP126102.1	GCF_030123225.1
WP_283914293.1#59|Cytobacillus_firmus	429	+	+	7	1534	1962	1768660	1769088	WP_048009017.1#59	NZ_CP126102.1	GCF_030123225.1
WP_283914293.1#59|Cytobacillus_firmus	999	+	+	6	2003	3001	1769129	1770127	WP_048009016.1#59	NZ_CP126102.1	GCF_030123225.1



WP_235247683.1#58|Niallia_circulans	453	-	+	5	-4061	-3609	148367	148819	WP_031534486.1#58	NZ_JADYUA010000001.1	GCF_021531555.1
WP_235247683.1#58|Niallia_circulans	597	-	+	1	-3608	-3012	147770	148366	WP_031534488.1#58	NZ_JADYUA010000001.1	GCF_021531555.1
WP_235247683.1#58|Niallia_circulans	2313	-	+	1	-2977	-665	145423	147735	WP_235247684.1#58	NZ_JADYUA010000001.1	GCF_021531555.1
WP_235247683.1#58|Niallia_circulans	639	-	+	3	-649	-11	144769	145407	WP_031534492.1#58	NZ_JADYUA010000001.1	GCF_021531555.1
WP_235247683.1#58|Niallia_circulans	402	-	+	12	1	402	144356	144757	WP_235247683.1#58	NZ_JADYUA010000001.1	GCF_021531555.1
WP_235247683.1#58|Niallia_circulans	885	-	+	2	480	1364	143394	144278	WP_031534496.1#58	NZ_JADYUA010000001.1	GCF_021531555.1
WP_235247683.1#58|Niallia_circulans	222	-	+	4	1417	1638	143120	143341	WP_031534498.1#58	NZ_JADYUA010000001.1	GCF_021531555.1
WP_235247683.1#58|Niallia_circulans	429	-	+	7	1628	2056	142702	143130	WP_031534500.1#58	NZ_JADYUA010000001.1	GCF_021531555.1
WP_235247683.1#58|Niallia_circulans	999	-	+	6	2089	3087	141671	142669	WP_031534501.1#58	NZ_JADYUA010000001.1	GCF_021531555.1



WP_144452430.1#16|Niallia_taxi	453	-	+	5	-3142	-2690	192492	192944	WP_127734588.1#16	NZ_JAMBAY010000005.1	GCF_025150115.1
WP_144452430.1#16|Niallia_taxi	633	-	+	1	-2690	-2058	191860	192492	WP_144452427.1#16	NZ_JAMBAY010000005.1	GCF_025150115.1
WP_144452430.1#16|Niallia_taxi	1365	-	+	1	-2031	-667	190469	191833	WP_260054168.1#16	NZ_JAMBAY010000005.1	GCF_025150115.1
WP_144452430.1#16|Niallia_taxi	639	-	+	3	-649	-11	189813	190451	WP_144452429.1#16	NZ_JAMBAY010000005.1	GCF_025150115.1
WP_144452430.1#16|Niallia_taxi	387	-	+	12	1	387	189415	189801	WP_144452430.1#16	NZ_JAMBAY010000005.1	GCF_025150115.1
WP_144452430.1#16|Niallia_taxi	783	-	+	2	484	1266	188536	189318	WP_127734578.1#16	NZ_JAMBAY010000005.1	GCF_025150115.1
WP_144452430.1#16|Niallia_taxi	225	-	+	4	1320	1544	188258	188482	WP_127734576.1#16	NZ_JAMBAY010000005.1	GCF_025150115.1
WP_144452430.1#16|Niallia_taxi	429	-	+	7	1531	1959	187843	188271	WP_144452431.1#16	NZ_JAMBAY010000005.1	GCF_025150115.1
WP_144452430.1#16|Niallia_taxi	999	-	+	6	1998	2996	186806	187804	WP_144452432.1#16	NZ_JAMBAY010000005.1	GCF_025150115.1



WP_255374625.1#34|Cohnella_sp__OV330	441	-	+	5	-3302	-2862	49176	49616	WP_110468899.1#34	NZ_FOKE01000014.1	GCF_900112065.1
WP_255374625.1#34|Cohnella_sp__OV330	909	-	+	1	-2829	-1921	48235	49143	WP_143106737.1#34	NZ_FOKE01000014.1	GCF_900112065.1
WP_255374625.1#34|Cohnella_sp__OV330	1407	-	+	1	-1877	-471	46785	48191	WP_090117385.1#34	NZ_FOKE01000014.1	GCF_900112065.1
WP_255374625.1#34|Cohnella_sp__OV330	453	-	+	3	-444	8	46306	46758	WP_090117384.1#34	NZ_FOKE01000014.1	GCF_900112065.1
WP_255374625.1#34|Cohnella_sp__OV330	402	-	+	12	1	402	45912	46313	WP_255374625.1#34	NZ_FOKE01000014.1	GCF_900112065.1
WP_255374625.1#34|Cohnella_sp__OV330	825	-	+	2	501	1325	44989	45813	WP_090117382.1#34	NZ_FOKE01000014.1	GCF_900112065.1
WP_255374625.1#34|Cohnella_sp__OV330	234	-	+	4	1413	1646	44668	44901	WP_090117381.1#34	NZ_FOKE01000014.1	GCF_900112065.1
WP_255374625.1#34|Cohnella_sp__OV330	483	-	+	7	1643	2125	44189	44671	WP_090117380.1#34	NZ_FOKE01000014.1	GCF_900112065.1
WP_255374625.1#34|Cohnella_sp__OV330	1002	-	+	6	2159	3160	43154	44155	WP_090117379.1#34	NZ_FOKE01000014.1	GCF_900112065.1



WP_328699878.1#61|Chengkuizengella_marina	432	+	+	5	-3389	-2958	14190	14621	WP_160643229.1#61	NZ_SIJB01000001.1	GCF_009910845.1
WP_328699878.1#61|Chengkuizengella_marina	894	+	+	1	-2917	-2024	14662	15555	WP_160643231.1#61	NZ_SIJB01000001.1	GCF_009910845.1
WP_328699878.1#61|Chengkuizengella_marina	1398	+	+	1	-1986	-589	15593	16990	WP_160643233.1#61	NZ_SIJB01000001.1	GCF_009910845.1
WP_328699878.1#61|Chengkuizengella_marina	564	+	+	3	-559	4	17020	17583	WP_160643235.1#61	NZ_SIJB01000001.1	GCF_009910845.1
WP_328699878.1#61|Chengkuizengella_marina	381	+	+	12	1	381	17580	17960	WP_328699878.1#61	NZ_SIJB01000001.1	GCF_009910845.1
WP_328699878.1#61|Chengkuizengella_marina	831	+	+	2	468	1298	18047	18877	WP_160643237.1#61	NZ_SIJB01000001.1	GCF_009910845.1
WP_328699878.1#61|Chengkuizengella_marina	222	+	+	4	1425	1646	19004	19225	WP_160643239.1#61	NZ_SIJB01000001.1	GCF_009910845.1
WP_328699878.1#61|Chengkuizengella_marina	438	+	+	7	1646	2083	19225	19662	WP_160643241.1#61	NZ_SIJB01000001.1	GCF_009910845.1
WP_328699878.1#61|Chengkuizengella_marina	1002	+	+	6	2115	3116	19694	20695	WP_160643243.1#61	NZ_SIJB01000001.1	GCF_009910845.1



WP_068608342.1#43|Paenibacillus_swuensis	444	+	+	5	-3284	-2841	3614090	3614533	WP_068608335.1#43	NZ_CP011388.1	GCF_001644605.1
WP_068608342.1#43|Paenibacillus_swuensis	927	+	+	1	-2828	-1902	3614546	3615472	WP_068608337.1#43	NZ_CP011388.1	GCF_001644605.1
WP_068608342.1#43|Paenibacillus_swuensis	1392	+	+	1	-1864	-473	3615510	3616901	WP_068608339.1#43	NZ_CP011388.1	GCF_001644605.1
WP_068608342.1#43|Paenibacillus_swuensis	453	+	+	3	-453	-1	3616921	3617373	WP_068608340.1#43	NZ_CP011388.1	GCF_001644605.1
WP_068608342.1#43|Paenibacillus_swuensis	369	+	+	12	1	369	3617375	3617743	WP_068608342.1#43	NZ_CP011388.1	GCF_001644605.1
WP_068608342.1#43|Paenibacillus_swuensis	825	+	+	2	475	1299	3617849	3618673	WP_068608344.1#43	NZ_CP011388.1	GCF_001644605.1
WP_068608342.1#43|Paenibacillus_swuensis	228	+	+	4	1379	1606	3618753	3618980	WP_068608346.1#43	NZ_CP011388.1	GCF_001644605.1
WP_068608342.1#43|Paenibacillus_swuensis	489	+	+	7	1599	2087	3618973	3619461	WP_068608347.1#43	NZ_CP011388.1	GCF_001644605.1
WP_068608342.1#43|Paenibacillus_swuensis	999	+	+	6	2127	3125	3619501	3620499	WP_068608348.1#43	NZ_CP011388.1	GCF_001644605.1



WP_058303935.1#7|Gorillibacterium_timonense	441	+	+	5	-3461	-3021	1701805	1702245	WP_058303931.1#7	NZ_LN881724.1	GCF_001457415.1
WP_058303935.1#7|Gorillibacterium_timonense	906	+	+	1	-2967	-2062	1702299	1703204	WP_058303932.1#7	NZ_LN881724.1	GCF_001457415.1
WP_058303935.1#7|Gorillibacterium_timonense	1548	+	+	1	-2018	-471	1703248	1704795	WP_058303933.1#7	NZ_LN881724.1	GCF_001457415.1
WP_058303935.1#7|Gorillibacterium_timonense	438	+	+	3	-440	-3	1704826	1705263	WP_058303934.1#7	NZ_LN881724.1	GCF_001457415.1
WP_058303935.1#7|Gorillibacterium_timonense	378	+	+	12	1	378	1705267	1705644	WP_058303935.1#7	NZ_LN881724.1	GCF_001457415.1
WP_058303935.1#7|Gorillibacterium_timonense	822	+	+	2	475	1296	1705741	1706562	WP_058303936.1#7	NZ_LN881724.1	GCF_001457415.1
WP_058303935.1#7|Gorillibacterium_timonense	225	+	+	4	1389	1613	1706655	1706879	WP_058303937.1#7	NZ_LN881724.1	GCF_001457415.1
WP_058303935.1#7|Gorillibacterium_timonense	480	+	+	7	1610	2089	1706876	1707355	WP_058303938.1#7	NZ_LN881724.1	GCF_001457415.1
WP_058303935.1#7|Gorillibacterium_timonense	999	+	+	6	2126	3124	1707392	1708390	WP_058303939.1#7	NZ_LN881724.1	GCF_001457415.1



WP_127580618.1#50|Paenibacillus_koleovorans_NBRC_103111	441	+	+	5	-3377	-2937	26963	27403	WP_127580611.1#50	NZ_BIMA01000016.1	GCF_004000845.1
WP_127580618.1#50|Paenibacillus_koleovorans_NBRC_103111	903	+	+	1	-2912	-2010	27428	28330	WP_127580613.1#50	NZ_BIMA01000016.1	GCF_004000845.1
WP_127580618.1#50|Paenibacillus_koleovorans_NBRC_103111	1503	+	+	1	-1964	-462	28376	29878	WP_127580615.1#50	NZ_BIMA01000016.1	GCF_004000845.1
WP_127580618.1#50|Paenibacillus_koleovorans_NBRC_103111	426	+	+	3	-434	-9	29906	30331	WP_127580617.1#50	NZ_BIMA01000016.1	GCF_004000845.1
WP_127580618.1#50|Paenibacillus_koleovorans_NBRC_103111	387	+	+	12	1	387	30341	30727	WP_127580618.1#50	NZ_BIMA01000016.1	GCF_004000845.1
WP_127580618.1#50|Paenibacillus_koleovorans_NBRC_103111	822	+	+	2	478	1299	30818	31639	WP_127580620.1#50	NZ_BIMA01000016.1	GCF_004000845.1
WP_127580618.1#50|Paenibacillus_koleovorans_NBRC_103111	222	+	+	4	1387	1608	31727	31948	WP_127580622.1#50	NZ_BIMA01000016.1	GCF_004000845.1
WP_127580618.1#50|Paenibacillus_koleovorans_NBRC_103111	483	+	+	7	1611	2093	31951	32433	WP_127580624.1#50	NZ_BIMA01000016.1	GCF_004000845.1
WP_127580618.1#50|Paenibacillus_koleovorans_NBRC_103111	1002	+	+	6	2132	3133	32472	33473	WP_127580626.1#50	NZ_BIMA01000016.1	GCF_004000845.1



WP_131014464.1#12|Paenibacillus_thalictri	441	+	+	5	-3450	-3010	105585	106025	WP_131014460.1#12	NZ_SIRE01000011.1	GCF_004307995.1
WP_131014464.1#12|Paenibacillus_thalictri	933	+	+	1	-2962	-2030	106073	107005	WP_131014461.1#12	NZ_SIRE01000011.1	GCF_004307995.1
WP_131014464.1#12|Paenibacillus_thalictri	1509	+	+	1	-2001	-493	107034	108542	WP_131014462.1#12	NZ_SIRE01000011.1	GCF_004307995.1
WP_131014464.1#12|Paenibacillus_thalictri	480	+	+	3	-475	4	108560	109039	WP_131014463.1#12	NZ_SIRE01000011.1	GCF_004307995.1
WP_131014464.1#12|Paenibacillus_thalictri	390	+	+	12	1	390	109036	109425	WP_131014464.1#12	NZ_SIRE01000011.1	GCF_004307995.1
WP_131014464.1#12|Paenibacillus_thalictri	834	+	+	2	493	1326	109528	110361	WP_131014465.1#12	NZ_SIRE01000011.1	GCF_004307995.1
WP_131014464.1#12|Paenibacillus_thalictri	222	+	+	4	1383	1604	110418	110639	WP_131014466.1#12	NZ_SIRE01000011.1	GCF_004307995.1
WP_131014464.1#12|Paenibacillus_thalictri	477	+	+	7	1605	2081	110640	111116	WP_131014467.1#12	NZ_SIRE01000011.1	GCF_004307995.1
WP_131014464.1#12|Paenibacillus_thalictri	999	+	+	6	2121	3119	111156	112154	WP_131014468.1#12	NZ_SIRE01000011.1	GCF_004307995.1



WP_078499340.1#22|Paenibacillus_selenitireducens	447	+	+	5	-3509	-3063	210412	210858	WP_078499337.1#22	NZ_MSZX01000005.1	GCF_002021565.1
WP_078499340.1#22|Paenibacillus_selenitireducens	918	+	+	1	-3006	-2089	210915	211832	WP_233147038.1#22	NZ_MSZX01000005.1	GCF_002021565.1
WP_078499340.1#22|Paenibacillus_selenitireducens	1455	+	+	1	-2052	-598	211869	213323	WP_158081699.1#22	NZ_MSZX01000005.1	GCF_002021565.1
WP_078499340.1#22|Paenibacillus_selenitireducens	582	+	+	3	-577	4	213344	213925	WP_078499339.1#22	NZ_MSZX01000005.1	GCF_002021565.1
WP_078499340.1#22|Paenibacillus_selenitireducens	387	+	+	12	1	387	213922	214308	WP_078499340.1#22	NZ_MSZX01000005.1	GCF_002021565.1
WP_078499340.1#22|Paenibacillus_selenitireducens	819	+	+	2	484	1302	214405	215223	WP_078499341.1#22	NZ_MSZX01000005.1	GCF_002021565.1
WP_078499340.1#22|Paenibacillus_selenitireducens	225	+	+	4	1373	1597	215294	215518	WP_078499342.1#22	NZ_MSZX01000005.1	GCF_002021565.1
WP_078499340.1#22|Paenibacillus_selenitireducens	471	+	+	7	1594	2064	215515	215985	WP_078499343.1#22	NZ_MSZX01000005.1	GCF_002021565.1
WP_078499340.1#22|Paenibacillus_selenitireducens	999	+	+	6	2111	3109	216032	217030	WP_078499344.1#22	NZ_MSZX01000005.1	GCF_002021565.1



WP_155701271.1#17|Paenibacillus_psychroresistens	441	+	+	5	-3389	-2949	3534412	3534852	WP_162463133.1#17	NZ_CP034235.1	GCF_009728935.1
WP_155701271.1#17|Paenibacillus_psychroresistens	903	+	+	1	-2922	-2020	3534879	3535781	WP_227013953.1#17	NZ_CP034235.1	GCF_009728935.1
WP_155701271.1#17|Paenibacillus_psychroresistens	1491	+	+	1	-1983	-493	3535818	3537308	WP_155701269.1#17	NZ_CP034235.1	GCF_009728935.1
WP_155701271.1#17|Paenibacillus_psychroresistens	459	+	+	3	-462	-4	3537339	3537797	WP_155701270.1#17	NZ_CP034235.1	GCF_009728935.1
WP_155701271.1#17|Paenibacillus_psychroresistens	387	+	+	12	1	387	3537802	3538188	WP_155701271.1#17	NZ_CP034235.1	GCF_009728935.1
WP_155701271.1#17|Paenibacillus_psychroresistens	822	+	+	2	497	1318	3538298	3539119	WP_155701272.1#17	NZ_CP034235.1	GCF_009728935.1
WP_155701271.1#17|Paenibacillus_psychroresistens	225	+	+	4	1385	1609	3539186	3539410	WP_155701273.1#17	NZ_CP034235.1	GCF_009728935.1
WP_155701271.1#17|Paenibacillus_psychroresistens	477	+	+	7	1610	2086	3539411	3539887	WP_155701274.1#17	NZ_CP034235.1	GCF_009728935.1
WP_155701271.1#17|Paenibacillus_psychroresistens	999	+	+	6	2124	3122	3539925	3540923	WP_155701275.1#17	NZ_CP034235.1	GCF_009728935.1



WP_068780714.1#9|Paenibacillus_sp__GM2	444	+	+	5	-3685	-3242	1211854	1212297	WP_068780711.1#9	NZ_LN831279.1	GCF_900069005.2
WP_068780714.1#9|Paenibacillus_sp__GM2	927	+	+	1	-3174	-2248	1212365	1213291	WP_068780712.1#9	NZ_LN831279.1	GCF_900069005.2
WP_068780714.1#9|Paenibacillus_sp__GM2	1434	+	+	1	-1997	-564	1213542	1214975	WP_068780713.1#9	NZ_LN831279.1	GCF_900069005.2
WP_068780714.1#9|Paenibacillus_sp__GM2	552	+	+	3	-547	4	1214992	1215543	WP_069188356.1#9	NZ_LN831279.1	GCF_900069005.2
WP_068780714.1#9|Paenibacillus_sp__GM2	390	+	+	12	1	390	1215540	1215929	WP_068780714.1#9	NZ_LN831279.1	GCF_900069005.2
WP_068780714.1#9|Paenibacillus_sp__GM2	822	+	+	2	481	1302	1216020	1216841	WP_068780715.1#9	NZ_LN831279.1	GCF_900069005.2
WP_068780714.1#9|Paenibacillus_sp__GM2	225	+	+	4	1407	1631	1216946	1217170	WP_068780716.1#9	NZ_LN831279.1	GCF_900069005.2
WP_068780714.1#9|Paenibacillus_sp__GM2	477	+	+	7	1628	2104	1217167	1217643	WP_068780717.1#9	NZ_LN831279.1	GCF_900069005.2
WP_068780714.1#9|Paenibacillus_sp__GM2	999	+	+	6	2172	3170	1217711	1218709	WP_068780718.1#9	NZ_LN831279.1	GCF_900069005.2



WP_068694611.1#44|Paenibacillus_yonginensis	445	+	+	14	-3562	-3118	1080513	1080957	pseudogene_44.9*#44	NZ_CP014167.1	GCF_001685395.1
WP_068694611.1#44|Paenibacillus_yonginensis	942	+	+	1	-3080	-2139	1080995	1081936	WP_068694608.1#44	NZ_CP014167.1	GCF_001685395.1
WP_068694611.1#44|Paenibacillus_yonginensis	1515	+	+	1	-2104	-590	1081971	1083485	WP_068694609.1#44	NZ_CP014167.1	GCF_001685395.1
WP_068694611.1#44|Paenibacillus_yonginensis	549	+	+	3	-544	4	1083531	1084079	WP_068694610.1#44	NZ_CP014167.1	GCF_001685395.1
WP_068694611.1#44|Paenibacillus_yonginensis	390	+	+	12	1	390	1084076	1084465	WP_068694611.1#44	NZ_CP014167.1	GCF_001685395.1
WP_068694611.1#44|Paenibacillus_yonginensis	822	+	+	2	483	1304	1084558	1085379	WP_068694612.1#44	NZ_CP014167.1	GCF_001685395.1
WP_068694611.1#44|Paenibacillus_yonginensis	225	+	+	4	1361	1585	1085436	1085660	WP_068694613.1#44	NZ_CP014167.1	GCF_001685395.1
WP_068694611.1#44|Paenibacillus_yonginensis	465	+	+	7	1582	2046	1085657	1086121	WP_068694614.1#44	NZ_CP014167.1	GCF_001685395.1
WP_068694611.1#44|Paenibacillus_yonginensis	999	+	+	6	2089	3087	1086164	1087162	WP_068694615.1#44	NZ_CP014167.1	GCF_001685395.1



WP_211081648.1#3|Paenibacillus_xylanexedens	453	+	+	5	-3438	-2986	6463	6915	WP_211081652.1#3	NZ_CBCSLC010000029.1	GCF_965139975.1
WP_211081648.1#3|Paenibacillus_xylanexedens	942	+	+	1	-2942	-2001	6959	7900	WP_211081651.1#3	NZ_CBCSLC010000029.1	GCF_965139975.1
WP_211081648.1#3|Paenibacillus_xylanexedens	1389	+	+	1	-1961	-573	7940	9328	WP_211081650.1#3	NZ_CBCSLC010000029.1	GCF_965139975.1
WP_211081648.1#3|Paenibacillus_xylanexedens	558	+	+	3	-553	4	9348	9905	WP_211081649.1#3	NZ_CBCSLC010000029.1	GCF_965139975.1
WP_211081648.1#3|Paenibacillus_xylanexedens	384	+	+	12	1	384	9902	10285	WP_211081648.1#3	NZ_CBCSLC010000029.1	GCF_965139975.1
WP_211081648.1#3|Paenibacillus_xylanexedens	819	+	+	2	466	1284	10367	11185	WP_036609361.1#3	NZ_CBCSLC010000029.1	GCF_965139975.1
WP_211081648.1#3|Paenibacillus_xylanexedens	222	+	+	4	1353	1574	11254	11475	WP_017689179.1#3	NZ_CBCSLC010000029.1	GCF_965139975.1
WP_211081648.1#3|Paenibacillus_xylanexedens	462	+	+	7	1574	2035	11475	11936	WP_211081647.1#3	NZ_CBCSLC010000029.1	GCF_965139975.1
WP_211081648.1#3|Paenibacillus_xylanexedens	999	+	+	6	2076	3074	11977	12975	WP_017689177.1#3	NZ_CBCSLC010000029.1	GCF_965139975.1



WP_018975028.1#5|Saccharibacillus_kuerlensis_DSM_22868	444	-	+	5	-3485	-3042	105877	106320	WP_026293559.1#5	NZ_KB899277.1	GCF_000378145.1
WP_018975028.1#5|Saccharibacillus_kuerlensis_DSM_22868	963	-	+	1	-3001	-2039	104874	105836	WP_018975031.1#5	NZ_KB899277.1	GCF_000378145.1
WP_018975028.1#5|Saccharibacillus_kuerlensis_DSM_22868	1362	-	+	1	-2004	-643	103478	104839	WP_229675597.1#5	NZ_KB899277.1	GCF_000378145.1
WP_018975028.1#5|Saccharibacillus_kuerlensis_DSM_22868	621	-	+	3	-621	-1	102836	103456	WP_018975029.1#5	NZ_KB899277.1	GCF_000378145.1
WP_018975028.1#5|Saccharibacillus_kuerlensis_DSM_22868	375	-	+	12	1	375	102460	102834	WP_018975028.1#5	NZ_KB899277.1	GCF_000378145.1
WP_018975028.1#5|Saccharibacillus_kuerlensis_DSM_22868	819	-	+	2	548	1366	101469	102287	WP_018975027.1#5	NZ_KB899277.1	GCF_000378145.1
WP_018975028.1#5|Saccharibacillus_kuerlensis_DSM_22868	225	-	+	4	1437	1661	101174	101398	WP_018975026.1#5	NZ_KB899277.1	GCF_000378145.1
WP_018975028.1#5|Saccharibacillus_kuerlensis_DSM_22868	465	-	+	7	1658	2122	100713	101177	WP_018975025.1#5	NZ_KB899277.1	GCF_000378145.1
WP_018975028.1#5|Saccharibacillus_kuerlensis_DSM_22868	999	-	+	6	2206	3204	99631	100629	WP_018975024.1#5	NZ_KB899277.1	GCF_000378145.1



WP_106766065.1#25|Paenibacillus_faecalis	444	-	+	5	-3548	-3105	351435	351878	WP_106766069.1#25	NZ_LT985747.1	GCF_900289175.1
WP_106766065.1#25|Paenibacillus_faecalis	933	-	+	1	-3061	-2129	350459	351391	WP_106766068.1#25	NZ_LT985747.1	GCF_900289175.1
WP_106766065.1#25|Paenibacillus_faecalis	1467	-	+	1	-2093	-627	348957	350423	WP_106766067.1#25	NZ_LT985747.1	GCF_900289175.1
WP_106766065.1#25|Paenibacillus_faecalis	606	-	+	3	-601	4	348326	348931	WP_234032946.1#25	NZ_LT985747.1	GCF_900289175.1
WP_106766065.1#25|Paenibacillus_faecalis	390	-	+	12	1	390	347940	348329	WP_106766065.1#25	NZ_LT985747.1	GCF_900289175.1
WP_106766065.1#25|Paenibacillus_faecalis	816	-	+	2	467	1282	347048	347863	WP_106766064.1#25	NZ_LT985747.1	GCF_900289175.1
WP_106766065.1#25|Paenibacillus_faecalis	225	-	+	4	1337	1561	346769	346993	WP_106766063.1#25	NZ_LT985747.1	GCF_900289175.1
WP_106766065.1#25|Paenibacillus_faecalis	465	-	+	7	1558	2022	346308	346772	WP_106766062.1#25	NZ_LT985747.1	GCF_900289175.1
WP_106766065.1#25|Paenibacillus_faecalis	1002	-	+	6	2056	3057	345273	346274	WP_106766061.1#25	NZ_LT985747.1	GCF_900289175.1



WP_068580391.1#8|Paenibacillus_macquariensis	444	-	+	5	-3463	-3020	215723	216166	WP_068580399.1#8	NZ_JARLKF010000011.1	GCF_035803715.1
WP_068580391.1#8|Paenibacillus_macquariensis	930	-	+	1	-2966	-2037	214740	215669	WP_068580397.1#8	NZ_JARLKF010000011.1	GCF_035803715.1
WP_068580391.1#8|Paenibacillus_macquariensis	1443	-	+	1	-1989	-547	213250	214692	WP_068580394.1#8	NZ_JARLKF010000011.1	GCF_035803715.1
WP_068580391.1#8|Paenibacillus_macquariensis	534	-	+	3	-529	4	212699	213232	WP_068580392.1#8	NZ_JARLKF010000011.1	GCF_035803715.1
WP_068580391.1#8|Paenibacillus_macquariensis	390	-	+	12	1	390	212313	212702	WP_068580391.1#8	NZ_JARLKF010000011.1	GCF_035803715.1
WP_068580391.1#8|Paenibacillus_macquariensis	819	-	+	2	471	1289	211414	212232	WP_068580389.1#8	NZ_JARLKF010000011.1	GCF_035803715.1
WP_068580391.1#8|Paenibacillus_macquariensis	225	-	+	4	1348	1572	211131	211355	WP_068580388.1#8	NZ_JARLKF010000011.1	GCF_035803715.1
WP_068580391.1#8|Paenibacillus_macquariensis	462	-	+	7	1569	2030	210673	211134	WP_068580387.1#8	NZ_JARLKF010000011.1	GCF_035803715.1
WP_068580391.1#8|Paenibacillus_macquariensis	999	-	+	6	2073	3071	209632	210630	WP_068580385.1#8	NZ_JARLKF010000011.1	GCF_035803715.1



WP_129197126.1#51|Ammoniphilus_sp__CFH_90114	1323	+	+	11	-4039	-2717	491579	492901	WP_129197118.1#51	NZ_SDLI01000001.1	GCF_004123195.1
WP_129197126.1#51|Ammoniphilus_sp__CFH_90114	459	+	+	5	-2720	-2262	492898	493356	WP_129197120.1#51	NZ_SDLI01000001.1	GCF_004123195.1
WP_129197126.1#51|Ammoniphilus_sp__CFH_90114	918	+	+	1	-2260	-1343	493358	494275	WP_129197122.1#51	NZ_SDLI01000001.1	GCF_004123195.1
WP_129197126.1#51|Ammoniphilus_sp__CFH_90114	1209	+	+	1	-1226	-18	494392	495600	WP_129197124.1#51	NZ_SDLI01000001.1	GCF_004123195.1
WP_129197126.1#51|Ammoniphilus_sp__CFH_90114	378	+	+	12	1	378	495619	495996	WP_129197126.1#51	NZ_SDLI01000001.1	GCF_004123195.1
WP_129197126.1#51|Ammoniphilus_sp__CFH_90114	819	+	+	2	454	1272	496072	496890	WP_129197128.1#51	NZ_SDLI01000001.1	GCF_004123195.1
WP_129197126.1#51|Ammoniphilus_sp__CFH_90114	225	+	+	4	1370	1594	496988	497212	WP_129197130.1#51	NZ_SDLI01000001.1	GCF_004123195.1
WP_129197126.1#51|Ammoniphilus_sp__CFH_90114	444	+	+	7	1587	2030	497205	497648	WP_129197132.1#51	NZ_SDLI01000001.1	GCF_004123195.1
WP_129197126.1#51|Ammoniphilus_sp__CFH_90114	1008	+	+	6	2054	3061	497672	498679	WP_240675673.1#51	NZ_SDLI01000001.1	GCF_004123195.1



WP_149733680.1#53|Propionispora_hippei_DSM_15287	561	+	+	10	-3460	-2900	147707	148267	WP_149733677.1#53	NZ_FQZD01000006.1	GCF_900141835.1
WP_149733680.1#53|Propionispora_hippei_DSM_15287	642	+	+	1	-2856	-2215	148311	148952	WP_188128191.1#53	NZ_FQZD01000006.1	GCF_900141835.1
WP_149733680.1#53|Propionispora_hippei_DSM_15287	1503	+	+	1	-2176	-674	148991	150493	WP_149733679.1#53	NZ_FQZD01000006.1	GCF_900141835.1
WP_149733680.1#53|Propionispora_hippei_DSM_15287	618	+	+	3	-647	-30	150520	151137	WP_223191597.1#53	NZ_FQZD01000006.1	GCF_900141835.1
WP_149733680.1#53|Propionispora_hippei_DSM_15287	384	+	+	12	1	384	151168	151551	WP_149733680.1#53	NZ_FQZD01000006.1	GCF_900141835.1
WP_149733680.1#53|Propionispora_hippei_DSM_15287	2007	+	+	2	473	2479	151640	153646	WP_149733681.1#53	NZ_FQZD01000006.1	GCF_900141835.1
WP_149733680.1#53|Propionispora_hippei_DSM_15287	198	+	+	4	2538	2735	153705	153902	WP_091744932.1#53	NZ_FQZD01000006.1	GCF_900141835.1
WP_149733680.1#53|Propionispora_hippei_DSM_15287	480	+	+	7	2956	3435	154123	154602	WP_149733682.1#53	NZ_FQZD01000006.1	GCF_900141835.1
WP_149733680.1#53|Propionispora_hippei_DSM_15287	1002	+	+	6	3485	4486	154652	155653	WP_149733683.1#53	NZ_FQZD01000006.1	GCF_900141835.1



WP_147668026.1#52|Anaerosinus_gibii	519	+	+	10	-3100	-2582	973701	974219	WP_147668018.1#52	NZ_CP120678.1	GCF_030273445.1
WP_147668026.1#52|Anaerosinus_gibii	636	+	+	1	-2544	-1909	974257	974892	WP_147668020.1#52	NZ_CP120678.1	GCF_030273445.1
WP_147668026.1#52|Anaerosinus_gibii	1356	+	+	1	-1880	-525	974921	976276	WP_147668022.1#52	NZ_CP120678.1	GCF_030273445.1
WP_147668026.1#52|Anaerosinus_gibii	495	+	+	3	-509	-15	976292	976786	WP_147668024.1#52	NZ_CP120678.1	GCF_030273445.1
WP_147668026.1#52|Anaerosinus_gibii	387	+	+	12	1	387	976802	977188	WP_147668026.1#52	NZ_CP120678.1	GCF_030273445.1
WP_147668026.1#52|Anaerosinus_gibii	1395	+	+	2	467	1861	977268	978662	WP_147668028.1#52	NZ_CP120678.1	GCF_030273445.1
WP_147668026.1#52|Anaerosinus_gibii	201	+	+	4	1914	2114	978715	978915	WP_147668030.1#52	NZ_CP120678.1	GCF_030273445.1
WP_147668026.1#52|Anaerosinus_gibii	486	+	+	7	2277	2762	979078	979563	WP_309320700.1#52	NZ_CP120678.1	GCF_030273445.1
WP_147668026.1#52|Anaerosinus_gibii	1005	+	+	6	2810	3814	979611	980615	WP_147668032.1#52	NZ_CP120678.1	GCF_030273445.1



WP_215830316.1#56|Pelorhabdus_rhamnosifermentans	573	-	+	10	-3595	-3023	125844	126416	WP_312889781.1#56	NZ_JAHGVE010000012.1	GCF_018835585.1
WP_215830316.1#56|Pelorhabdus_rhamnosifermentans	705	-	+	1	-2959	-2255	125076	125780	WP_215830319.1#56	NZ_JAHGVE010000012.1	GCF_018835585.1
WP_215830316.1#56|Pelorhabdus_rhamnosifermentans	1599	-	+	1	-2227	-629	123450	125048	WP_215830318.1#56	NZ_JAHGVE010000012.1	GCF_018835585.1
WP_215830316.1#56|Pelorhabdus_rhamnosifermentans	597	-	+	3	-613	-17	122838	123434	WP_215830317.1#56	NZ_JAHGVE010000012.1	GCF_018835585.1
WP_215830316.1#56|Pelorhabdus_rhamnosifermentans	390	-	+	12	1	390	122431	122820	WP_215830316.1#56	NZ_JAHGVE010000012.1	GCF_018835585.1
WP_215830316.1#56|Pelorhabdus_rhamnosifermentans	1629	-	+	2	478	2106	120715	122343	WP_215830315.1#56	NZ_JAHGVE010000012.1	GCF_018835585.1
WP_215830316.1#56|Pelorhabdus_rhamnosifermentans	198	-	+	4	2167	2364	120457	120654	WP_215830314.1#56	NZ_JAHGVE010000012.1	GCF_018835585.1
WP_215830316.1#56|Pelorhabdus_rhamnosifermentans	480	-	+	7	2615	3094	119727	120206	WP_215830313.1#56	NZ_JAHGVE010000012.1	GCF_018835585.1
WP_215830316.1#56|Pelorhabdus_rhamnosifermentans	999	-	+	6	3134	4132	118689	119687	WP_215830312.1#56	NZ_JAHGVE010000012.1	GCF_018835585.1



WP_052216773.1#40|Thermincola_carboxydiphila	453	+	+	5	-3112	-2660	54092	54544	WP_474773032.1#40	NZ_JBIZXM010000001.1	GCF_056136445.1
WP_052216773.1#40|Thermincola_carboxydiphila	621	+	+	1	-2644	-2024	54560	55180	WP_474773033.1#40	NZ_JBIZXM010000001.1	GCF_056136445.1
WP_052216773.1#40|Thermincola_carboxydiphila	1494	+	+	1	-1978	-485	55226	56719	WP_474773034.1#40	NZ_JBIZXM010000001.1	GCF_056136445.1
WP_052216773.1#40|Thermincola_carboxydiphila	441	+	+	3	-468	-28	56736	57176	WP_474773035.1#40	NZ_JBIZXM010000001.1	GCF_056136445.1
WP_052216773.1#40|Thermincola_carboxydiphila	390	+	+	12	1	390	57205	57594	WP_052216773.1#40	NZ_JBIZXM010000001.1	GCF_056136445.1
WP_052216773.1#40|Thermincola_carboxydiphila	1242	+	+	2	498	1739	57702	58943	WP_052216772.1#40	NZ_JBIZXM010000001.1	GCF_056136445.1
WP_052216773.1#40|Thermincola_carboxydiphila	270	+	+	4	1805	2074	59009	59278	WP_242843540.1#40	NZ_JBIZXM010000001.1	GCF_056136445.1
WP_052216773.1#40|Thermincola_carboxydiphila	498	+	+	7	2109	2606	59313	59810	WP_474773036.1#40	NZ_JBIZXM010000001.1	GCF_056136445.1
WP_052216773.1#40|Thermincola_carboxydiphila	1002	+	+	6	2632	3633	59836	60837	WP_052216770.1#40	NZ_JBIZXM010000001.1	GCF_056136445.1



WP_132074608.1#13|Anaerospora_hongkongensis	516	-	+	10	-3102	-2587	320795	321310	WP_132074620.1#13	NZ_SLUI01000001.1	GCF_004339805.1
WP_132074608.1#13|Anaerospora_hongkongensis	636	-	+	1	-2552	-1917	320125	320760	WP_132074617.1#13	NZ_SLUI01000001.1	GCF_004339805.1
WP_132074608.1#13|Anaerospora_hongkongensis	1455	-	+	1	-1886	-432	318640	320094	WP_132074614.1#13	NZ_SLUI01000001.1	GCF_004339805.1
WP_132074608.1#13|Anaerospora_hongkongensis	408	-	+	3	-416	-9	318217	318624	WP_132074611.1#13	NZ_SLUI01000001.1	GCF_004339805.1
WP_132074608.1#13|Anaerospora_hongkongensis	396	-	+	12	1	396	317812	318207	WP_132074608.1#13	NZ_SLUI01000001.1	GCF_004339805.1
WP_132074608.1#13|Anaerospora_hongkongensis	1632	-	+	2	481	2112	316096	317727	WP_132074605.1#13	NZ_SLUI01000001.1	GCF_004339805.1
WP_132074608.1#13|Anaerospora_hongkongensis	195	-	+	4	2174	2368	315840	316034	WP_132075091.1#13	NZ_SLUI01000001.1	GCF_004339805.1
WP_132074608.1#13|Anaerospora_hongkongensis	468	-	+	7	2503	2970	315238	315705	WP_132074602.1#13	NZ_SLUI01000001.1	GCF_004339805.1
WP_132074608.1#13|Anaerospora_hongkongensis	1005	-	+	6	3039	4043	314165	315169	WP_132074599.1#13	NZ_SLUI01000001.1	GCF_004339805.1



WP_135869206.1#1|Geomonas_terrae	441	+	+	5	-3785	-3345	1254384	1254824	WP_135869202.1#1	NZ_SRSC01000001.1	GCF_004791675.1
WP_135869206.1#1|Geomonas_terrae	501	+	+	1	-3348	-2848	1254821	1255321	WP_135869203.1#1	NZ_SRSC01000001.1	GCF_004791675.1
WP_135869206.1#1|Geomonas_terrae	2079	+	+	1	-2758	-680	1255411	1257489	WP_135869204.1#1	NZ_SRSC01000001.1	GCF_004791675.1
WP_135869206.1#1|Geomonas_terrae	666	+	+	3	-666	-1	1257503	1258168	WP_135869205.1#1	NZ_SRSC01000001.1	GCF_004791675.1
WP_135869206.1#1|Geomonas_terrae	393	+	+	12	1	393	1258170	1258562	WP_135869206.1#1	NZ_SRSC01000001.1	GCF_004791675.1
WP_135869206.1#1|Geomonas_terrae	885	+	+	2	491	1375	1258660	1259544	WP_135869207.1#1	NZ_SRSC01000001.1	GCF_004791675.1
WP_135869206.1#1|Geomonas_terrae	531	+	+	7	1829	2359	1259998	1260528	WP_135869208.1#1	NZ_SRSC01000001.1	GCF_004791675.1
WP_135869206.1#1|Geomonas_terrae	135	+	+	6	2370	2504	1260539	1260673	WP_281276075.1#1	NZ_SRSC01000001.1	GCF_004791675.1
WP_135869206.1#1|Geomonas_terrae	978	+	+	6	2517	3494	1260686	1261663	WP_135869209.1#1	NZ_SRSC01000001.1	GCF_004791675.1



WP_046497395.1#6|Syntrophomonas_zehnderi_OL_4	579	+	+	1	-3105	-2527	72037	72615	WP_046497389.1#6	NZ_CGIH01000027.1	GCF_000983115.1
WP_046497395.1#6|Syntrophomonas_zehnderi_OL_4	1671	+	+	1	-2480	-810	72662	74332	WP_046497390.1#6	NZ_CGIH01000027.1	GCF_000983115.1
WP_046497395.1#6|Syntrophomonas_zehnderi_OL_4	525	+	+	3	-795	-271	74347	74871	WP_046497393.1#6	NZ_CGIH01000027.1	GCF_000983115.1
WP_046497395.1#6|Syntrophomonas_zehnderi_OL_4	159	+	+	3	-162	-4	74980	75138	WP_157609513.1#6	NZ_CGIH01000027.1	GCF_000983115.1
WP_046497395.1#6|Syntrophomonas_zehnderi_OL_4	378	+	+	12	1	378	75143	75520	WP_046497395.1#6	NZ_CGIH01000027.1	GCF_000983115.1
WP_046497395.1#6|Syntrophomonas_zehnderi_OL_4	1728	+	+	2	461	2188	75603	77330	WP_052729670.1#6	NZ_CGIH01000027.1	GCF_000983115.1
WP_046497395.1#6|Syntrophomonas_zehnderi_OL_4	195	+	+	4	2241	2435	77383	77577	WP_046497397.1#6	NZ_CGIH01000027.1	GCF_000983115.1
WP_046497395.1#6|Syntrophomonas_zehnderi_OL_4	477	+	+	7	2463	2939	77605	78081	WP_242847509.1#6	NZ_CGIH01000027.1	GCF_000983115.1
WP_046497395.1#6|Syntrophomonas_zehnderi_OL_4	993	+	+	6	2962	3954	78104	79096	WP_046497400.1#6	NZ_CGIH01000027.1	GCF_000983115.1



WP_054694430.1#41|Syntrophomonas_palmitatica_JCM_14374	450	-	+	5	-3788	-3339	47521	47970	WP_054694443.1#41	NZ_BBCE01000007.1	GCF_001311885.1
WP_054694430.1#41|Syntrophomonas_palmitatica_JCM_14374	585	-	+	1	-3244	-2660	46842	47426	WP_054694438.1#41	NZ_BBCE01000007.1	GCF_001311885.1
WP_054694430.1#41|Syntrophomonas_palmitatica_JCM_14374	1995	-	+	1	-2566	-572	44754	46748	WP_054694435.1#41	NZ_BBCE01000007.1	GCF_001311885.1
WP_054694430.1#41|Syntrophomonas_palmitatica_JCM_14374	546	-	+	3	-558	-13	44195	44740	WP_054694432.1#41	NZ_BBCE01000007.1	GCF_001311885.1
WP_054694430.1#41|Syntrophomonas_palmitatica_JCM_14374	384	-	+	12	1	384	43798	44181	WP_054694430.1#41	NZ_BBCE01000007.1	GCF_001311885.1
WP_054694430.1#41|Syntrophomonas_palmitatica_JCM_14374	273	-	+	2	467	739	43443	43715	WP_054694427.1#41	NZ_BBCE01000007.1	GCF_001311885.1
WP_054694430.1#41|Syntrophomonas_palmitatica_JCM_14374	1821	-	+	2	745	2565	41617	43437	WP_054694423.1#41	NZ_BBCE01000007.1	GCF_001311885.1
WP_054694430.1#41|Syntrophomonas_palmitatica_JCM_14374	195	-	+	4	2627	2821	41361	41555	WP_054694420.1#41	NZ_BBCE01000007.1	GCF_001311885.1
WP_054694430.1#41|Syntrophomonas_palmitatica_JCM_14374	468	-	+	7	2840	3307	40875	41342	WP_054694417.1#41	NZ_BBCE01000007.1	GCF_001311885.1



WP_156203093.1#54|Candidatus_Syntrophocurvum_alkaliphilum	441	+	+	5	-3071	-2631	577471	577911	WP_156203089.1#54	NZ_CP046457.1	GCF_009734445.1
WP_156203093.1#54|Candidatus_Syntrophocurvum_alkaliphilum	561	+	+	1	-2605	-2045	577937	578497	WP_243140253.1#54	NZ_CP046457.1	GCF_009734445.1
WP_156203093.1#54|Candidatus_Syntrophocurvum_alkaliphilum	1392	+	+	1	-1983	-592	578559	579950	WP_243140254.1#54	NZ_CP046457.1	GCF_009734445.1
WP_156203093.1#54|Candidatus_Syntrophocurvum_alkaliphilum	591	+	+	3	-576	14	579966	580556	WP_156203092.1#54	NZ_CP046457.1	GCF_009734445.1
WP_156203093.1#54|Candidatus_Syntrophocurvum_alkaliphilum	390	+	+	12	1	390	580543	580932	WP_156203093.1#54	NZ_CP046457.1	GCF_009734445.1
WP_156203093.1#54|Candidatus_Syntrophocurvum_alkaliphilum	1362	+	+	2	488	1849	581030	582391	WP_156203094.1#54	NZ_CP046457.1	GCF_009734445.1
WP_156203093.1#54|Candidatus_Syntrophocurvum_alkaliphilum	195	+	+	4	2070	2264	582612	582806	WP_156203095.1#54	NZ_CP046457.1	GCF_009734445.1
WP_156203093.1#54|Candidatus_Syntrophocurvum_alkaliphilum	474	+	+	7	2277	2750	582819	583292	WP_156203096.1#54	NZ_CP046457.1	GCF_009734445.1
WP_156203093.1#54|Candidatus_Syntrophocurvum_alkaliphilum	996	+	+	6	2774	3769	583316	584311	WP_156203097.1#54	NZ_CP046457.1	GCF_009734445.1



WP_073089626.1#10|Thermosyntropha_lipolytica_DSM_11003	456	-	+	5	-3026	-2571	77300	77755	WP_073089633.1#10	NZ_FQWY01000006.1	GCF_900129805.1
WP_073089626.1#10|Thermosyntropha_lipolytica_DSM_11003	573	-	+	1	-2529	-1957	76686	77258	WP_073089632.1#10	NZ_FQWY01000006.1	GCF_900129805.1
WP_073089626.1#10|Thermosyntropha_lipolytica_DSM_11003	1344	-	+	1	-1888	-545	75274	76617	WP_073089630.1#10	NZ_FQWY01000006.1	GCF_900129805.1
WP_073089626.1#10|Thermosyntropha_lipolytica_DSM_11003	537	-	+	3	-525	11	74718	75254	WP_073089628.1#10	NZ_FQWY01000006.1	GCF_900129805.1
WP_073089626.1#10|Thermosyntropha_lipolytica_DSM_11003	387	-	+	12	1	387	74342	74728	WP_073089626.1#10	NZ_FQWY01000006.1	GCF_900129805.1
WP_073089626.1#10|Thermosyntropha_lipolytica_DSM_11003	1428	-	+	2	505	1932	72797	74224	WP_073089678.1#10	NZ_FQWY01000006.1	GCF_900129805.1
WP_073089626.1#10|Thermosyntropha_lipolytica_DSM_11003	195	-	+	4	1990	2184	72545	72739	WP_073089625.1#10	NZ_FQWY01000006.1	GCF_900129805.1
WP_073089626.1#10|Thermosyntropha_lipolytica_DSM_11003	477	-	+	7	2202	2678	72051	72527	WP_073089623.1#10	NZ_FQWY01000006.1	GCF_900129805.1
WP_073089626.1#10|Thermosyntropha_lipolytica_DSM_11003	993	-	+	6	2708	3700	71029	72021	WP_073089621.1#10	NZ_FQWY01000006.1	GCF_900129805.1



WP_088554172.1#46|Calderihabitans_maritimus	1317	+	+	11	-3508	-2192	18777	20093	WP_088554168.1#46	NZ_BDGJ01000111.1	GCF_002207765.1
WP_088554172.1#46|Calderihabitans_maritimus	453	+	+	5	-2177	-1725	20108	20560	WP_088554169.1#46	NZ_BDGJ01000111.1	GCF_002207765.1
WP_088554172.1#46|Calderihabitans_maritimus	1245	+	+	1	-1724	-480	20561	21805	WP_088554170.1#46	NZ_BDGJ01000111.1	GCF_002207765.1
WP_088554172.1#46|Calderihabitans_maritimus	456	+	+	3	-466	-11	21819	22274	WP_088554171.1#46	NZ_BDGJ01000111.1	GCF_002207765.1
WP_088554172.1#46|Calderihabitans_maritimus	381	+	+	12	1	381	22286	22666	WP_088554172.1#46	NZ_BDGJ01000111.1	GCF_002207765.1
WP_088554172.1#46|Calderihabitans_maritimus	1626	+	+	2	484	2109	22769	24394	WP_192868164.1#46	NZ_BDGJ01000111.1	GCF_002207765.1
WP_088554172.1#46|Calderihabitans_maritimus	798	+	+	8	2156	2953	24441	25238	WP_088554174.1#46	NZ_BDGJ01000111.1	GCF_002207765.1
WP_088554172.1#46|Calderihabitans_maritimus	777	+	+	9	2946	3722	25231	26007	WP_088554175.1#46	NZ_BDGJ01000111.1	GCF_002207765.1
WP_088554172.1#46|Calderihabitans_maritimus	459	+	+	7	3694	4152	25979	26437	WP_088554176.1#46	NZ_BDGJ01000111.1	GCF_002207765.1



WP_148865570.1#29|Thermosediminibacter_litoriperuensis	459	-	+	5	-2727	-2269	71705	72163	WP_148865577.1#29	NZ_VNHO01000001.1	GCF_008124715.1
WP_148865570.1#29|Thermosediminibacter_litoriperuensis	558	-	+	1	-2266	-1709	71145	71702	WP_246110657.1#29	NZ_VNHO01000001.1	GCF_008124715.1
WP_148865570.1#29|Thermosediminibacter_litoriperuensis	1245	-	+	1	-1674	-430	69866	71110	WP_148865574.1#29	NZ_VNHO01000001.1	GCF_008124715.1
WP_148865570.1#29|Thermosediminibacter_litoriperuensis	390	-	+	3	-414	-25	69461	69850	WP_148865572.1#29	NZ_VNHO01000001.1	GCF_008124715.1
WP_148865570.1#29|Thermosediminibacter_litoriperuensis	390	-	+	12	1	390	69046	69435	WP_148865570.1#29	NZ_VNHO01000001.1	GCF_008124715.1
WP_148865570.1#29|Thermosediminibacter_litoriperuensis	1209	-	+	2	481	1689	67747	68955	WP_148865568.1#29	NZ_VNHO01000001.1	GCF_008124715.1
WP_148865570.1#29|Thermosediminibacter_litoriperuensis	195	-	+	4	1742	1936	67500	67694	WP_148865566.1#29	NZ_VNHO01000001.1	GCF_008124715.1
WP_148865570.1#29|Thermosediminibacter_litoriperuensis	807	-	+	8	1936	2742	66694	67500	WP_148865564.1#29	NZ_VNHO01000001.1	GCF_008124715.1
WP_148865570.1#29|Thermosediminibacter_litoriperuensis	753	-	+	9	2720	3472	65964	66716	WP_425473425.1#29	NZ_VNHO01000001.1	GCF_008124715.1



WP_025746592.1#38|Caldicoprobacter_faecalis	465	+	+	5	-2925	-2461	28886	29350	WP_025746588.1#38	NZ_FOXR01000001.1	GCF_900115765.1
WP_025746592.1#38|Caldicoprobacter_faecalis	603	+	+	1	-2474	-1872	29337	29939	WP_025746589.1#38	NZ_FOXR01000001.1	GCF_900115765.1
WP_025746592.1#38|Caldicoprobacter_faecalis	1374	+	+	1	-1818	-445	29993	31366	WP_242948212.1#38	NZ_FOXR01000001.1	GCF_900115765.1
WP_025746592.1#38|Caldicoprobacter_faecalis	429	+	+	3	-429	-1	31382	31810	WP_025746591.1#38	NZ_FOXR01000001.1	GCF_900115765.1
WP_025746592.1#38|Caldicoprobacter_faecalis	402	+	+	12	1	402	31812	32213	WP_025746592.1#38	NZ_FOXR01000001.1	GCF_900115765.1
WP_025746592.1#38|Caldicoprobacter_faecalis	1671	+	+	2	487	2157	32298	33968	WP_092281781.1#38	NZ_FOXR01000001.1	GCF_900115765.1
WP_025746592.1#38|Caldicoprobacter_faecalis	216	+	+	4	2228	2443	34039	34254	WP_025746594.1#38	NZ_FOXR01000001.1	GCF_900115765.1
WP_025746592.1#38|Caldicoprobacter_faecalis	786	+	+	8	2449	3234	34260	35045	WP_025746595.1#38	NZ_FOXR01000001.1	GCF_900115765.1
WP_025746592.1#38|Caldicoprobacter_faecalis	795	+	+	9	3236	4030	35047	35841	WP_092281782.1#38	NZ_FOXR01000001.1	GCF_900115765.1



WP_149543969.1#30|Calorimonas_adulescens	465	-	+	5	-2927	-2463	44389	44853	WP_149543972.1#30	NZ_VTPS01000001.1	GCF_008274215.1
WP_149543969.1#30|Calorimonas_adulescens	750	-	+	1	-2479	-1730	43656	44405	WP_149543971.1#30	NZ_VTPS01000001.1	GCF_008274215.1
WP_149543969.1#30|Calorimonas_adulescens	1287	-	+	1	-1703	-417	42343	43629	WP_149543970.1#30	NZ_VTPS01000001.1	GCF_008274215.1
WP_149543969.1#30|Calorimonas_adulescens	396	-	+	3	-406	-11	41937	42332	WP_238988747.1#30	NZ_VTPS01000001.1	GCF_008274215.1
WP_149543969.1#30|Calorimonas_adulescens	369	-	+	12	1	369	41557	41925	WP_149543969.1#30	NZ_VTPS01000001.1	GCF_008274215.1
WP_149543969.1#30|Calorimonas_adulescens	1269	-	+	2	449	1717	40209	41477	WP_149543968.1#30	NZ_VTPS01000001.1	GCF_008274215.1
WP_149543969.1#30|Calorimonas_adulescens	204	-	+	4	1771	1974	39952	40155	WP_149543967.1#30	NZ_VTPS01000001.1	GCF_008274215.1
WP_149543969.1#30|Calorimonas_adulescens	810	-	+	8	1984	2793	39133	39942	WP_149543966.1#30	NZ_VTPS01000001.1	GCF_008274215.1
WP_149543969.1#30|Calorimonas_adulescens	741	-	+	9	2777	3517	38409	39149	WP_149543965.1#30	NZ_VTPS01000001.1	GCF_008274215.1



WP_127017225.1#27|Anoxybacter_fermentans	471	-	+	5	-2870	-2400	2443581	2444051	WP_127017229.1#27	NZ_CP016379.1	GCF_003991135.1
WP_127017225.1#27|Anoxybacter_fermentans	546	-	+	1	-2403	-1858	2443039	2443584	WP_127017228.1#27	NZ_CP016379.1	GCF_003991135.1
WP_127017225.1#27|Anoxybacter_fermentans	1320	-	+	1	-1821	-502	2441683	2443002	WP_127017227.1#27	NZ_CP016379.1	GCF_003991135.1
WP_127017225.1#27|Anoxybacter_fermentans	474	-	+	3	-490	-17	2441198	2441671	WP_127017226.1#27	NZ_CP016379.1	GCF_003991135.1
WP_127017225.1#27|Anoxybacter_fermentans	393	-	+	12	1	393	2440788	2441180	WP_127017225.1#27	NZ_CP016379.1	GCF_003991135.1
WP_127017225.1#27|Anoxybacter_fermentans	1848	-	+	2	507	2354	2438827	2440674	WP_127017224.1#27	NZ_CP016379.1	GCF_003991135.1
WP_127017225.1#27|Anoxybacter_fermentans	201	-	+	4	2433	2633	2438548	2438748	WP_127017223.1#27	NZ_CP016379.1	GCF_003991135.1
WP_127017225.1#27|Anoxybacter_fermentans	804	-	+	8	2653	3456	2437725	2438528	WP_127017222.1#27	NZ_CP016379.1	GCF_003991135.1
WP_127017225.1#27|Anoxybacter_fermentans	759	-	+	9	3449	4207	2436974	2437732	WP_127017221.1#27	NZ_CP016379.1	GCF_003991135.1



WP_132014784.1#28|Hydrogenispora_ethanolica	474	+	+	5	-3411	-2938	71881	72354	WP_132014780.1#28	NZ_SLUN01000015.1	GCF_004340685.1
WP_132014784.1#28|Hydrogenispora_ethanolica	582	+	+	1	-2937	-2356	72355	72936	WP_132014781.1#28	NZ_SLUN01000015.1	GCF_004340685.1
WP_132014784.1#28|Hydrogenispora_ethanolica	1674	+	+	1	-2307	-634	72985	74658	WP_132014782.1#28	NZ_SLUN01000015.1	GCF_004340685.1
WP_132014784.1#28|Hydrogenispora_ethanolica	612	+	+	3	-613	-2	74679	75290	WP_132014783.1#28	NZ_SLUN01000015.1	GCF_004340685.1
WP_132014784.1#28|Hydrogenispora_ethanolica	396	+	+	12	1	396	75293	75688	WP_132014784.1#28	NZ_SLUN01000015.1	GCF_004340685.1
WP_132014784.1#28|Hydrogenispora_ethanolica	1551	+	+	2	485	2035	75777	77327	WP_132014785.1#28	NZ_SLUN01000015.1	GCF_004340685.1
WP_132014784.1#28|Hydrogenispora_ethanolica	207	+	+	4	2095	2301	77387	77593	WP_132014786.1#28	NZ_SLUN01000015.1	GCF_004340685.1
WP_132014784.1#28|Hydrogenispora_ethanolica	813	+	+	8	2363	3175	77655	78467	WP_132014787.1#28	NZ_SLUN01000015.1	GCF_004340685.1
WP_132014784.1#28|Hydrogenispora_ethanolica	780	+	+	9	3168	3947	78460	79239	WP_132014788.1#28	NZ_SLUN01000015.1	GCF_004340685.1



WP_015923401.1#4|Halothermothrix_orenii_H_168	438	-	+	5	-3118	-2681	1805596	1806033	WP_015923405.1#4	NC_011899.1	GCF_000020485.1
WP_015923401.1#4|Halothermothrix_orenii_H_168	531	-	+	1	-2679	-2149	1805064	1805594	WP_015923404.1#4	NC_011899.1	GCF_000020485.1
WP_015923401.1#4|Halothermothrix_orenii_H_168	1515	-	+	1	-1984	-470	1803385	1804899	WP_041606011.1#4	NC_011899.1	GCF_000020485.1
WP_015923401.1#4|Halothermothrix_orenii_H_168	429	-	+	3	-453	-25	1802940	1803368	WP_015923402.1#4	NC_011899.1	GCF_000020485.1
WP_015923401.1#4|Halothermothrix_orenii_H_168	399	-	+	12	1	399	1802516	1802914	WP_015923401.1#4	NC_011899.1	GCF_000020485.1
WP_015923401.1#4|Halothermothrix_orenii_H_168	1572	-	+	2	523	2094	1800821	1802392	WP_226984153.1#4	NC_011899.1	GCF_000020485.1
WP_015923401.1#4|Halothermothrix_orenii_H_168	204	-	+	4	2285	2488	1800427	1800630	WP_015923399.1#4	NC_011899.1	GCF_000020485.1
WP_015923401.1#4|Halothermothrix_orenii_H_168	804	-	+	8	2493	3296	1799619	1800422	WP_015923398.1#4	NC_011899.1	GCF_000020485.1
WP_015923401.1#4|Halothermothrix_orenii_H_168	738	-	+	9	3289	4026	1798889	1799626	WP_015923397.1#4	NC_011899.1	GCF_000020485.1



WP_089747197.1#47|Candidatus_Frackibacter_sp__WG12	471	-	+	5	-3067	-2597	186603	187073	WP_089747204.1#47	NZ_FOCA01000001.1	GCF_900109985.1
WP_089747197.1#47|Candidatus_Frackibacter_sp__WG12	537	-	+	1	-2596	-2060	186066	186602	WP_089747202.1#47	NZ_FOCA01000001.1	GCF_900109985.1
WP_089747197.1#47|Candidatus_Frackibacter_sp__WG12	1557	-	+	1	-2006	-450	184456	186012	WP_255361525.1#47	NZ_FOCA01000001.1	GCF_900109985.1
WP_089747197.1#47|Candidatus_Frackibacter_sp__WG12	414	-	+	3	-433	-20	184026	184439	WP_089747199.1#47	NZ_FOCA01000001.1	GCF_900109985.1
WP_089747197.1#47|Candidatus_Frackibacter_sp__WG12	393	-	+	12	1	393	183613	184005	WP_089747197.1#47	NZ_FOCA01000001.1	GCF_900109985.1
WP_089747197.1#47|Candidatus_Frackibacter_sp__WG12	1647	-	+	2	496	2142	181864	183510	WP_089747195.1#47	NZ_FOCA01000001.1	GCF_900109985.1
WP_089747197.1#47|Candidatus_Frackibacter_sp__WG12	225	-	+	4	2248	2472	181534	181758	WP_304441010.1#47	NZ_FOCA01000001.1	GCF_900109985.1
WP_089747197.1#47|Candidatus_Frackibacter_sp__WG12	822	-	+	8	2472	3293	180713	181534	WP_089747191.1#47	NZ_FOCA01000001.1	GCF_900109985.1
WP_089747197.1#47|Candidatus_Frackibacter_sp__WG12	780	-	+	9	3250	4029	179977	180756	WP_255361516.1#47	NZ_FOCA01000001.1	GCF_900109985.1



WP_013278588.1#37|Acetohalobium_arabaticum_DSM_5501	444	-	+	5	-3150	-2707	1738139	1738582	WP_041667333.1#37	NC_014378.1	GCF_000144695.1
WP_013278588.1#37|Acetohalobium_arabaticum_DSM_5501	540	-	+	1	-2686	-2147	1737579	1738118	WP_013278591.1#37	NC_014378.1	GCF_000144695.1
WP_013278588.1#37|Acetohalobium_arabaticum_DSM_5501	1647	-	+	1	-2099	-453	1735885	1737531	WP_013278590.1#37	NC_014378.1	GCF_000144695.1
WP_013278588.1#37|Acetohalobium_arabaticum_DSM_5501	417	-	+	3	-437	-21	1735453	1735869	WP_013278589.1#37	NC_014378.1	GCF_000144695.1
WP_013278588.1#37|Acetohalobium_arabaticum_DSM_5501	387	-	+	12	1	387	1735045	1735431	WP_013278588.1#37	NC_014378.1	GCF_000144695.1
WP_013278588.1#37|Acetohalobium_arabaticum_DSM_5501	1674	-	+	2	480	2153	1733279	1734952	WP_013278587.1#37	NC_014378.1	GCF_000144695.1
WP_013278588.1#37|Acetohalobium_arabaticum_DSM_5501	192	-	+	4	2227	2418	1733014	1733205	WP_013278586.1#37	NC_014378.1	GCF_000144695.1
WP_013278588.1#37|Acetohalobium_arabaticum_DSM_5501	816	-	+	8	2446	3261	1732171	1732986	WP_013278585.1#37	NC_014378.1	GCF_000144695.1
WP_013278588.1#37|Acetohalobium_arabaticum_DSM_5501	747	-	+	9	3248	3994	1731438	1732184	WP_013278584.1#37	NC_014378.1	GCF_000144695.1



WP_078809895.1#11|Selenihalanaerobacter_shriftii	465	+	+	5	-3086	-2622	81218	81682	WP_078809891.1#11	NZ_FUWM01000010.1	GCF_900167185.1
WP_078809895.1#11|Selenihalanaerobacter_shriftii	534	+	+	1	-2603	-2070	81701	82234	WP_078809892.1#11	NZ_FUWM01000010.1	GCF_900167185.1
WP_078809895.1#11|Selenihalanaerobacter_shriftii	1587	+	+	1	-2037	-451	82267	83853	WP_078809893.1#11	NZ_FUWM01000010.1	GCF_900167185.1
WP_078809895.1#11|Selenihalanaerobacter_shriftii	414	+	+	3	-435	-22	83869	84282	WP_078809894.1#11	NZ_FUWM01000010.1	GCF_900167185.1
WP_078809895.1#11|Selenihalanaerobacter_shriftii	393	+	+	12	1	393	84305	84697	WP_078809895.1#11	NZ_FUWM01000010.1	GCF_900167185.1
WP_078809895.1#11|Selenihalanaerobacter_shriftii	1635	+	+	2	496	2130	84800	86434	WP_078809896.1#11	NZ_FUWM01000010.1	GCF_900167185.1
WP_078809895.1#11|Selenihalanaerobacter_shriftii	192	+	+	4	2267	2458	86571	86762	WP_078809897.1#11	NZ_FUWM01000010.1	GCF_900167185.1
WP_078809895.1#11|Selenihalanaerobacter_shriftii	819	+	+	8	2486	3304	86790	87608	WP_078809898.1#11	NZ_FUWM01000010.1	GCF_900167185.1
WP_078809895.1#11|Selenihalanaerobacter_shriftii	747	+	+	9	3291	4037	87595	88341	WP_078809899.1#11	NZ_FUWM01000010.1	GCF_900167185.1



WP_027338695.1#20|Halonatronum_saccharophilum_DSM_13868	459	+	+	5	-2839	-2381	171425	171883	WP_027338691.1#20	NZ_KI912091.1	GCF_000517025.1
WP_027338695.1#20|Halonatronum_saccharophilum_DSM_13868	546	+	+	1	-2364	-1819	171900	172445	WP_027338692.1#20	NZ_KI912091.1	GCF_000517025.1
WP_027338695.1#20|Halonatronum_saccharophilum_DSM_13868	1353	+	+	1	-1803	-451	172461	173813	WP_027338693.1#20	NZ_KI912091.1	GCF_000517025.1
WP_027338695.1#20|Halonatronum_saccharophilum_DSM_13868	417	+	+	3	-436	-20	173828	174244	WP_027338694.1#20	NZ_KI912091.1	GCF_000517025.1
WP_027338695.1#20|Halonatronum_saccharophilum_DSM_13868	381	+	+	12	1	381	174265	174645	WP_027338695.1#20	NZ_KI912091.1	GCF_000517025.1
WP_027338695.1#20|Halonatronum_saccharophilum_DSM_13868	1335	+	+	2	552	1886	174816	176150	WP_027338696.1#20	NZ_KI912091.1	GCF_000517025.1
WP_027338695.1#20|Halonatronum_saccharophilum_DSM_13868	201	+	+	4	1982	2182	176246	176446	WP_245579407.1#20	NZ_KI912091.1	GCF_000517025.1
WP_027338695.1#20|Halonatronum_saccharophilum_DSM_13868	798	+	+	8	2198	2995	176462	177259	WP_027338698.1#20	NZ_KI912091.1	GCF_000517025.1
WP_027338695.1#20|Halonatronum_saccharophilum_DSM_13868	729	+	+	9	2982	3710	177246	177974	WP_027338699.1#20	NZ_KI912091.1	GCF_000517025.1



WP_097016455.1#24|Orenia_metallireducens	465	+	+	5	-2987	-2523	41149	41613	WP_097016458.1#24	NZ_JBSQYJ010000007.1	GCF_055140725.1
WP_097016455.1#24|Orenia_metallireducens	543	+	+	1	-2403	-1861	41733	42275	WP_463168236.1#24	NZ_JBSQYJ010000007.1	GCF_055140725.1
WP_097016455.1#24|Orenia_metallireducens	1323	+	+	1	-1846	-524	42290	43612	WP_463168238.1#24	NZ_JBSQYJ010000007.1	GCF_055140725.1
WP_097016455.1#24|Orenia_metallireducens	495	+	+	3	-509	-15	43627	44121	WP_253250651.1#24	NZ_JBSQYJ010000007.1	GCF_055140725.1
WP_097016455.1#24|Orenia_metallireducens	387	+	+	12	1	387	44137	44523	WP_097016455.1#24	NZ_JBSQYJ010000007.1	GCF_055140725.1
WP_097016455.1#24|Orenia_metallireducens	1326	+	+	2	591	1916	44727	46052	WP_463168241.1#24	NZ_JBSQYJ010000007.1	GCF_055140725.1
WP_097016455.1#24|Orenia_metallireducens	201	+	+	4	2031	2231	46167	46367	WP_253250650.1#24	NZ_JBSQYJ010000007.1	GCF_055140725.1
WP_097016455.1#24|Orenia_metallireducens	795	+	+	8	2247	3041	46383	47177	WP_097016453.1#24	NZ_JBSQYJ010000007.1	GCF_055140725.1
WP_097016455.1#24|Orenia_metallireducens	723	+	+	9	3028	3750	47164	47886	WP_463168243.1#24	NZ_JBSQYJ010000007.1	GCF_055140725.1



WP_068716627.1#45|Orenia_metallireducens	465	+	+	5	-2948	-2484	302646	303110	WP_068716618.1#45	NZ_LWDV01000008.1	GCF_001693735.1
WP_068716627.1#45|Orenia_metallireducens	543	+	+	1	-2365	-1823	303229	303771	WP_068716620.1#45	NZ_LWDV01000008.1	GCF_001693735.1
WP_068716627.1#45|Orenia_metallireducens	1329	+	+	1	-1808	-480	303786	305114	WP_068716622.1#45	NZ_LWDV01000008.1	GCF_001693735.1
WP_068716627.1#45|Orenia_metallireducens	456	+	+	3	-467	-12	305127	305582	WP_068716625.1#45	NZ_LWDV01000008.1	GCF_001693735.1
WP_068716627.1#45|Orenia_metallireducens	387	+	+	12	1	387	305595	305981	WP_068716627.1#45	NZ_LWDV01000008.1	GCF_001693735.1
WP_068716627.1#45|Orenia_metallireducens	1314	+	+	2	530	1843	306124	307437	WP_068716629.1#45	NZ_LWDV01000008.1	GCF_001693735.1
WP_068716627.1#45|Orenia_metallireducens	192	+	+	4	1951	2142	307545	307736	WP_068717266.1#45	NZ_LWDV01000008.1	GCF_001693735.1
WP_068716627.1#45|Orenia_metallireducens	798	+	+	8	2158	2955	307752	308549	WP_068716631.1#45	NZ_LWDV01000008.1	GCF_001693735.1
WP_068716627.1#45|Orenia_metallireducens	723	+	+	9	2942	3664	308536	309258	WP_068716633.1#45	NZ_LWDV01000008.1	GCF_001693735.1



WP_204700064.1#55|Halanaerobacter_jeridensis	468	+	+	5	-3089	-2622	153999	154466	WP_204700061.1#55	NZ_JAFBDQ010000001.1	GCF_016908315.1
WP_204700064.1#55|Halanaerobacter_jeridensis	558	+	+	1	-2601	-2044	154487	155044	WP_204700062.1#55	NZ_JAFBDQ010000001.1	GCF_016908315.1
WP_204700064.1#55|Halanaerobacter_jeridensis	1536	+	+	1	-2016	-481	155072	156607	WP_204700063.1#55	NZ_JAFBDQ010000001.1	GCF_016908315.1
WP_204700064.1#55|Halanaerobacter_jeridensis	459	+	+	3	-464	-6	156624	157082	WP_239550834.1#55	NZ_JAFBDQ010000001.1	GCF_016908315.1
WP_204700064.1#55|Halanaerobacter_jeridensis	378	+	+	12	1	378	157089	157466	WP_204700064.1#55	NZ_JAFBDQ010000001.1	GCF_016908315.1
WP_204700064.1#55|Halanaerobacter_jeridensis	1281	+	+	2	547	1827	157635	158915	WP_204700065.1#55	NZ_JAFBDQ010000001.1	GCF_016908315.1
WP_204700064.1#55|Halanaerobacter_jeridensis	189	+	+	4	1906	2094	158994	159182	WP_338035299.1#55	NZ_JAFBDQ010000001.1	GCF_016908315.1
WP_204700064.1#55|Halanaerobacter_jeridensis	798	+	+	8	2109	2906	159197	159994	WP_204700066.1#55	NZ_JAFBDQ010000001.1	GCF_016908315.1
WP_204700064.1#55|Halanaerobacter_jeridensis	729	+	+	9	2893	3621	159981	160709	WP_204700067.1#55	NZ_JAFBDQ010000001.1	GCF_016908315.1



WP_248624838.1#33|Natroniella_acetigena	462	-	+	5	-3330	-2869	71086	71547	WP_248624846.1#33	NZ_JALKBX010000002.1	GCF_023227745.1
WP_248624838.1#33|Natroniella_acetigena	546	-	+	1	-2851	-2306	70523	71068	WP_248624844.1#33	NZ_JALKBX010000002.1	GCF_023227745.1
WP_248624838.1#33|Natroniella_acetigena	1467	-	+	1	-2039	-573	68790	70256	WP_248624842.1#33	NZ_JALKBX010000002.1	GCF_023227745.1
WP_248624838.1#33|Natroniella_acetigena	480	-	+	3	-560	-81	68298	68777	WP_248624840.1#33	NZ_JALKBX010000002.1	GCF_023227745.1
WP_248624838.1#33|Natroniella_acetigena	375	-	+	12	1	375	67842	68216	WP_248624838.1#33	NZ_JALKBX010000002.1	GCF_023227745.1
WP_248624838.1#33|Natroniella_acetigena	1491	-	+	2	879	2369	65848	67338	WP_248624836.1#33	NZ_JALKBX010000002.1	GCF_023227745.1
WP_248624838.1#33|Natroniella_acetigena	198	-	+	4	2600	2797	65420	65617	WP_345947209.1#33	NZ_JALKBX010000002.1	GCF_023227745.1
WP_248624838.1#33|Natroniella_acetigena	810	-	+	8	2808	3617	64600	65409	WP_248624902.1#33	NZ_JALKBX010000002.1	GCF_023227745.1
WP_248624838.1#33|Natroniella_acetigena	720	-	+	9	3604	4323	63894	64613	WP_248624832.1#33	NZ_JALKBX010000002.1	GCF_023227745.1



